# Blender 5.0.0
# www.blender.org
mtllib portalcube.mtl
o metal_box.mdl/metal_box_reference.smd
v -0.501064 -17.290987 7.644763
v -0.251181 -17.035732 7.652944
v -0.251181 -17.035732 7.652944
v 0.000000 -17.291737 7.661167
v -0.251181 -16.790985 7.652944
v 0.000000 -16.790985 7.661085
v 0.000000 -17.291737 7.661167
v 0.251181 -17.035732 7.652944
v 0.501064 -17.290987 7.644763
v 0.251181 -16.790985 7.652944
v -0.501064 18.050041 -7.644763
v 0.000000 18.050041 -7.661167
v 0.000000 18.688688 -7.385841
v 0.501064 18.050041 -7.644763
v 0.483057 18.688688 -7.370028
v 0.441265 18.963869 -6.732403
v 0.000000 18.963869 -6.746849
v -0.483057 18.688688 -7.370028
v -0.999983 18.050041 -7.595624
v -7.064026 18.688688 -2.142848
v -6.752929 18.050041 -3.609515
v -6.510243 18.688688 -3.479797
v -6.078012 18.050041 -4.663823
v -5.859583 18.688688 -4.496215
v -5.417264 18.050041 -5.417263
v -5.222579 18.688688 -5.222579
v -4.663823 18.050041 -6.078012
v -4.496216 18.688688 -5.859582
v -3.609516 18.050041 -6.752928
v -3.479798 18.688688 -6.510243
v -2.222729 18.050041 -7.327354
v -2.142849 18.688688 -7.064025
v -0.964046 18.688688 -7.322654
v -0.441265 18.963869 -6.732403
v 0.000000 18.963869 0.000001
v 0.441265 18.963869 6.732405
v 0.880641 18.963869 6.689129
v 1.957458 18.963869 6.452877
v 3.178740 18.963869 5.947004
v 4.107222 18.963869 5.352636
v 4.770743 18.963869 4.770743
v 5.352636 18.963869 4.107223
v 5.947004 18.963869 3.178741
v 6.452876 18.963869 1.957459
v 6.689129 18.963869 0.880641
v 7.322655 18.688688 0.964047
v 7.064026 18.688688 2.142849
v 6.510243 18.688688 3.479798
v 5.859583 18.688688 4.496216
v 5.222579 18.688688 5.222579
v 4.496216 18.688688 5.859583
v 3.479798 18.688688 6.510244
v 2.142849 18.688688 7.064026
v 0.964046 18.688688 7.322656
v 6.078012 18.050041 4.663824
v 5.417264 18.050041 5.417264
v 4.663823 18.050041 6.078013
v 3.609516 18.050041 6.752929
v 2.222729 18.050041 7.327355
v 0.999983 18.050041 7.595625
v 0.483057 18.688688 7.370028
v 0.000000 18.963869 6.746850
v -0.441265 18.963869 6.732405
v -0.880641 18.963869 6.689129
v -0.483057 18.688688 7.370028
v 0.000000 18.050041 7.661168
v -0.501064 18.050041 7.644764
v 0.000000 18.688688 7.385842
v 0.501064 18.050041 7.644764
v 1.957458 18.963869 -6.452875
v 0.880641 18.963869 -6.689128
v 0.964046 18.688688 -7.322654
v 3.178740 18.963869 -5.947003
v 4.107222 18.963869 -5.352635
v 4.770743 18.963869 -4.770742
v 5.352636 18.963869 -4.107222
v 5.947004 18.963869 -3.178740
v 6.452876 18.963869 -1.957458
v 6.689129 18.963869 -0.880640
v 6.732404 18.963869 -0.441264
v 7.322655 18.688688 -0.964045
v 7.064026 18.688688 -2.142848
v 6.510243 18.688688 -3.479797
v 5.859583 18.688688 -4.496215
v 5.222579 18.688688 -5.222579
v 4.496216 18.688688 -5.859582
v 3.479798 18.688688 -6.510243
v 2.142849 18.688688 -7.064025
v 0.999983 18.050041 -7.595624
v 2.222729 18.050041 -7.327354
v 3.609516 18.050041 -6.752928
v 4.663823 18.050041 -6.078012
v 5.417264 18.050041 -5.417263
v 6.078012 18.050041 -4.663823
v 6.752929 18.050041 -3.609515
v 7.327355 18.050041 -2.222728
v 7.595625 18.050041 -0.999982
v 7.370028 18.688688 -0.483056
v 6.746850 18.963869 0.000001
v 6.732404 18.963869 0.441266
v 7.370028 18.688688 0.483058
v 7.644763 18.050041 0.501065
v 7.595625 18.050041 0.999984
v 7.327355 18.050041 2.222728
v 6.752929 18.050041 3.609515
v 7.661167 18.050041 0.000001
v 7.385842 18.688688 0.000001
v 7.644763 18.050041 -0.501064
v -6.732404 18.963869 -0.441264
v -7.385842 18.688688 0.000001
v -7.370028 18.688688 -0.483056
v -6.746850 18.963869 0.000001
v -6.689129 18.963869 -0.880640
v -6.452876 18.963869 -1.957458
v -5.947004 18.963869 -3.178740
v -5.352636 18.963869 -4.107222
v -4.770743 18.963869 -4.770742
v -4.107222 18.963869 -5.352635
v -3.178740 18.963869 -5.947003
v -1.957458 18.963869 -6.452875
v -0.880641 18.963869 -6.689128
v -7.322655 18.688688 -0.964045
v -6.510243 18.688688 3.479798
v -6.752929 18.050041 3.609515
v -7.327355 18.050041 2.222728
v -7.064026 18.688688 2.142849
v -6.452876 18.963869 1.957459
v -6.689129 18.963869 0.880641
v -6.732404 18.963869 0.441266
v -7.370028 18.688688 0.483058
v -7.644763 18.050041 0.501065
v -7.661167 18.050041 0.000001
v -7.644763 18.050041 -0.501064
v -7.595625 18.050041 -0.999982
v -7.327355 18.050041 -2.222728
v -7.595625 18.050041 0.999984
v -7.322655 18.688688 0.964047
v -5.947004 18.963869 3.178741
v -5.352636 18.963869 4.107223
v -4.770743 18.963869 4.770743
v -5.222579 18.688688 5.222579
v -4.496216 18.688688 5.859583
v -4.107222 18.963869 5.352636
v -3.479798 18.688688 6.510244
v -3.178740 18.963869 5.947004
v -2.142849 18.688688 7.064026
v -1.957458 18.963869 6.452877
v -0.964046 18.688688 7.322656
v -5.859583 18.688688 4.496216
v -0.999983 18.050041 7.595625
v -2.222729 18.050041 7.327355
v -3.609516 18.050041 6.752929
v -4.663823 18.050041 6.078013
v -5.417264 18.050041 5.417264
v -6.078012 18.050041 4.663824
v 17.289484 -12.183458 -4.135319
v 17.289484 -13.778849 -4.466197
v 17.289484 -12.427837 -3.329707
v 17.289803 -17.291138 -5.690052
v 17.289804 -17.291138 -4.466197
v 17.289484 -11.539470 -5.690043
v -12.856777 -0.252383 16.789484
v -7.661233 -0.001203 16.789484
v -7.652945 -0.252383 16.789484
v -12.865112 -0.001203 16.789484
v -7.652945 0.249978 16.789484
v -12.856777 0.249978 16.789484
v 19.795681 18.017792 -17.964979
v 19.795544 18.017792 -8.151646
v 17.986137 19.794733 -8.151646
v 17.986137 19.794508 -17.965002
v -17.301739 -0.001203 18.045666
v -18.051550 4.444264 17.295881
v -17.301739 4.450503 18.045666
v -18.051550 -0.001203 17.295881
v -17.301739 -4.454031 18.045666
v -18.051550 -4.452545 17.295881
v -19.795527 -8.152847 -17.964979
v -19.795567 -18.036089 -17.964979
v -18.035717 -18.036089 -19.795366
v -18.035717 -8.152847 -19.795366
v -19.795647 18.017792 -17.964979
v -19.795527 8.150441 -17.964979
v -18.035717 8.150441 -19.795366
v -18.035717 18.017792 -19.795366
v 17.289484 -12.183458 4.135318
v 17.289484 -12.427837 3.329706
v 17.289484 -13.778849 4.465562
v 17.289484 -11.539470 5.690043
v 17.289804 -17.291138 4.465562
v 17.289803 -17.291138 5.690001
v 17.986135 8.150445 19.795155
v 17.289785 5.688851 17.288176
v 11.538268 5.688840 17.289484
v 14.119066 8.150444 19.795366
v 14.119066 -8.152849 19.795366
v 11.538268 -5.691247 17.289484
v 17.289785 -5.691206 17.288174
v 17.986135 -8.152845 19.795155
v -0.251181 -12.857980 17.034233
v -0.506433 -12.849623 17.289484
v -0.501064 -7.645967 17.289484
v -0.251181 -7.654147 17.034233
v -12.856777 0.249978 17.034233
v -12.848420 0.505230 17.289484
v -7.644763 0.499862 17.289484
v -7.652945 0.249978 17.034233
v 0.251181 -7.654147 17.034233
v 0.501064 -7.645967 17.289484
v 0.506433 -12.849623 17.289484
v 0.251181 -12.857980 17.034233
v 0.251181 12.855575 17.034233
v 0.506433 12.847219 17.289484
v 0.501064 7.643560 17.289484
v 0.251181 7.651742 17.034233
v -12.856777 0.249978 17.034233
v -7.652945 0.249978 17.034233
v -7.652945 0.249978 16.789484
v -12.856777 0.249978 16.789484
v -7.652945 -0.252383 17.034233
v -12.856777 -0.252383 17.034233
v -12.856777 -0.252383 16.789484
v -7.652945 -0.252383 16.789484
v 0.251181 -7.654147 17.034233
v 0.251181 -12.857980 17.034233
v 0.251181 -12.857980 16.789484
v 0.251181 -7.654147 16.789484
v -0.251181 -12.857980 17.034233
v -0.251181 -7.654147 17.034233
v -0.251181 -7.654147 16.789484
v -0.251181 -12.857980 16.789484
v -0.251181 7.651742 17.034233
v -0.251181 12.855575 17.034233
v -0.251181 12.855575 16.789484
v -0.251181 7.651742 16.789484
v 0.251181 12.855575 17.034233
v 0.251181 7.651742 17.034233
v 0.251181 7.651742 16.789484
v 0.251181 12.855575 16.789484
v 7.652945 0.249978 17.034233
v 12.856777 0.249978 17.034233
v 12.856777 0.249978 16.789484
v 7.652945 0.249978 16.789484
v 12.856777 -0.252383 17.034233
v 7.652945 -0.252383 17.034233
v 7.652945 -0.252383 16.789484
v 12.856777 -0.252383 16.789484
v 19.795366 14.117864 -8.151646
v 17.289484 11.537066 -5.690043
v 17.289785 17.288902 -5.690051
v 19.795544 18.017792 -8.151646
v 19.795544 18.017792 8.151643
v 17.289785 17.288902 5.690002
v 17.289484 11.537066 5.690043
v 19.795366 14.117864 8.151648
v 7.652945 0.249978 17.034233
v 7.644763 0.499862 17.289484
v 12.848420 0.505230 17.289484
v 12.856777 0.249978 17.034233
v 12.856777 -0.252383 17.034233
v 12.848420 -0.507635 17.289484
v 7.644763 -0.502267 17.289484
v 7.652945 -0.252383 17.034233
v -0.251181 7.651742 17.034233
v -0.501064 7.643560 17.289484
v -0.506433 12.847219 17.289484
v -0.251181 12.855575 17.034233
v -7.652945 -0.252383 17.034233
v -7.644763 -0.502267 17.289484
v -12.848420 -0.507635 17.289484
v -12.856777 -0.252383 17.034233
v 19.795366 8.150444 14.119066
v 17.289484 5.688841 11.538268
v 17.289785 5.688851 17.288176
v 19.795544 8.150445 18.035259
v 18.042561 -4.446683 -17.305824
v 17.289776 -4.454233 -17.289572
v 17.289484 -4.440958 -13.725337
v 18.058561 -4.440905 -14.428396
v 17.289785 4.459657 17.288174
v 17.289484 4.454321 13.687372
v 18.058561 4.446134 14.411515
v 18.058008 4.450277 17.282272
v 18.058561 3.603981 13.454726
v 18.058561 4.446134 14.411515
v 17.289484 4.454321 13.687372
v 17.289484 3.328505 12.426636
v 18.058561 -3.606385 13.454726
v 17.289484 -3.330909 12.426636
v 17.289484 -4.440962 13.738510
v 18.058561 -4.440864 14.440184
v 8.151647 -19.796869 14.119064
v 5.690044 -17.290987 11.538267
v 5.690032 -17.289526 17.288176
v 8.151646 -19.796562 18.035259
v 17.986137 -19.796951 8.151641
v 17.289803 -17.291138 5.690001
v 11.538268 -17.290987 5.690043
v 14.119066 -19.796869 8.151646
v 14.119066 -19.796869 -8.151648
v 11.538268 -17.290987 -5.690044
v 17.289803 -17.291138 -5.690052
v 17.986137 -19.796951 -8.151648
v -17.298388 4.458774 -18.059397
v -18.053848 4.444144 -17.303949
v -18.053848 -0.001201 -17.303949
v -17.298388 -0.001201 -18.059397
v -18.053848 -4.452656 -17.303949
v -17.298388 -4.463326 -18.059397
v 0.000000 17.270906 -18.040459
v -4.447336 18.039951 -17.271452
v -4.447336 17.270906 -18.040459
v 0.000000 18.039951 -17.271452
v 4.439699 17.270906 -18.040459
v 4.439723 18.039951 -17.271452
v 17.258331 18.073017 -4.466197
v 18.078299 17.252979 -4.466197
v 18.078299 17.252979 0.000001
v 17.258333 18.073017 0.000001
v 18.078299 17.252979 4.465562
v 17.258331 18.073017 4.465562
v 0.251181 -17.035732 -7.652946
v 0.251181 -17.035732 -12.856778
v 0.251181 -16.790985 -12.856778
v 0.251181 -16.790985 -7.652946
v 18.058561 -13.440119 -3.600948
v 17.289484 -12.427837 -3.329707
v 17.289484 -13.778849 -4.466197
v 18.058561 -14.450465 -4.466197
v 18.058561 -14.450465 -4.466197
v 17.289484 -13.778849 -4.466197
v 17.289804 -17.291138 -4.466197
v 18.057543 -17.239080 -4.466197
v -8.151647 -19.796869 -14.119066
v -5.690044 -17.290987 -11.538269
v -5.690032 -17.290920 -17.289566
v -8.151646 -19.796774 -17.965002
v 8.151646 -19.796774 -17.965002
v 5.690032 -17.290920 -17.289566
v 5.690044 -17.290987 -11.538269
v 8.151647 -19.796869 -14.119066
v 18.057543 -17.239080 4.465561
v 17.289804 -17.291138 4.465562
v 17.289484 -13.778849 4.465562
v 18.058561 -14.450465 4.465562
v -18.035717 -19.796932 -8.151648
v -17.289785 -17.291155 -5.690052
v -11.538268 -17.290987 -5.690044
v -14.119066 -19.796869 -8.151648
v -0.251181 -17.035732 -12.856778
v -0.251181 -17.035732 -7.652946
v -0.251181 -16.790985 -7.652946
v -0.251181 -16.790985 -12.856778
v -7.652945 -17.035732 -0.251181
v -12.856777 -17.035732 -0.251181
v -12.856777 -16.790985 -0.251181
v -7.652945 -16.790985 -0.251181
v -17.034233 -7.654146 0.251180
v -17.289484 -7.645966 0.501064
v -17.289484 -12.849623 0.506432
v -17.034233 -12.857978 0.251180
v -17.034233 -0.252382 -7.652945
v -17.289484 -0.502266 -7.644763
v -17.289484 -0.507634 -12.848420
v -17.034233 -0.252382 -12.856777
v -17.034233 12.855576 0.251181
v -17.289484 12.847219 0.506433
v -17.289484 7.643562 0.501065
v -17.034233 7.651742 0.251181
v -17.034233 7.651742 -0.251180
v -17.289484 7.643562 -0.501064
v -17.289484 12.847219 -0.506432
v -17.034233 12.855576 -0.251180
v -17.289484 12.847219 0.506433
v -17.034233 12.855576 0.251181
v -17.035580 12.863201 0.000001
v -17.291174 12.862994 0.000001
v -16.789484 12.855576 0.251181
v -16.789484 12.863201 0.000001
v -17.034233 12.855576 -0.251180
v -17.291174 12.862994 0.000001
v -17.289484 12.847219 -0.506432
v -16.789484 12.855576 -0.251180
v -17.034233 12.855576 0.251181
v -17.034233 7.651742 0.251181
v -16.789484 7.651742 0.251181
v -16.789484 12.855576 0.251181
v -17.034233 7.651742 -0.251180
v -16.789484 7.651742 -0.251180
v -16.789484 7.660164 -0.000000
v -17.290234 7.659966 -0.000000
v -17.034233 7.651742 0.251181
v -17.289484 7.643562 0.501065
v -17.289484 7.643562 -0.501064
v -16.789484 7.651742 0.251181
v -17.034233 7.651742 -0.251180
v -17.034233 12.855576 -0.251180
v -16.789484 12.855576 -0.251180
v -16.789484 7.651742 -0.251180
v -17.289484 0.505231 -12.848420
v -17.034233 0.249979 -12.856777
v -17.035580 -0.001201 -12.864141
v -17.289677 -0.001201 -12.864433
v -16.789484 0.249979 -12.856777
v -16.789484 -0.001201 -12.864141
v -17.034233 -0.252382 -12.856777
v -17.289677 -0.001201 -12.864433
v -17.289484 -0.507634 -12.848420
v -16.789484 -0.252382 -12.856777
v -17.034233 0.249979 -12.856777
v -17.034233 0.249979 -7.652945
v -16.789484 0.249979 -7.652945
v -16.789484 0.249979 -12.856777
v -17.034233 -0.252382 -7.652945
v -16.789484 -0.252382 -7.652945
v -16.789484 -0.001201 -7.661153
v -17.290234 -0.001201 -7.661167
v -17.034233 0.249979 -7.652945
v -17.289484 0.499863 -7.644763
v -17.289484 -0.502266 -7.644763
v -16.789484 0.249979 -7.652945
v -17.034233 -0.252382 -7.652945
v -17.034233 -0.252382 -12.856777
v -16.789484 -0.252382 -12.856777
v -16.789484 -0.252382 -7.652945
v -17.289484 -0.507635 12.848420
v -17.034233 -0.252383 12.856777
v -17.035580 -0.001202 12.864849
v -17.289677 -0.001202 12.864608
v -16.789484 -0.252383 12.856777
v -16.789484 -0.001202 12.864849
v -17.034233 0.249978 12.856777
v -17.289677 -0.001202 12.864608
v -17.289484 0.505230 12.848420
v -16.789484 0.249978 12.856777
v -17.034233 -0.252383 12.856777
v -17.034233 -0.252383 7.652945
v -16.789484 -0.252383 7.652945
v -16.789484 -0.252383 12.856777
v -17.034233 0.249979 7.652945
v -16.789484 0.249979 7.652945
v -16.789484 -0.001202 7.661086
v -17.290234 -0.001202 7.661167
v -17.034233 -0.252383 7.652945
v -17.289484 -0.502266 7.644763
v -17.289484 0.499862 7.644763
v -16.789484 -0.252383 7.652945
v -17.034233 0.249979 7.652945
v -17.034233 0.249978 12.856777
v -16.789484 0.249978 12.856777
v -16.789484 0.249979 7.652945
v -17.034233 -7.654146 0.251180
v -16.789484 -7.654146 0.251180
v -16.789484 -7.662436 0.000000
v -17.290234 -7.662369 0.000000
v -17.034233 -7.654146 -0.251181
v -17.289484 -7.645966 -0.501065
v -17.289484 -7.645966 0.501064
v -16.789484 -7.654146 -0.251181
v -17.034233 -7.654146 0.251180
v -17.034233 -12.857978 0.251180
v -16.789484 -12.857978 0.251180
v -16.789484 -7.654146 0.251180
v -17.289484 -12.849623 -0.506433
v -17.034233 -12.857978 -0.251181
v -17.035580 -12.866314 -0.000001
v -17.291174 -12.866720 -0.000001
v -16.789484 -12.857978 -0.251181
v -16.789484 -12.866314 -0.000001
v -17.034233 -12.857978 0.251180
v -17.291174 -12.866720 -0.000001
v -17.289484 -12.849623 0.506432
v -16.789484 -12.857978 0.251180
v -17.034233 -12.857978 -0.251181
v -17.034233 -7.654146 -0.251181
v -16.789484 -7.654146 -0.251181
v -16.789484 -12.857978 -0.251181
v -17.034233 0.249979 -12.856777
v -17.289484 0.505231 -12.848420
v -17.289484 0.499863 -7.644763
v -17.034233 0.249979 -7.652945
v -17.034233 0.249979 7.652945
v -17.289484 0.499862 7.644763
v -17.289484 0.505230 12.848420
v -17.034233 0.249978 12.856777
v -17.034233 -12.857978 -0.251181
v -17.289484 -12.849623 -0.506433
v -17.289484 -7.645966 -0.501065
v -17.034233 -7.654146 -0.251181
v -17.034233 -0.252383 12.856777
v -17.289484 -0.507635 12.848420
v -17.289484 -0.502266 7.644763
v -17.034233 -0.252383 7.652945
v -19.795366 14.117864 8.151648
v -17.289484 11.537066 5.690043
v -17.289803 17.288885 5.690002
v -19.795527 18.017792 8.151643
v -19.795527 18.017792 -8.151646
v -17.289803 17.288885 -5.690051
v -17.289484 11.537066 -5.690043
v -19.795366 14.117864 -8.151646
v -19.795527 -8.152847 -17.964979
v -17.289803 -5.691256 -17.289566
v -17.289484 -5.691244 -11.538268
v -19.795366 -8.152847 -14.119066
v -19.795366 8.150446 -14.119066
v -17.289484 5.688843 -11.538268
v -17.289803 5.688803 -17.289566
v -19.795527 8.150441 -17.964979
v -19.795366 -14.120267 -8.151648
v -17.289484 -11.539470 -5.690043
v -17.289785 -17.291155 -5.690052
v -19.795544 -18.036089 -8.151648
v -19.795544 -18.036089 8.151641
v -17.289785 -17.291155 5.690001
v -17.289484 -11.539470 5.690043
v -19.795366 -14.120267 8.151646
v -19.795366 -8.152849 14.119066
v -17.289484 -5.691247 11.538268
v -17.289803 -5.691235 17.288176
v -19.795527 -8.152847 18.035259
v -18.058561 13.437716 -3.600947
v -17.289484 12.425434 -3.329706
v -17.289484 13.776445 -4.466197
v -18.058561 14.448060 -4.466197
v -18.062393 17.313046 4.465562
v -17.331940 18.043539 4.465562
v -17.289804 17.288885 4.465563
v -17.289484 13.776445 4.465562
v -18.058561 14.448060 4.465562
v -14.119066 -8.152847 -19.795366
v -18.035717 -8.152847 -19.795366
v -18.035717 -18.036089 -19.795366
v -12.934272 -9.926017 -19.795366
v -11.528170 -11.529370 -19.795366
v -9.924815 -12.935473 -19.795366
v -8.151647 -14.120267 -19.795366
v -8.151646 -18.036089 -19.795366
v -8.151647 14.117866 -19.795366
v -8.151649 18.017792 -19.795366
v -18.035717 18.017792 -19.795366
v -9.924815 12.933071 -19.795366
v -11.528170 11.526968 -19.795366
v -12.934272 9.923615 -19.795366
v -14.119066 8.150446 -19.795366
v -18.035717 8.150441 -19.795366
v -0.251181 -7.654147 16.789484
v 0.000000 -12.866052 16.789484
v -0.251181 -12.857980 16.789484
v 0.000000 -7.662289 16.789484
v 0.251181 -12.857980 16.789484
v 0.251181 -7.654147 16.789484
v -18.058561 -4.448537 -14.428396
v -17.289484 -4.456733 -13.725337
v -17.289804 -4.462065 -17.289566
v -18.053848 -4.452656 -17.303949
v -19.795527 8.150442 18.035259
v -17.289803 5.688824 17.288174
v -17.289484 5.688841 11.538268
v -19.795366 8.150444 14.119066
v -18.058561 4.438457 14.440184
v -17.289484 4.438557 13.738510
v -17.289804 4.451773 17.288174
v -18.051550 4.444264 17.295881
v -17.301739 4.450503 18.045666
v 0.251181 7.651742 16.789484
v 0.000000 12.862939 16.789484
v 0.251181 12.855575 16.789484
v 0.000000 7.659949 16.789484
v -0.251181 12.855575 16.789484
v -0.251181 7.651742 16.789484
v -17.289484 4.438557 13.738510
v -18.058561 4.438457 14.440184
v -18.058561 3.603981 13.454726
v -17.289484 3.328505 12.426636
v -18.058561 -3.606385 13.454726
v -18.058561 -4.448538 14.411515
v -17.289484 -4.456728 13.687372
v -17.289484 -3.330909 12.426636
v -18.053848 4.444144 -17.303949
v -17.289804 4.451460 -17.289566
v -17.289484 4.438558 -13.725337
v -18.058561 4.438502 -14.428396
v 8.151647 -14.120267 -19.795366
v 8.151646 -18.036089 -19.795366
v 17.986135 -18.036089 -19.795366
v 9.924815 -12.935473 -19.795366
v 11.528170 -11.529370 -19.795366
v 12.934272 -9.926017 -19.795366
v 14.119066 -8.152847 -19.795366
v 17.986135 -8.152845 -19.795366
v -14.119066 -19.796869 8.151646
v -11.538268 -17.290987 5.690043
v -17.289785 -17.291155 5.690001
v -18.035717 -19.796932 8.151641
v 4.439723 17.293177 18.056601
v 4.439756 17.288668 17.288174
v 4.439758 13.724132 17.289484
v 4.439703 14.427194 18.058561
v 17.034233 7.651742 0.251181
v 17.289484 7.643562 0.501065
v 17.289484 12.847219 0.506433
v 17.034233 12.855576 0.251181
v 17.034233 0.249979 -7.652945
v 17.289484 0.499863 -7.644763
v 17.289484 0.505231 -12.848420
v 17.034233 0.249979 -12.856777
v -18.051550 -4.452545 17.295881
v -17.301739 -4.454031 18.045666
v -17.289804 -4.461747 17.288174
v -18.058561 -4.448538 14.411515
v -17.289484 -4.456728 13.687372
v 7.652945 -0.252383 16.789484
v 12.864404 -0.001203 16.789484
v 12.856777 -0.252383 16.789484
v 7.661366 -0.001203 16.789484
v 12.856777 0.249978 16.789484
v 7.652945 0.249978 16.789484
v -18.058561 -13.440119 3.600947
v -17.289484 -12.427837 3.329706
v -17.289484 -13.726134 4.465563
v -18.058561 -14.461955 4.465562
v 17.034233 -12.857978 0.251180
v 17.289484 -12.849623 0.506432
v 17.289484 -7.645966 0.501064
v 17.034233 -7.654146 0.251180
v 17.034233 -7.654146 -0.251181
v 17.289484 -7.645966 -0.501065
v 17.289484 -12.849623 -0.506433
v 17.034233 -12.857978 -0.251181
v 0.251181 -17.035732 12.856775
v 0.506433 -17.290987 12.848420
v 0.501064 -17.290987 7.644763
v 0.251181 -17.035732 7.652944
v 12.856777 -17.035732 -0.251181
v 12.848420 -17.290987 -0.506433
v 7.644763 -17.290987 -0.501065
v 7.652945 -17.035732 -0.251181
v -0.251181 -17.035732 7.652944
v -0.501064 -17.290987 7.644763
v -0.506433 -17.290987 12.848420
v -0.251181 -17.035732 12.856775
v -0.251181 -17.035732 -12.856778
v -0.506433 -17.290987 -12.848422
v -0.501064 -17.290987 -7.644764
v -0.251181 -17.035732 -7.652946
v -18.058561 -14.461955 4.465562
v -17.289484 -13.726134 4.465563
v -17.289785 -17.291157 4.465562
v -18.056961 -17.283316 4.465561
v -18.056961 -17.283316 -4.466197
v -17.289785 -17.291157 -4.466197
v -17.289484 -13.726134 -4.466197
v -18.058561 -14.461955 -4.466197
v 17.289484 -12.849623 0.506432
v 17.034233 -12.857978 0.251180
v 17.035580 -12.865604 -0.000001
v 17.291174 -12.865397 -0.000001
v 16.789484 -12.857978 0.251180
v 16.789484 -12.865604 -0.000001
v 17.034233 -12.857978 -0.251181
v 17.291174 -12.865397 -0.000001
v 17.289484 -12.849623 -0.506433
v 16.789484 -12.857978 -0.251181
v 17.034233 -12.857978 0.251180
v 17.034233 -7.654146 0.251180
v 16.789484 -7.654146 0.251180
v 16.789484 -12.857978 0.251180
v 17.034233 -7.654146 -0.251181
v 16.789484 -7.654146 -0.251181
v 16.789484 -7.662568 0.000000
v 17.290234 -7.662369 0.000000
v 17.034233 -7.654146 0.251180
v 17.289484 -7.645966 0.501064
v 17.289484 -7.645966 -0.501065
v 16.789484 -7.654146 0.251180
v 17.034233 -7.654146 -0.251181
v 17.034233 -12.857978 -0.251181
v 16.789484 -12.857978 -0.251181
v 16.789484 -7.654146 -0.251181
v 17.289484 -0.507634 -12.848420
v 17.034233 -0.252382 -12.856777
v 17.035580 -0.001201 -12.864141
v 17.289677 -0.001201 -12.864433
v 16.789484 -0.252382 -12.856777
v 16.789484 -0.001201 -12.864141
v 17.034233 0.249979 -12.856777
v 17.289677 -0.001201 -12.864433
v 17.289484 0.505231 -12.848420
v 16.789484 0.249979 -12.856777
v 17.034233 -0.252382 -12.856777
v 17.034233 -0.252382 -7.652945
v 16.789484 -0.252382 -7.652945
v 16.789484 -0.252382 -12.856777
v 17.034233 0.249979 -7.652945
v 16.789484 0.249979 -7.652945
v 16.789484 -0.001201 -7.661153
v 17.290234 -0.001201 -7.661167
v 17.034233 -0.252382 -7.652945
v 17.289484 -0.502266 -7.644763
v 17.289484 0.499863 -7.644763
v 16.789484 -0.252382 -7.652945
v 17.034233 0.249979 -7.652945
v 17.034233 0.249979 -12.856777
v 16.789484 0.249979 -12.856777
v 16.789484 0.249979 -7.652945
v 17.289484 0.505230 12.848420
v 17.034233 0.249978 12.856777
v 17.035580 -0.001202 12.864849
v 17.289677 -0.001202 12.864608
v 16.789484 0.249978 12.856777
v 16.789484 -0.001202 12.864849
v 17.034233 -0.252383 12.856777
v 17.289677 -0.001202 12.864608
v 17.289484 -0.507635 12.848420
v 16.789484 -0.252383 12.856777
v 17.034233 0.249978 12.856777
v 17.034233 0.249979 7.652945
v 16.789484 0.249979 7.652945
v 16.789484 0.249978 12.856777
v 17.034233 -0.252383 7.652945
v 16.789484 -0.252383 7.652945
v 16.789484 -0.001202 7.661086
v 17.290234 -0.001202 7.661167
v 17.034233 0.249979 7.652945
v 17.289484 0.499862 7.644763
v 17.289484 -0.502266 7.644763
v 16.789484 0.249979 7.652945
v 19.795544 -8.152845 18.035259
v 17.289785 -5.691206 17.288174
v 17.289484 -5.691247 11.538268
v 19.795366 -8.152849 14.119066
v 17.034233 -0.252383 7.652945
v 17.034233 -0.252383 12.856777
v 16.789484 -0.252383 12.856777
v 16.789484 -0.252383 7.652945
v 17.034233 7.651742 0.251181
v 16.789484 7.651742 0.251181
v 16.789484 7.660031 -0.000000
v 17.290234 7.659966 -0.000000
v 17.034233 7.651742 -0.251180
v 17.289484 7.643562 -0.501064
v 17.289484 7.643562 0.501065
v 16.789484 7.651742 -0.251180
v 17.034233 7.651742 0.251181
v 17.034233 12.855576 0.251181
v 16.789484 12.855576 0.251181
v 16.789484 7.651742 0.251181
v 18.058561 -4.440864 14.440184
v 17.289484 -4.440962 13.738510
v 17.289785 -4.453861 17.288174
v 18.058008 -4.446532 17.282272
v -8.151646 -19.796562 18.035259
v -5.690032 -17.289526 17.288174
v -5.690044 -17.290987 11.538267
v -8.151647 -19.796869 14.119064
v -8.151649 18.017792 19.795155
v -5.690060 17.288668 17.288176
v -5.690044 11.537066 17.289484
v -8.151647 14.117864 19.795366
v 8.151647 14.117864 19.795366
v 5.690044 11.537066 17.289484
v 5.690003 17.288668 17.288174
v 8.151643 18.017792 19.795155
v -3.605183 13.453524 18.058561
v -3.329707 12.425433 17.289484
v -4.455532 13.724132 17.289484
v -4.447337 14.427194 18.058561
v -17.289484 -5.691247 11.538268
v -19.795366 -8.152849 14.119066
v -17.289484 -6.433702 11.141417
v -17.289484 -7.832918 10.206491
v -19.795366 -9.926019 12.934272
v -17.289484 -9.098129 9.096929
v -19.795366 -11.529372 11.528169
v -17.289484 -10.207692 7.831715
v -19.795366 -12.935474 9.924815
v -17.289484 -11.142618 6.432499
v -19.795366 -14.120267 8.151646
v -17.289484 -11.539470 5.690043
v -17.289484 -11.539470 -5.690043
v -19.795366 -14.120267 -8.151648
v -17.289484 -11.142618 -6.432499
v -17.289484 -10.207692 -7.831716
v -19.795366 -12.935474 -9.924817
v -17.289484 -9.098129 -9.096929
v -19.795366 -11.529370 -11.528170
v -17.289484 -7.832917 -10.206491
v -19.795366 -9.926017 -12.934272
v -17.289484 -6.433701 -11.141417
v -19.795366 -8.152847 -14.119066
v -17.289484 -5.691244 -11.538268
v -17.289484 -4.136521 12.182256
v -17.289484 -3.330909 12.426636
v -17.289484 -4.456728 13.687372
v -17.289484 -5.691247 11.538268
v -17.289804 -4.461747 17.288174
v -17.289803 -5.691235 17.288176
v -17.289484 11.537066 5.690043
v -19.795366 14.117864 8.151648
v -17.289484 11.140215 6.432499
v -17.289484 10.205289 7.831716
v -19.795366 12.933069 9.924817
v -17.289484 9.095727 9.096929
v -19.795366 11.526966 11.528170
v -17.289484 7.830513 10.206491
v -19.795366 9.923613 12.934272
v -17.289484 6.431297 11.141417
v -19.795366 8.150444 14.119066
v -17.289484 5.688841 11.538268
v -17.289484 5.688843 -11.538268
v -19.795366 8.150446 -14.119066
v -17.289484 6.431299 -11.141417
v -17.289484 7.830514 -10.206491
v -19.795366 9.923615 -12.934272
v -17.289484 9.095727 -9.096929
v -19.795366 11.526968 -11.528169
v -17.289484 10.205289 -7.831715
v -19.795366 12.933069 -9.924815
v -17.289484 11.140215 -6.432499
v -19.795366 14.117864 -8.151646
v -17.289484 11.537066 -5.690043
v -14.119066 8.150444 19.795366
v -11.538268 5.688840 17.289484
v -17.289803 5.688824 17.288174
v -18.035717 8.150442 19.795155
v -18.035717 -8.152847 19.795155
v -17.289803 -5.691235 17.288176
v -11.538268 -5.691247 17.289484
v -14.119066 -8.152849 19.795366
v 0.251181 -17.035732 12.856775
v 0.251181 -17.035732 7.652944
v 0.251181 -16.790985 7.652944
v 0.251181 -16.790985 12.856775
v -17.289484 -2.223930 -7.327355
v -17.289484 -5.691244 -11.538268
v -17.289484 -4.136519 -12.182256
v -17.289484 -3.330908 -12.426636
v -17.289484 -1.001184 -7.595625
v -17.289484 -1.680421 -12.754938
v -17.289484 -0.502266 -7.644763
v -17.289484 -0.507634 -12.848420
v -17.289484 -7.596827 -0.999983
v -17.289484 -7.645966 -0.501065
v -17.289484 -12.849623 -0.506433
v -17.289484 -12.756139 -1.679220
v -17.289484 -7.328557 -2.222729
v -17.289484 -12.427837 -3.329707
v -17.289484 -12.183458 -4.135319
v -17.289484 -6.754131 -3.609515
v -17.289484 -11.539470 -5.690043
v -17.289484 -11.142618 -6.432499
v -17.289484 -6.079215 -4.663824
v -17.289484 -10.207692 -7.831716
v -17.289484 -5.418465 -5.417264
v -17.289484 -9.098129 -9.096929
v -17.289484 -4.665024 -6.078012
v -17.289484 -7.832917 -10.206491
v -17.289484 -3.610717 -6.752929
v -17.289484 -6.433701 -11.141417
v -7.652945 -0.252383 17.034233
v -7.652945 -0.252383 16.789484
v -7.661233 -0.001203 16.789484
v -7.644763 -0.502267 17.289484
v -7.661167 -0.001203 17.290234
v -7.652945 0.249978 17.034233
v -7.652945 0.249978 16.789484
v -7.644763 0.499862 17.289484
v 0.251181 -7.654147 17.034233
v 0.251181 -7.654147 16.789484
v 0.000000 -7.662289 16.789484
v 0.501064 -7.645967 17.289484
v 0.000000 -7.662371 17.290234
v -0.251181 -7.654147 17.034233
v -0.251181 -7.654147 16.789484
v -0.501064 -7.645967 17.289484
v -0.251181 7.651742 17.034233
v -0.251181 7.651742 16.789484
v 0.000000 7.659949 16.789484
v -0.501064 7.643560 17.289484
v 0.000000 7.659965 17.290234
v 0.251181 7.651742 17.034233
v 0.251181 7.651742 16.789484
v 0.501064 7.643560 17.289484
v 7.652945 0.249978 17.034233
v 7.652945 0.249978 16.789484
v 7.661366 -0.001203 16.789484
v 7.644763 0.499862 17.289484
v 7.661167 -0.001203 17.290234
v 7.652945 -0.252383 17.034233
v 7.652945 -0.252383 16.789484
v 7.644763 -0.502267 17.289484
v 0.506433 12.847219 17.289484
v 0.000000 12.862939 17.035580
v 0.000000 12.863231 17.289677
v 0.251181 12.855575 17.034233
v 0.000000 12.862939 16.789484
v 0.251181 12.855575 16.789484
v -0.251181 12.855575 17.034233
v -0.506433 12.847219 17.289484
v 0.000000 12.863231 17.289677
v -0.251181 12.855575 16.789484
v 4.447638 -17.289526 17.288174
v 4.455524 -17.290987 13.687370
v 4.447336 -18.060061 14.411513
v 4.445685 -18.058558 17.252573
v 19.795366 -14.120267 8.151646
v 17.289484 -11.539470 5.690043
v 17.289803 -17.291138 5.690001
v 19.795527 -18.036089 8.151641
v -19.795567 -18.036089 -17.964979
v -19.795527 -8.152847 -17.964979
v -19.795366 -8.152847 -14.119066
v -19.795366 -9.926017 -12.934272
v -19.795366 -11.529370 -11.528170
v -19.795366 -12.935474 -9.924817
v -19.795366 -14.120267 -8.151648
v -19.795544 -18.036089 -8.151648
v -19.795366 -8.152849 14.119066
v -19.795527 -8.152847 18.035259
v -19.795658 -18.036089 18.035259
v -19.795366 -9.926019 12.934272
v -19.795366 -11.529372 11.528169
v -19.795366 -12.935474 9.924815
v -19.795366 -14.120267 8.151646
v -19.795544 -18.036089 8.151641
v -12.848420 0.505230 17.289484
v -12.865112 -0.001203 17.035580
v -12.865520 -0.001203 17.291174
v -12.856777 0.249978 17.034233
v -12.865112 -0.001203 16.789484
v -12.856777 0.249978 16.789484
v -12.856777 -0.252383 17.034233
v -12.848420 -0.507635 17.289484
v -12.865520 -0.001203 17.291174
v -12.856777 -0.252383 16.789484
v -19.795527 18.017792 8.151643
v -19.795647 18.017792 18.035259
v -19.795366 14.117864 8.151648
v -19.795366 12.933069 9.924817
v -19.795366 11.526966 11.528170
v -19.795366 9.923613 12.934272
v -19.795366 8.150444 14.119066
v -19.795527 8.150442 18.035259
v -0.506433 -12.849623 17.289484
v 0.000000 -12.866052 17.035580
v 0.000000 -12.865810 17.289677
v -0.251181 -12.857980 17.034233
v 0.000000 -12.866052 16.789484
v -0.251181 -12.857980 16.789484
v 0.251181 -12.857980 17.034233
v 0.506433 -12.849623 17.289484
v 0.000000 -12.865810 17.289677
v 0.251181 -12.857980 16.789484
v -19.795647 18.017792 -17.964979
v -19.795527 18.017792 -8.151646
v -19.795366 14.117864 -8.151646
v -19.795366 12.933069 -9.924815
v -19.795366 11.526968 -11.528169
v -19.795366 9.923615 -12.934272
v -19.795366 8.150446 -14.119066
v -19.795527 8.150441 -17.964979
v -17.289484 -12.183458 -4.135319
v -17.289484 -12.427837 -3.329707
v -17.289484 -13.726134 -4.466197
v -17.289484 -11.539470 -5.690043
v -17.289785 -17.291157 -4.466197
v -17.289785 -17.291155 -5.690052
v 12.848420 0.505232 -17.289484
v 12.856777 0.249980 -17.034233
v 12.864404 -0.001201 -17.035580
v 12.864195 -0.001201 -17.291174
v 12.856777 -0.252382 -17.034233
v 12.848420 -0.507634 -17.289484
v 12.864195 -0.001201 -17.291174
v 12.864404 -0.001201 -16.789484
v 12.856777 0.249980 -16.789484
v 12.856777 -0.252382 -16.789484
v 12.856777 0.249980 -17.034233
v 7.652945 0.249980 -17.034233
v 7.652945 0.249980 -16.789484
v 12.856777 0.249980 -16.789484
v 7.652945 -0.252382 -17.034233
v 7.652945 -0.252382 -16.789484
v 7.661366 -0.001201 -16.789484
v 7.661167 -0.001201 -17.290234
v 7.652945 0.249980 -17.034233
v 7.644763 0.499863 -17.289484
v 7.644763 -0.502265 -17.289484
v 7.652945 0.249980 -16.789484
v 7.652945 -0.252382 -17.034233
v 12.856777 -0.252382 -17.034233
v 12.856777 -0.252382 -16.789484
v 7.652945 -0.252382 -16.789484
v 0.506433 -12.849622 -17.289484
v 0.251181 -12.857978 -17.034233
v 0.000000 -12.865342 -17.035580
v 0.000000 -12.865634 -17.289677
v 0.251181 -12.857978 -16.789484
v 0.000000 -12.865342 -16.789484
v -0.251181 -12.857978 -17.034233
v 0.000000 -12.865634 -17.289677
v -0.506433 -12.849622 -17.289484
v -0.251181 -12.857978 -16.789484
v 0.251181 -12.857978 -17.034233
v 0.251181 -7.654144 -17.034233
v 0.251181 -7.654144 -16.789484
v 0.251181 -12.857978 -16.789484
v -0.251181 -7.654144 -17.034233
v -0.251181 -7.654144 -16.789484
v 0.000000 -7.662353 -16.789484
v 0.000000 -7.662367 -17.290234
v 0.251181 -7.654144 -17.034233
v 0.501064 -7.645964 -17.289484
v -0.501064 -7.645964 -17.289484
v 0.251181 -7.654144 -16.789484
v -0.251181 -7.654144 -17.034233
v -0.251181 -12.857978 -17.034233
v -0.251181 -12.857978 -16.789484
v -0.251181 -7.654144 -16.789484
v -0.506433 12.847219 -17.289484
v -0.251181 12.855577 -17.034233
v 0.000000 12.863647 -17.035580
v 0.000000 12.863406 -17.289677
v -0.251181 12.855577 -16.789484
v 0.000000 12.863647 -16.789484
v 0.251181 12.855577 -17.034233
v 0.000000 12.863406 -17.289677
v 0.506433 12.847219 -17.289484
v 0.251181 12.855577 -16.789484
v -0.251181 12.855577 -17.034233
v -0.251181 7.651744 -17.034233
v -0.251181 7.651744 -16.789484
v -0.251181 12.855577 -16.789484
v 0.251181 7.651744 -17.034233
v 0.251181 7.651744 -16.789484
v 0.000000 7.659885 -16.789484
v 0.000000 7.659966 -17.290234
v -0.251181 7.651744 -17.034233
v -0.501064 7.643563 -17.289484
v 0.501064 7.643563 -17.289484
v -0.251181 7.651744 -16.789484
v 0.251181 7.651744 -17.034233
v 0.251181 12.855577 -17.034233
v 0.251181 12.855577 -16.789484
v 0.251181 7.651744 -16.789484
v -7.652945 0.249980 -17.034233
v -7.652945 0.249980 -16.789484
v -7.661233 -0.001201 -16.789484
v -7.661167 -0.001201 -17.290234
v -7.652945 -0.252382 -17.034233
v -7.644763 -0.502265 -17.289484
v -7.644763 0.499863 -17.289484
v -7.652945 -0.252382 -16.789484
v -7.652945 0.249980 -17.034233
v -12.856777 0.249980 -17.034233
v -12.856777 0.249980 -16.789484
v -7.652945 0.249980 -16.789484
v -4.455532 -13.726537 -17.289484
v -5.690032 -17.290920 -17.289566
v -4.447644 -17.290920 -17.289566
v -5.690044 -11.539468 -17.289484
v -4.135319 -12.183456 -17.289484
v -3.329707 -12.427835 -17.289484
v -4.135319 12.181055 -17.289484
v -3.329707 12.425434 -17.289484
v -4.455524 13.686172 -17.289484
v -5.690044 11.537066 -17.289484
v -4.455526 17.287273 -17.289566
v -5.690060 17.287273 -17.289566
v -14.460752 4.464363 -18.058561
v -13.724934 4.464364 -17.289484
v -17.289804 4.451460 -17.289566
v -17.298388 4.458774 -18.059397
v -18.053848 4.444144 -17.303949
v 12.848420 -0.507635 17.289484
v 12.864404 -0.001203 17.035580
v 12.864195 -0.001203 17.291174
v 12.856777 -0.252383 17.034233
v 12.864404 -0.001203 16.789484
v 12.856777 -0.252383 16.789484
v 12.856777 0.249978 17.034233
v 12.848420 0.505230 17.289484
v 12.864195 -0.001203 17.291174
v 12.856777 0.249978 16.789484
v -5.690044 11.537066 -17.289484
v -8.151647 14.117866 -19.795366
v -6.432500 11.140215 -17.289484
v -7.831716 10.205290 -17.289484
v -9.924815 12.933071 -19.795366
v -9.096929 9.095728 -17.289484
v -11.528170 11.526968 -19.795366
v -10.206491 7.830515 -17.289484
v -12.934272 9.923615 -19.795366
v -11.141417 6.431299 -17.289484
v -14.119066 8.150446 -19.795366
v -11.538268 5.688843 -17.289484
v 0.251181 -17.035732 -7.652946
v 0.501064 -17.290987 -7.644764
v 0.506433 -17.290987 -12.848422
v 0.251181 -17.035732 -12.856778
v 7.652945 -17.035732 0.251180
v 7.644763 -17.290987 0.501064
v 12.848420 -17.290987 0.506432
v 12.856777 -17.035732 0.251180
v 18.058561 14.459551 4.465562
v 17.289484 13.723731 4.465563
v 17.289785 17.288904 4.465563
v 18.078299 17.252979 4.465562
v 17.258331 18.073017 4.465562
v -18.035717 -19.796932 -8.151648
v -19.795544 -18.036089 -8.151648
v -17.289785 -17.291155 -5.690052
v 3.609516 -6.754129 -17.289484
v 2.222729 -7.328555 -17.289484
v 4.135319 -12.183456 -17.289484
v 3.329707 -12.427835 -17.289484
v 1.679219 -12.756139 -17.289484
v 0.999983 -7.596825 -17.289484
v 0.506433 -12.849622 -17.289484
v 0.501064 -7.645964 -17.289484
v 12.754938 -1.680421 -17.289484
v 12.848420 -0.507634 -17.289484
v 7.644763 -0.502265 -17.289484
v 7.595625 -1.001184 -17.289484
v 7.327355 -2.223929 -17.289484
v 12.426636 -3.330908 -17.289484
v 12.182256 -4.136518 -17.289484
v 11.538268 -5.691244 -17.289484
v 6.752929 -3.610717 -17.289484
v 11.141417 -6.433700 -17.289484
v 10.206491 -7.832916 -17.289484
v 6.078012 -4.665023 -17.289484
v 9.096929 -9.098129 -17.289484
v 5.417264 -5.418464 -17.289484
v 7.831716 -10.207691 -17.289484
v 4.663823 -6.079214 -17.289484
v 6.432500 -11.142616 -17.289484
v 5.690044 -11.539468 -17.289484
v 0.000000 -17.243786 18.067316
v 4.439661 -14.441386 18.058561
v 4.441364 -17.243784 18.067316
v 3.605183 -13.455929 18.058561
v 1.818146 -13.811393 18.058561
v 0.000000 -13.930561 18.058561
v -1.818146 -13.811393 18.058561
v -3.605183 -13.455929 18.058561
v -4.445685 -17.243784 18.067316
v -4.447336 -14.412719 18.058561
v 12.856777 -17.035732 0.251180
v 12.856777 -17.035732 0.251180
v 12.848420 -17.290987 0.506432
v 12.865520 -17.292677 -0.000001
v 12.865112 -17.037081 -0.000001
v 12.856777 -17.035732 -0.251181
v 12.856777 -16.790985 -0.251181
v 12.865112 -16.790985 -0.000001
v 12.865112 -17.037081 -0.000001
v 12.856777 -16.790985 0.251180
v 12.848420 -17.290987 -0.506433
v 12.865520 -17.292677 -0.000001
v 8.151646 -18.036089 19.795155
v 8.151646 -19.796562 18.035259
v 5.690032 -17.289526 17.288176
v -6.752929 -3.610717 -17.289484
v -7.327355 -2.223929 -17.289484
v -12.182256 -4.136518 -17.289484
v -12.426636 -3.330908 -17.289484
v -12.754938 -1.680421 -17.289484
v -7.595625 -1.001184 -17.289484
v -12.848420 -0.507634 -17.289484
v -7.644763 -0.502265 -17.289484
v -0.501064 -7.645964 -17.289484
v -1.679219 -12.756139 -17.289484
v -0.506433 -12.849622 -17.289484
v -0.999983 -7.596825 -17.289484
v -3.329707 -12.427835 -17.289484
v -2.222729 -7.328555 -17.289484
v -4.135319 -12.183456 -17.289484
v -5.690044 -11.539468 -17.289484
v -3.609516 -6.754129 -17.289484
v -6.432500 -11.142616 -17.289484
v -7.831716 -10.207691 -17.289484
v -4.663823 -6.079214 -17.289484
v -9.096929 -9.098129 -17.289484
v -5.417264 -5.418464 -17.289484
v -10.206491 -7.832916 -17.289484
v -6.078012 -4.665023 -17.289484
v -11.141417 -6.433700 -17.289484
v -11.538268 -5.691244 -17.289484
v 4.447337 -18.060061 -14.428398
v 4.455532 -17.290987 -13.725337
v 4.447644 -17.290920 -17.289566
v 4.445662 -18.061699 -17.294851
v -3.605183 -18.060061 13.454726
v -3.329707 -17.290987 12.426635
v -4.439760 -17.290987 13.738508
v -4.439661 -18.060061 14.440182
v 18.042561 4.450118 -17.305941
v 17.298578 4.460412 -18.049917
v 17.299042 -0.001162 -18.049917
v 18.042570 -0.001164 -17.306395
v 18.042561 -4.446683 -17.305824
v 17.298704 -4.461648 -18.049917
v -8.151646 -18.036089 -19.795366
v -8.151646 -19.796774 -17.965002
v -5.690032 -17.290920 -17.289566
v 0.999983 -7.596825 -18.050640
v 2.222729 -7.328555 -17.289484
v 2.222729 -7.328555 -18.050640
v 0.999983 -7.596825 -17.289484
v 0.501064 -7.645964 -18.050640
v 0.501064 -7.645964 -17.289484
v 0.000000 -7.662367 -18.050640
v 0.000000 -7.662367 -17.290234
v 7.644763 -0.502265 -17.289484
v 7.661167 -0.001201 -17.290234
v 7.661167 -0.001201 -18.050640
v 7.644763 -0.502265 -18.050640
v 7.595625 -1.001184 -18.050640
v 7.595625 -1.001184 -17.289484
v 7.327355 -2.223929 -18.050640
v 7.327355 -2.223929 -17.289484
v 6.752929 -3.610717 -18.050640
v 6.752929 -3.610717 -17.289484
v 6.078012 -4.665023 -18.050640
v 6.078012 -4.665023 -17.289484
v 5.417264 -5.418464 -18.050640
v 5.417264 -5.418464 -17.289484
v 4.663823 -6.079214 -18.050640
v 4.663823 -6.079214 -17.289484
v 3.609516 -6.754129 -18.050640
v 3.609516 -6.754129 -17.289484
v 3.609516 6.751729 -18.050640
v 2.222729 7.326155 -17.289484
v 2.222729 7.326155 -18.050640
v 3.609516 6.751729 -17.289484
v 4.663823 6.076812 -18.050640
v 4.663823 6.076812 -17.289484
v 5.417264 5.416062 -18.050640
v 5.417264 5.416062 -17.289484
v 6.078012 4.662622 -18.050640
v 6.078012 4.662622 -17.289484
v 6.752929 3.608315 -18.050640
v 6.752929 3.608315 -17.289484
v 7.327355 2.221529 -18.050640
v 7.327355 2.221529 -17.289484
v 7.595625 0.998782 -18.050640
v 7.595625 0.998782 -17.289484
v 7.644763 0.499863 -18.050640
v 7.644763 0.499863 -17.289484
v -4.663823 6.076812 -18.050640
v -5.417264 5.416062 -17.289484
v -5.417264 5.416062 -18.050640
v -4.663823 6.076812 -17.289484
v -3.609516 6.751729 -18.050640
v -3.609516 6.751729 -17.289484
v -2.222729 7.326155 -18.050640
v -2.222729 7.326155 -17.289484
v -0.999983 7.594424 -18.050640
v -0.999983 7.594424 -17.289484
v -0.501064 7.643563 -18.050640
v -0.501064 7.643563 -17.289484
v 0.000000 7.659966 -18.050640
v 0.000000 7.659966 -17.290234
v 0.501064 7.643563 -17.289484
v 0.501064 7.643563 -18.050640
v 0.999983 7.594424 -18.050640
v 0.999983 7.594424 -17.289484
v -7.595625 -1.001184 -18.050640
v -7.327355 -2.223929 -17.289484
v -7.327355 -2.223929 -18.050640
v -7.595625 -1.001184 -17.289484
v -7.644763 -0.502265 -18.050640
v -7.644763 -0.502265 -17.289484
v -7.661167 -0.001201 -18.050640
v -7.661167 -0.001201 -17.290234
v -7.644763 0.499863 -17.289484
v -7.644763 0.499863 -18.050640
v -7.595625 0.998782 -18.050640
v -7.595625 0.998782 -17.289484
v -7.327355 2.221529 -17.289484
v -7.327355 2.221529 -18.050640
v -6.752929 3.608315 -17.289484
v -6.752929 3.608315 -18.050640
v -6.078012 4.662622 -17.289484
v -6.078012 4.662622 -18.050640
v -0.501064 -7.645964 -17.289484
v 0.000000 -7.662367 -17.290234
v 0.000000 -7.662367 -18.050640
v -0.501064 -7.645964 -18.050640
v -0.999983 -7.596825 -18.050640
v -0.999983 -7.596825 -17.289484
v -2.222729 -7.328555 -18.050640
v -2.222729 -7.328555 -17.289484
v -3.609516 -6.754129 -18.050640
v -3.609516 -6.754129 -17.289484
v -4.663823 -6.079214 -18.050640
v -4.663823 -6.079214 -17.289484
v -5.417264 -5.418464 -18.050640
v -5.417264 -5.418464 -17.289484
v -6.078012 -4.665023 -18.050640
v -6.078012 -4.665023 -17.289484
v -6.752929 -3.610717 -18.050640
v -6.752929 -3.610717 -17.289484
v -8.151646 -19.796562 18.035259
v -8.151646 -18.036089 19.795155
v -5.690032 -17.289526 17.288174
v 17.289484 -11.539470 5.690043
v 19.795366 -14.120267 8.151646
v 17.289484 -11.142618 6.432499
v 17.289484 -10.207692 7.831715
v 19.795366 -12.935474 9.924815
v 17.289484 -9.098129 9.096929
v 19.795366 -11.529372 11.528169
v 17.289484 -7.832918 10.206491
v 19.795366 -9.926019 12.934272
v 17.289484 -6.433702 11.141417
v 19.795366 -8.152849 14.119066
v 17.289484 -5.691247 11.538268
v 17.289484 -5.691244 -11.538268
v 19.795366 -8.152847 -14.119066
v 17.289484 -6.433701 -11.141417
v 17.289484 -7.832917 -10.206491
v 19.795366 -9.926017 -12.934272
v 17.289484 -9.098129 -9.096929
v 19.795366 -11.529370 -11.528170
v 17.289484 -10.207692 -7.831716
v 19.795366 -12.935474 -9.924817
v 17.289484 -11.142618 -6.432499
v 19.795366 -14.120267 -8.151648
v 17.289484 -11.539470 -5.690043
v 19.795544 8.150445 18.035259
v 19.795681 18.017792 18.035259
v 19.795366 8.150444 14.119066
v 19.795366 9.923613 12.934272
v 19.795366 11.526966 11.528170
v 19.795366 12.933069 9.924817
v 19.795366 14.117864 8.151648
v 19.795544 18.017792 8.151643
v 17.986137 -19.796951 8.151641
v 19.795527 -18.036089 8.151641
v 17.289803 -17.291138 5.690001
v 19.795544 -8.152845 -17.964979
v 19.795567 -18.036089 -17.964979
v 19.795366 -8.152847 -14.119066
v 19.795366 -9.926017 -12.934272
v 19.795366 -11.529370 -11.528170
v 19.795366 -12.935474 -9.924817
v 19.795366 -14.120267 -8.151648
v 19.795527 -18.036089 -8.151648
v 4.135319 12.181052 17.289484
v 3.329707 12.425433 17.289484
v 4.439758 13.724132 17.289484
v 5.690044 11.537066 17.289484
v 4.439756 17.288668 17.288174
v 5.690003 17.288668 17.288174
v -17.301739 4.450503 18.045666
v -17.289804 4.451773 17.288174
v -13.724934 4.464994 17.289484
v -14.460752 4.464994 18.058561
v -14.460752 -4.466765 18.058561
v -13.724934 -4.466766 17.289484
v -17.289804 -4.461747 17.288174
v -17.301739 -4.454031 18.045666
v -0.441265 -6.733604 -18.964468
v -0.964046 -7.323855 -18.689291
v -0.483057 -7.371229 -18.689291
v 0.000000 -6.748051 -18.964468
v 0.000000 -7.387043 -18.689291
v -4.496216 -5.860784 -18.689291
v -5.417264 -5.418464 -18.050640
v -4.663823 -6.079214 -18.050640
v -3.479798 -6.511444 -18.689291
v -3.609516 -6.754129 -18.050640
v -2.142849 -7.065227 -18.689291
v -2.222729 -7.328555 -18.050640
v -0.880641 -6.690331 -18.964468
v 0.000000 -0.001201 -18.964468
v 0.441265 -6.733604 -18.964468
v 0.483057 -7.371229 -18.689291
v 0.880641 -6.690331 -18.964468
v 0.964046 -7.323855 -18.689291
v 1.957458 -6.454076 -18.964468
v 2.142849 -7.065227 -18.689291
v 3.178740 -5.948205 -18.964468
v 1.957458 6.451675 -18.964468
v 0.880641 6.687929 -18.964468
v 3.178740 5.945805 -18.964468
v 4.107222 5.351436 -18.964468
v 4.770743 4.769543 -18.964468
v 5.352636 4.106021 -18.964468
v 5.947004 3.177539 -18.964468
v 6.452876 1.956257 -18.964468
v 6.689129 0.879440 -18.964468
v 6.732404 0.440064 -18.964468
v 6.746850 -0.001201 -18.964468
v 6.732404 -0.442466 -18.964468
v 6.689129 -0.881842 -18.964468
v 6.452876 -1.958659 -18.964468
v 5.947004 -3.179940 -18.964468
v 5.352636 -4.108423 -18.964468
v 4.770743 -4.771943 -18.964468
v 4.107222 -5.353836 -18.964468
v 3.479798 -6.511444 -18.689291
v 4.496216 -5.860784 -18.689291
v 5.222579 -5.223780 -18.689291
v 5.859583 -4.497416 -18.689291
v 6.510243 -3.480998 -18.689291
v 7.064026 -2.144049 -18.689291
v 7.322655 -0.965246 -18.689291
v 7.370028 -0.484258 -18.689291
v 7.385842 -0.001201 -18.689291
v 5.417264 -5.418464 -18.050640
v 6.078012 -4.665023 -18.050640
v 6.752929 -3.610717 -18.050640
v 7.327355 -2.223929 -18.050640
v 7.595625 -1.001184 -18.050640
v 7.644763 -0.502265 -18.050640
v 7.661167 -0.001201 -18.050640
v 7.370028 0.481856 -18.689291
v 7.644763 0.499863 -18.050640
v 7.322655 0.962845 -18.689291
v 7.595625 0.998782 -18.050640
v 7.064026 2.141649 -18.689291
v 7.327355 2.221529 -18.050640
v 6.510243 3.478597 -18.689291
v 5.859583 4.495016 -18.689291
v 5.222579 5.221378 -18.689291
v 4.496216 5.858383 -18.689291
v 3.479798 6.509044 -18.689291
v 2.142849 7.062825 -18.689291
v 6.752929 3.608315 -18.050640
v 6.078012 4.662622 -18.050640
v 5.417264 5.416062 -18.050640
v 4.663823 6.076812 -18.050640
v 3.609516 6.751729 -18.050640
v 2.222729 7.326155 -18.050640
v 0.964046 7.321455 -18.689291
v 0.999983 7.594424 -18.050640
v 0.483057 7.368828 -18.689291
v 0.501064 7.643563 -18.050640
v 0.000000 7.384643 -18.689291
v 0.000000 7.659966 -18.050640
v -0.483057 7.368828 -18.689291
v 0.441265 6.731205 -18.964468
v 0.000000 6.745649 -18.964468
v -0.441265 6.731205 -18.964468
v -0.880641 6.687929 -18.964468
v -0.964046 7.321455 -18.689291
v -1.957458 6.451675 -18.964468
v -2.142849 7.062825 -18.689291
v -3.178740 5.945805 -18.964468
v -3.479798 6.509044 -18.689291
v -4.107222 5.351436 -18.964468
v -4.496216 5.858383 -18.689291
v -4.770743 4.769543 -18.964468
v -5.222579 5.221378 -18.689291
v -5.352636 4.106021 -18.964468
v -0.501064 7.643563 -18.050640
v -0.999983 7.594424 -18.050640
v -2.222729 7.326155 -18.050640
v -3.609516 6.751729 -18.050640
v -4.663823 6.076812 -18.050640
v -5.417264 5.416062 -18.050640
v -5.859583 4.495016 -18.689291
v -6.078012 4.662622 -18.050640
v -6.510243 3.478597 -18.689291
v -6.752929 3.608315 -18.050640
v -7.064026 2.141649 -18.689291
v -7.327355 2.221529 -18.050640
v -7.322655 0.962845 -18.689291
v -5.947004 3.177539 -18.964468
v -6.452876 1.956257 -18.964468
v -6.689129 0.879440 -18.964468
v -6.732404 0.440064 -18.964468
v -7.370028 0.481856 -18.689291
v -6.746850 -0.001201 -18.964468
v -7.385842 -0.001201 -18.689291
v -6.732404 -0.442466 -18.964468
v -7.370028 -0.484258 -18.689291
v -6.689129 -0.881842 -18.964468
v -7.322655 -0.965246 -18.689291
v -6.452876 -1.958659 -18.964468
v -7.064026 -2.144049 -18.689291
v -5.947004 -3.179940 -18.964468
v -7.595625 0.998782 -18.050640
v -7.644763 0.499863 -18.050640
v -7.661167 -0.001201 -18.050640
v -7.644763 -0.502265 -18.050640
v -7.595625 -1.001184 -18.050640
v -7.327355 -2.223929 -18.050640
v -6.510243 -3.480998 -18.689291
v -6.752929 -3.610717 -18.050640
v -5.859583 -4.497416 -18.689291
v -6.078012 -4.665023 -18.050640
v -5.222579 -5.223780 -18.689291
v -5.352636 -4.108423 -18.964468
v -4.770743 -4.771943 -18.964468
v -4.107222 -5.353836 -18.964468
v -3.178740 -5.948205 -18.964468
v -1.957458 -6.454076 -18.964468
v 7.644763 -17.290987 0.501064
v 7.652945 -17.035732 0.251180
v 7.652945 -17.035732 0.251180
v 7.661167 -17.291737 -0.000001
v 7.652945 -17.035732 -0.251181
v 7.644763 -17.290987 -0.501065
v 7.661167 -17.291737 -0.000001
v 7.661233 -16.790985 -0.000001
v 7.652945 -16.790985 0.251180
v 7.652945 -16.790985 -0.251181
v 19.795527 -18.036089 -8.151648
v 17.986137 -19.796951 -8.151648
v 17.289803 -17.291138 -5.690052
v -18.035717 -18.036089 -19.795366
v -18.035717 -19.796886 -17.965002
v -8.151646 -19.796774 -17.965002
v -8.151646 -18.036089 -19.795366
v -8.151647 19.794767 14.119066
v -8.151649 19.794575 18.035259
v -18.035717 19.794533 18.035259
v -9.924815 19.794767 12.934272
v -11.528170 19.794767 11.528170
v -12.934272 19.794767 9.924817
v -14.119066 19.794767 8.151648
v -18.035717 19.794754 8.151643
v 19.795544 8.150444 -17.964979
v 17.986135 8.150444 -19.795366
v 17.289785 5.688830 -17.289566
v -7.652945 17.033632 0.251181
v -7.644763 17.288885 0.501065
v -12.848420 17.288885 0.506433
v -12.856777 17.033632 0.251181
v -0.251181 17.033632 -7.652944
v -0.501064 17.288885 -7.644763
v -0.506433 17.288885 -12.848420
v -0.251181 17.033632 -12.856775
v 12.856777 17.033632 0.251181
v 12.848420 17.288885 0.506433
v 7.644763 17.288885 0.501065
v 7.652945 17.033632 0.251181
v 7.652945 17.033632 -0.251180
v 7.644763 17.288885 -0.501064
v 12.848420 17.288885 -0.506432
v 12.856777 17.033632 -0.251180
v 12.848420 17.288885 0.506433
v 12.856777 17.033632 0.251181
v 12.864404 17.034979 0.000001
v 12.864195 17.290575 0.000001
v 12.856777 16.788885 0.251181
v 12.864404 16.788885 0.000001
v 12.856777 17.033632 -0.251180
v 12.864195 17.290575 0.000001
v 12.848420 17.288885 -0.506432
v 12.856777 16.788885 -0.251180
v 12.856777 17.033632 0.251181
v 7.652945 17.033632 0.251181
v 7.652945 16.788885 0.251181
v 12.856777 16.788885 0.251181
v 7.652945 17.033632 -0.251180
v 7.652945 16.788885 -0.251180
v 7.661366 16.788885 0.000001
v 7.661167 17.289635 0.000001
v 7.652945 17.033632 0.251181
v 7.644763 17.288885 0.501065
v 7.644763 17.288885 -0.501064
v 7.652945 16.788885 0.251181
v 7.652945 17.033632 -0.251180
v 12.856777 17.033632 -0.251180
v 12.856777 16.788885 -0.251180
v 7.652945 16.788885 -0.251180
v 0.506433 17.288885 -12.848420
v 0.251181 17.033632 -12.856775
v 0.000000 17.034979 -12.864141
v 0.000000 17.289076 -12.864433
v 0.251181 16.788885 -12.856775
v 0.000000 16.788885 -12.864141
v -0.251181 17.033632 -12.856775
v 0.000000 17.289076 -12.864433
v -0.506433 17.288885 -12.848420
v -0.251181 16.788885 -12.856775
v 0.251181 17.033632 -12.856775
v 0.251181 17.033632 -7.652944
v 0.251181 16.788885 -7.652944
v 0.251181 16.788885 -12.856775
v -0.251181 17.033632 -7.652944
v -0.251181 16.788885 -7.652944
v 0.000000 16.788885 -7.661152
v 0.000000 17.289635 -7.661167
v 0.251181 17.033632 -7.652944
v 0.501064 17.288885 -7.644763
v -0.501064 17.288885 -7.644763
v 0.251181 16.788885 -7.652944
v -0.251181 17.033632 -7.652944
v -0.251181 17.033632 -12.856775
v -0.251181 16.788885 -12.856775
v -0.251181 16.788885 -7.652944
v -0.506433 17.288885 12.848422
v -0.251181 17.033632 12.856778
v 0.000000 17.034979 12.864850
v 0.000000 17.289076 12.864609
v -0.251181 16.788885 12.856778
v 0.000000 16.788885 12.864850
v 0.251181 17.033632 12.856778
v 0.000000 17.289076 12.864609
v 0.506433 17.288885 12.848422
v 0.251181 16.788885 12.856778
v -0.251181 17.033632 12.856778
v -0.251181 17.033632 7.652946
v -0.251181 16.788885 7.652946
v -0.251181 16.788885 12.856778
v 0.251181 17.033632 7.652946
v 0.251181 16.788885 7.652946
v 0.000000 16.788885 7.661087
v 0.000000 17.289635 7.661168
v -0.251181 17.033632 7.652946
v -0.501064 17.288885 7.644764
v 0.501064 17.288885 7.644764
v -0.251181 16.788885 7.652946
v 0.251181 17.033632 7.652946
v 0.251181 17.033632 12.856778
v 0.251181 16.788885 12.856778
v 0.251181 16.788885 7.652946
v -7.652945 17.033632 0.251181
v -7.652945 16.788885 0.251181
v -7.661233 16.788885 0.000001
v -7.661167 17.289635 0.000001
v -7.652945 17.033632 -0.251180
v -7.644763 17.288885 -0.501064
v -7.644763 17.288885 0.501065
v -7.652945 16.788885 -0.251180
v -7.652945 17.033632 0.251181
v -12.856777 17.033632 0.251181
v -12.856777 16.788885 0.251181
v -7.652945 16.788885 0.251181
v 4.439760 17.288885 13.738511
v 5.690003 17.288668 17.288174
v 4.439756 17.288668 17.288174
v 5.690044 17.288885 11.538269
v 4.135319 17.288885 12.182257
v 3.329707 17.288885 12.426637
v 17.986137 19.794521 18.035259
v 14.119066 19.794767 8.151648
v 17.986137 19.794733 8.151643
v 12.934272 19.794767 9.924817
v 11.528170 19.794767 11.528170
v 9.924815 19.794767 12.934272
v 8.151647 19.794767 14.119066
v 8.151643 19.794575 18.035259
v 19.795544 -8.152845 18.035259
v 17.986135 -8.152845 19.795155
v 17.289785 -5.691206 17.288174
v 14.449263 4.464994 18.058561
v 17.282652 4.460906 18.057615
v 17.282652 -0.001203 18.057615
v 13.438918 3.599745 18.058561
v 13.793964 1.814807 18.058561
v 13.912991 -0.001203 18.058561
v 13.793964 -1.817212 18.058561
v 13.438918 -3.602150 18.058561
v 17.282652 -4.461185 18.057615
v 14.449263 -4.466765 18.058561
v -4.455532 17.288885 -13.725336
v -5.690060 17.287273 -17.289566
v -4.455526 17.287273 -17.289566
v -5.690044 17.288885 -11.538267
v -4.135319 17.288885 -12.182255
v -3.329707 17.288885 -12.426635
v -4.135319 17.288885 12.182257
v -3.329707 17.288885 12.426637
v -4.455524 17.288885 13.687372
v -5.690044 17.288885 11.538269
v -4.455526 17.288668 17.288174
v -5.690060 17.288668 17.288176
v 17.282652 4.460906 18.057615
v 18.058008 4.450277 17.282272
v 18.058008 -0.001203 17.282272
v 17.282652 -0.001203 18.057615
v 18.058008 -4.446532 17.282272
v 17.282652 -4.461185 18.057615
v -14.460752 18.057961 4.465562
v -13.724934 17.288885 4.465563
v -17.289804 17.288885 4.465563
v -17.331940 18.043539 4.465562
v -17.331940 18.043539 -4.466197
v -17.289804 17.288885 -4.466197
v -13.724934 17.288885 -4.466197
v -14.460752 18.057961 -4.466197
v -13.724934 17.288885 4.465563
v -17.289803 17.288885 5.690002
v -17.289804 17.288885 4.465563
v -11.538268 17.288885 5.690044
v -12.182256 17.288885 4.135320
v -12.426636 17.288885 3.329708
v 13.777648 4.464994 17.289484
v 17.289785 5.688851 17.288176
v 17.289785 4.459657 17.288174
v 11.538268 5.688840 17.289484
v 12.182256 4.134116 17.289484
v 12.426636 3.328504 17.289484
v -12.856777 -17.035732 0.251180
v -7.652945 -17.035732 0.251180
v -7.652945 -16.790985 0.251180
v -12.856777 -16.790985 0.251180
v -12.182256 -17.290987 4.135318
v -12.426636 -17.290987 3.329706
v -13.777648 -17.290987 4.465561
v -11.538268 -17.290987 5.690043
v -17.289785 -17.291157 4.465562
v -17.289785 -17.291155 5.690001
v -4.447337 14.427194 18.058561
v -4.455532 13.724132 17.289484
v -4.455526 17.288668 17.288174
v -4.447336 17.293177 18.056601
v 0.251181 -17.035732 -12.856778
v 0.251181 -17.035732 -12.856778
v 0.000000 -17.291178 -12.864435
v 0.000000 -17.037081 -12.864142
v 0.506433 -17.290987 -12.848422
v 0.000000 -17.037081 -12.864142
v 0.000000 -16.790985 -12.864142
v 0.251181 -16.790985 -12.856778
v -0.251181 -17.035732 -12.856778
v -0.251181 -16.790985 -12.856778
v -0.506433 -17.290987 -12.848422
v 0.000000 -17.291178 -12.864435
v 19.795544 18.017792 8.151643
v 17.986137 19.794733 8.151643
v 17.289785 17.288902 5.690002
v -12.848420 -17.290987 0.506432
v -12.856777 -17.035732 0.251180
v -12.856777 -17.035732 0.251180
v -12.864404 -17.037081 -0.000001
v -12.864195 -17.292677 -0.000001
v -12.856777 -17.035732 -0.251181
v -12.848420 -17.290987 -0.506433
v -12.864195 -17.292677 -0.000001
v -12.864404 -17.037081 -0.000001
v -12.864404 -16.790985 -0.000001
v -12.856777 -16.790985 0.251180
v -12.856777 -16.790985 -0.251181
v 8.151646 -18.036089 19.795155
v 5.690032 -17.289526 17.288176
v 5.690044 -11.539471 17.289484
v 8.151647 -14.120269 19.795366
v 19.795681 18.017792 18.035259
v 19.795544 8.150445 18.035259
v 17.986135 8.150445 19.795155
v 17.986135 18.017792 19.795118
v 19.795544 -8.152845 18.035259
v 19.795670 -18.036089 18.035259
v 17.986135 -18.036089 19.795118
v 17.986135 -8.152845 19.795155
v -0.251181 -17.035732 12.856775
v -0.251181 -17.035732 12.856775
v 0.000000 -17.291178 12.864606
v 0.000000 -17.037081 12.864847
v -0.506433 -17.290987 12.848420
v 0.000000 -17.037081 12.864847
v 0.000000 -16.790985 12.864847
v -0.251181 -16.790985 12.856775
v 0.251181 -17.035732 12.856775
v 0.251181 -16.790985 12.856775
v 0.506433 -17.290987 12.848420
v 0.000000 -17.291178 12.864606
v 17.986135 8.150445 19.795155
v 19.795544 8.150445 18.035259
v 17.289785 5.688851 17.288176
v 18.058561 -14.450465 -4.466197
v 18.057543 -17.239080 -4.466197
v 18.057543 -17.239080 -0.000001
v 18.058561 -13.440119 -3.600948
v 18.058561 -13.795166 -1.816010
v 18.058561 -13.914193 -0.000001
v 18.058561 -13.795166 1.816009
v 18.058561 -13.440119 3.600947
v 18.057543 -17.239080 4.465561
v 18.058561 -14.450465 4.465562
v -8.151646 -19.796562 18.035259
v -18.035717 -19.796545 18.035259
v -18.035717 -18.036089 19.795118
v -8.151646 -18.036089 19.795155
v 14.449263 4.464994 18.058561
v 13.777648 4.464994 17.289484
v 17.289785 4.459657 17.288174
v 17.282652 4.460906 18.057615
v 18.058008 4.450277 17.282272
v -7.652945 -17.035732 0.251180
v -7.644763 -17.290987 0.501064
v -7.661167 -17.291737 -0.000001
v -7.644763 -17.290987 -0.501065
v -7.652945 -17.035732 -0.251181
v -7.661167 -17.291737 -0.000001
v -7.661366 -16.790985 -0.000001
v -7.652945 -16.790985 0.251180
v -7.652945 -16.790985 -0.251181
v 8.151643 19.794575 18.035259
v 8.151643 18.017792 19.795155
v 5.690003 17.288668 17.288174
v 12.182256 -17.290987 -4.135320
v 12.426636 -17.290987 -3.329708
v 13.724934 -17.290987 -4.466197
v 11.538268 -17.290987 -5.690044
v 17.289804 -17.291138 -4.466197
v 17.289803 -17.291138 -5.690052
v 7.322655 -18.690792 0.964045
v 7.370028 -18.690792 0.483056
v 6.732404 -18.965969 0.441264
v 6.689129 -18.965969 0.880640
v 7.370028 -18.690792 -0.483058
v 7.661167 -18.052141 -0.000001
v 7.644763 -18.052141 -0.501065
v 7.385842 -18.690792 -0.000001
v 7.644763 -18.052141 0.501064
v 7.595625 -18.052141 0.999982
v 7.064026 -18.690792 2.142848
v 6.452876 -18.965969 1.957458
v 0.000000 -18.965969 -0.000001
v 6.746850 -18.965969 -0.000001
v 6.732404 -18.965969 -0.441266
v 6.689129 -18.965969 -0.880641
v 7.322655 -18.690792 -0.964047
v 7.327355 -18.044117 2.222728
v -4.770743 -18.965969 -4.770743
v -5.352636 -18.965969 -4.107223
v -4.107222 -18.965969 -5.352636
v -3.178740 -18.965969 -5.947004
v -1.957458 -18.965969 -6.452877
v -0.880641 -18.965969 -6.689129
v -0.441265 -18.965969 -6.732405
v 0.000000 -18.965969 -6.746850
v 0.441265 -18.965969 -6.732405
v 0.880641 -18.965969 -6.689129
v 1.957458 -18.965969 -6.452877
v 3.178740 -18.965969 -5.947004
v 4.107222 -18.965969 -5.352636
v 4.770743 -18.965969 -4.770743
v 5.352636 -18.965969 -4.107223
v 5.947004 -18.965969 -3.178741
v 6.452876 -18.965969 -1.957459
v 7.064026 -18.690792 -2.142849
v 6.510243 -18.690792 -3.479798
v 5.859583 -18.690792 -4.496216
v 5.222579 -18.690792 -5.222579
v 4.496216 -18.690792 -5.859583
v 3.479798 -18.690792 -6.510244
v 2.142849 -18.690792 -7.064026
v 0.964046 -18.690792 -7.322656
v 0.483057 -18.690792 -7.370028
v 2.222729 -18.052141 -7.327355
v 0.999983 -18.052141 -7.595625
v 3.609516 -18.052141 -6.752929
v 4.663823 -18.052141 -6.078013
v 5.417264 -18.052141 -5.417264
v 6.078012 -18.052141 -4.663824
v 6.752929 -18.052141 -3.609515
v 7.327355 -18.052141 -2.222728
v 7.595625 -18.052141 -0.999984
v -5.859583 -18.690792 -4.496216
v -5.417264 -18.052141 -5.417264
v -6.078012 -18.052141 -4.663824
v -5.222579 -18.690792 -5.222579
v -4.663823 -18.052141 -6.078013
v -4.496216 -18.690792 -5.859583
v -3.609516 -18.052141 -6.752929
v -3.479798 -18.690792 -6.510244
v -2.222729 -18.052141 -7.327355
v -2.142849 -18.690792 -7.064026
v -0.999983 -18.052141 -7.595625
v -0.964046 -18.690792 -7.322656
v -0.501064 -18.052141 -7.644764
v -0.483057 -18.690792 -7.370028
v 0.000000 -18.052141 -7.661168
v 0.000000 -18.690792 -7.385842
v 0.501064 -18.052141 -7.644764
v -5.947004 -18.965969 -3.178741
v 0.000000 -18.965969 6.746849
v -0.441265 -18.965969 6.732403
v 0.441265 -18.965969 6.732403
v 0.880641 -18.965969 6.689128
v 1.957458 -18.965969 6.452875
v 3.178740 -18.965969 5.947003
v 4.107222 -18.965969 5.352635
v 4.770743 -18.965969 4.770742
v 5.352636 -18.965969 4.107222
v 5.947004 -18.965969 3.178740
v 6.510243 -18.690792 3.479797
v 5.859583 -18.690792 4.496215
v 5.222579 -18.690792 5.222579
v 4.496216 -18.690792 5.859582
v 3.479798 -18.690792 6.510243
v 2.142849 -18.690792 7.064025
v 0.964046 -18.690792 7.322654
v 0.483057 -18.690792 7.370028
v 0.000000 -18.690792 7.385841
v -0.483057 -18.690792 7.370028
v 6.752929 -18.052141 3.609515
v 6.078012 -18.052141 4.663823
v 5.417264 -18.052141 5.417263
v 4.663823 -18.052141 6.078012
v 3.609516 -18.052141 6.752928
v 2.222729 -18.052141 7.327354
v 0.999983 -18.052141 7.595624
v 0.501064 -18.052141 7.644763
v -7.322655 -18.690792 0.964045
v -6.452876 -18.965969 1.957458
v -6.689129 -18.965969 0.880640
v -7.370028 -18.690792 0.483056
v -6.732404 -18.965969 0.441264
v -7.385842 -18.690792 -0.000001
v -6.746850 -18.965969 -0.000001
v -6.732404 -18.965969 -0.441266
v -5.947004 -18.965969 3.178740
v -5.352636 -18.965969 4.107222
v -4.770743 -18.965969 4.770742
v -4.107222 -18.965969 5.352635
v -3.178740 -18.965969 5.947003
v -1.957458 -18.965969 6.452875
v -0.880641 -18.965969 6.689128
v -0.964046 -18.690792 7.322654
v -2.142849 -18.690792 7.064025
v -3.479798 -18.690792 6.510243
v -4.496216 -18.690792 5.859582
v -5.222579 -18.690792 5.222579
v -5.859583 -18.690792 4.496215
v -6.510243 -18.690792 3.479797
v -7.064026 -18.690792 2.142848
v 0.000000 -18.052141 7.661167
v -0.501064 -18.052141 7.644763
v -0.999983 -18.052141 7.595624
v -2.222729 -18.052141 7.327354
v -3.609516 -18.052141 6.752928
v -4.663823 -18.052141 6.078012
v -5.417264 -18.052141 5.417263
v -6.078012 -18.052141 4.663823
v -6.752929 -18.052141 3.609515
v -7.327355 -18.052141 2.222728
v -7.595625 -18.052141 0.999982
v -7.644763 -18.052141 0.501064
v -7.661167 -18.052141 -0.000001
v -7.370028 -18.690792 -0.483058
v -6.689129 -18.965969 -0.880641
v -6.452876 -18.965969 -1.957459
v -6.510243 -18.690792 -3.479798
v -7.644763 -18.052141 -0.501065
v -6.752929 -18.052141 -3.609515
v -7.327355 -18.052141 -2.222728
v -7.064026 -18.690792 -2.142849
v -7.322655 -18.690792 -0.964047
v -7.595625 -18.052141 -0.999984
v 5.690003 17.287273 -17.289566
v 4.439756 17.287273 -17.289566
v 4.439760 13.737309 -17.289484
v 4.135319 12.181055 -17.289484
v 5.690044 11.537066 -17.289484
v 3.329707 12.425434 -17.289484
v -18.035717 -8.152847 19.795155
v -19.795527 -8.152847 18.035259
v -17.289803 -5.691235 17.288176
v -18.035717 -8.152847 19.795155
v -18.035717 -18.036089 19.795118
v -19.795658 -18.036089 18.035259
v -19.795527 -8.152847 18.035259
v 12.182256 -4.136521 17.289484
v 12.426636 -3.330909 17.289484
v 13.777648 -4.466765 17.289484
v 11.538268 -5.691247 17.289484
v 17.289785 -4.453861 17.288174
v 17.289785 -5.691206 17.288174
v -13.438918 -3.602150 18.058561
v -12.426636 -3.330909 17.289484
v -13.724934 -4.466766 17.289484
v -14.460752 -4.466765 18.058561
v 0.000000 18.062111 17.287741
v -4.447336 17.293177 18.056601
v -4.447336 18.062111 17.287741
v 0.000000 17.293177 18.056601
v 4.439699 18.062111 17.287741
v 4.439723 17.293177 18.056601
v 8.151646 -18.036089 19.795155
v 17.986135 -18.036089 19.795118
v 17.986137 -19.796556 18.035259
v 8.151646 -19.796562 18.035259
v 19.795544 8.150444 -17.964979
v 19.795681 18.017792 -17.964979
v 17.986135 18.017792 -19.795366
v 17.986135 8.150444 -19.795366
v 17.986135 -18.036089 -19.795366
v 19.795567 -18.036089 -17.964979
v 19.795544 -8.152845 -17.964979
v 17.986135 -8.152845 -19.795366
v -18.062393 17.313046 -4.466197
v -17.331940 18.043539 -4.466197
v -17.331938 18.043539 0.000001
v -18.062393 17.313046 0.000001
v -17.331940 18.043539 4.465562
v -18.062393 17.313046 4.465562
v 8.151646 -19.796774 -17.965002
v 17.986137 -19.796909 -17.965002
v 17.986135 -18.036089 -19.795366
v 8.151646 -18.036089 -19.795366
v -18.035717 -19.796545 18.035259
v -18.035717 -19.796932 8.151641
v -19.795544 -18.036089 8.151641
v -19.795658 -18.036089 18.035259
v -18.035717 -19.796932 -8.151648
v -18.035717 -19.796886 -17.965002
v -19.795567 -18.036089 -17.964979
v -19.795544 -18.036089 -8.151648
v -14.449263 -18.060061 -4.466197
v -13.777648 -17.290987 -4.466197
v -17.289785 -17.291157 -4.466197
v -17.281790 -18.058533 -4.466197
v -18.056961 -17.283316 -4.466197
v -19.795527 8.150442 18.035259
v -18.035717 8.150442 19.795155
v -17.289803 5.688824 17.288174
v -19.795527 18.017792 -8.151646
v -19.795647 18.017792 -17.964979
v -18.035717 19.794521 -17.965002
v -18.035717 19.794754 -8.151646
v -19.795647 18.017792 18.035259
v -19.795527 18.017792 8.151643
v -18.035717 19.794754 8.151643
v -18.035717 19.794533 18.035259
v 8.151643 18.017792 -19.795366
v 17.986135 18.017792 -19.795366
v 17.986137 19.794508 -17.965002
v 8.151643 19.794363 -17.965002
v -8.151649 18.017792 19.795155
v -18.035717 18.017792 19.795118
v -18.035717 19.794533 18.035259
v -8.151649 19.794575 18.035259
v -5.690044 17.288885 11.538269
v -8.151647 19.794767 14.119066
v -6.432500 17.288885 11.141418
v -7.831716 17.288885 10.206491
v -9.924815 19.794767 12.934272
v -9.096929 17.288885 9.096930
v -11.528170 19.794767 11.528170
v -10.206491 17.288885 7.831716
v -12.934272 19.794767 9.924817
v -11.141417 17.288885 6.432500
v -14.119066 19.794767 8.151648
v -11.538268 17.288885 5.690044
v -0.506433 -17.290987 12.848420
v -0.501064 -17.290987 7.644763
v -0.999983 -17.290987 7.595624
v -1.679219 -17.290987 12.754936
v -2.222729 -17.290987 7.327354
v -3.329707 -17.290987 12.426635
v -4.135319 -17.290987 12.182255
v -5.690044 -17.290987 11.538267
v -3.609516 -17.290987 6.752928
v -6.432500 -17.290987 11.141416
v -4.663823 -17.290987 6.078012
v -7.831716 -17.290987 10.206490
v -5.417264 -17.290987 5.417263
v -9.096929 -17.290987 9.096928
v -6.078012 -17.290987 4.663823
v -10.206491 -17.290987 7.831716
v -6.752929 -17.290987 3.609515
v -11.141417 -17.290987 6.432499
v -11.538268 -17.290987 5.690043
v -7.327355 -17.290987 2.222728
v -12.182256 -17.290987 4.135318
v -12.426636 -17.290987 3.329706
v -12.754938 -17.290987 1.679219
v -7.595625 -17.290987 0.999982
v -7.644763 -17.290987 0.501064
v -12.848420 -17.290987 0.506432
v -11.538268 17.288885 -5.690043
v -14.119066 19.794767 -8.151646
v -11.141417 17.288885 -6.432499
v -10.206491 17.288885 -7.831716
v -12.934272 19.794767 -9.924815
v -9.096929 17.288885 -9.096928
v -11.530091 19.794628 -11.527843
v -7.831716 17.288885 -10.206490
v -9.924926 19.794985 -12.934285
v -6.432500 17.288885 -11.141416
v -8.151647 19.794767 -14.119064
v -5.690044 17.288885 -11.538267
v 17.289484 12.847219 -0.506432
v 17.034233 12.855576 -0.251180
v 17.035580 12.863911 0.000001
v 17.291174 12.864317 0.000001
v 16.789484 12.855576 -0.251180
v 16.789484 12.863911 0.000001
v 17.034233 12.855576 0.251181
v 17.291174 12.864317 0.000001
v 17.289484 12.847219 0.506433
v 16.789484 12.855576 0.251181
v 17.034233 12.855576 -0.251180
v 17.034233 7.651742 -0.251180
v 16.789484 7.651742 -0.251180
v 16.789484 12.855576 -0.251180
v -4.441364 -18.061699 -17.294851
v -4.447644 -17.290920 -17.289566
v -4.439758 -17.290987 -13.725337
v -4.439703 -18.060061 -14.428398
v 12.856777 -17.035732 -0.251181
v 7.652945 -17.035732 -0.251181
v 7.652945 -16.790985 -0.251181
v 12.856777 -16.790985 -0.251181
v 17.034233 -0.252382 -12.856777
v 17.289484 -0.507634 -12.848420
v 17.289484 -0.502266 -7.644763
v 17.034233 -0.252382 -7.652945
v 17.034233 -0.252383 7.652945
v 17.289484 -0.502266 7.644763
v 17.289484 -0.507635 12.848420
v 17.034233 -0.252383 12.856777
v 17.034233 12.855576 -0.251180
v 17.289484 12.847219 -0.506432
v 17.289484 7.643562 -0.501064
v 17.034233 7.651742 -0.251180
v 7.652945 -17.035732 0.251180
v 12.856777 -17.035732 0.251180
v 12.856777 -16.790985 0.251180
v 7.652945 -16.790985 0.251180
v -0.251181 -17.035732 7.652944
v -0.251181 -17.035732 12.856775
v -0.251181 -16.790985 12.856775
v -0.251181 -16.790985 7.652944
v 17.034233 0.249978 12.856777
v 17.289484 0.505230 12.848420
v 17.289484 0.499862 7.644763
v 17.034233 0.249979 7.652945
v 7.327355 17.288885 -2.222728
v 11.538268 17.288885 -5.690043
v 12.182256 17.288885 -4.135318
v 12.426636 17.288885 -3.329706
v 12.754938 17.288885 -1.679219
v 7.595625 17.288885 -0.999982
v 7.644763 17.288885 -0.501064
v 12.848420 17.288885 -0.506432
v 0.999983 17.288885 -7.595624
v 0.501064 17.288885 -7.644763
v 0.506433 17.288885 -12.848420
v 1.679219 17.288885 -12.754936
v 2.222729 17.288885 -7.327354
v 3.329707 17.288885 -12.426635
v 4.135319 17.288885 -12.182255
v 3.609516 17.288885 -6.752928
v 5.690044 17.288885 -11.538267
v 6.432500 17.288885 -11.141416
v 4.663823 17.288885 -6.078012
v 7.831716 17.288885 -10.206490
v 5.417264 17.288885 -5.417263
v 9.096929 17.288885 -9.096928
v 6.078012 17.288885 -4.663823
v 10.206491 17.288885 -7.831716
v 6.752929 17.288885 -3.609515
v 11.141417 17.288885 -6.432499
v -16.789484 -7.654146 -0.251181
v -16.789484 -12.866314 -0.000001
v -16.789484 -12.857978 -0.251181
v -16.789484 -7.662436 0.000000
v -16.789484 -12.857978 0.251180
v -16.789484 -7.654146 0.251180
v -17.289484 12.181054 4.135319
v -17.289484 12.425434 3.329707
v -17.289484 13.776445 4.465562
v -17.289484 11.537066 5.690043
v -17.289804 17.288885 4.465563
v -17.289803 17.288885 5.690002
v -17.289484 3.608314 -6.752929
v -17.289484 2.221527 -7.327355
v -17.289484 4.134118 -12.182256
v -17.289484 3.328506 -12.426636
v -17.289484 1.678018 -12.754938
v -17.289484 0.998782 -7.595625
v -17.289484 0.505231 -12.848420
v -17.289484 0.499863 -7.644763
v -17.289484 12.753736 -1.679219
v -17.289484 12.847219 -0.506432
v -17.289484 7.643562 -0.501064
v -17.289484 7.594423 -0.999983
v -17.289484 7.326153 -2.222728
v -17.289484 12.425434 -3.329706
v -17.289484 12.181054 -4.135318
v -17.289484 11.537066 -5.690043
v -17.289484 6.751727 -3.609515
v -17.289484 11.140215 -6.432499
v -17.289484 10.205289 -7.831715
v -17.289484 6.076811 -4.663823
v -17.289484 9.095727 -9.096929
v -17.289484 5.416061 -5.417264
v -17.289484 7.830514 -10.206491
v -17.289484 4.662622 -6.078012
v -17.289484 6.431299 -11.141417
v -17.289484 5.688843 -11.538268
v 18.058561 3.603982 -13.454726
v 17.289484 3.328506 -12.426636
v 17.289484 4.454330 -13.725337
v 18.058561 4.446136 -14.428396
v 19.795366 -8.152847 -14.119066
v 17.289484 -5.691244 -11.538268
v 17.289776 -5.691234 -17.289572
v 19.795544 -8.152845 -17.964979
v 3.605183 -18.060061 13.454726
v 4.447336 -18.060061 14.411513
v 4.455524 -17.290987 13.687370
v 3.329707 -17.290987 12.426635
v 19.795544 8.150444 -17.964979
v 17.289785 5.688830 -17.289566
v 17.289484 5.688843 -11.538268
v 19.795366 8.150446 -14.119066
v -18.058561 -3.606385 13.454726
v -18.051550 -4.452545 17.295881
v -18.058561 -4.448538 14.411515
v -18.051550 -0.001203 17.295881
v -18.058561 -1.819348 13.810190
v -18.058561 -0.001202 13.929357
v -18.058561 1.816944 13.810190
v -18.058561 3.603981 13.454726
v -18.058561 4.438457 14.440184
v -18.051550 4.444264 17.295881
v -8.151647 -14.120269 19.795366
v -5.690044 -11.539471 17.289484
v -5.690032 -17.289526 17.288174
v -8.151646 -18.036089 19.795155
v -18.058561 14.448060 -4.466197
v -18.062393 17.313046 -4.466197
v -18.062393 17.313046 0.000001
v -18.058561 13.437716 -3.600947
v -18.058561 13.792762 -1.816009
v -18.058561 13.911790 0.000001
v -18.058561 13.792762 1.816010
v -18.058561 13.437716 3.600948
v -18.062393 17.313046 4.465562
v -18.058561 14.448060 4.465562
v -18.058561 -14.461955 4.465562
v -18.056961 -17.283316 4.465561
v -18.056961 -17.283316 -0.000001
v -18.058561 -13.440119 3.600947
v -18.058561 -13.795166 1.816009
v -18.058561 -13.914193 -0.000001
v -18.058561 -13.795166 -1.816010
v -18.058561 -13.440119 -3.600948
v -18.056961 -17.283316 -4.466197
v -18.058561 -14.461955 -4.466197
v -18.058561 -4.448537 -14.428396
v -18.053848 -4.452656 -17.303949
v -18.053848 -0.001201 -17.303949
v -18.058561 -3.606385 -13.454726
v -18.058561 -1.819347 -13.810190
v -18.058561 -0.001201 -13.929357
v -18.058561 1.816945 -13.810190
v -18.058561 3.603982 -13.454726
v -18.053848 4.444144 -17.303949
v -18.058561 4.438502 -14.428396
v -7.652945 -17.035732 -0.251181
v -7.644763 -17.290987 -0.501065
v -12.848420 -17.290987 -0.506433
v -12.856777 -17.035732 -0.251181
v -12.856777 -17.035732 0.251180
v -12.848420 -17.290987 0.506432
v -7.644763 -17.290987 0.501064
v -7.652945 -17.035732 0.251180
v -3.605183 -13.455929 18.058561
v -4.447336 -14.412719 18.058561
v -4.455524 -13.688575 17.289484
v -3.329707 -12.427838 17.289484
v -7.652945 0.249980 -17.034233
v -7.644763 0.499863 -17.289484
v -12.848420 0.505232 -17.289484
v -12.856777 0.249980 -17.034233
v -0.251181 -7.654144 -17.034233
v -0.501064 -7.645964 -17.289484
v -0.506433 -12.849622 -17.289484
v -0.251181 -12.857978 -17.034233
v 12.856777 0.249980 -17.034233
v 12.848420 0.505232 -17.289484
v 7.644763 0.499863 -17.289484
v 7.652945 0.249980 -17.034233
v 7.652945 -0.252382 -17.034233
v 7.644763 -0.502265 -17.289484
v 12.848420 -0.507634 -17.289484
v 12.856777 -0.252382 -17.034233
v -12.848420 -0.507634 -17.289484
v -12.856777 -0.252382 -17.034233
v -12.865112 -0.001201 -17.035580
v -12.865520 -0.001201 -17.291174
v -12.856777 -0.252382 -16.789484
v -12.865112 -0.001201 -16.789484
v -12.856777 0.249980 -17.034233
v -12.865520 -0.001201 -17.291174
v -12.848420 0.505232 -17.289484
v -12.856777 0.249980 -16.789484
v -12.856777 -0.252382 -17.034233
v -7.652945 -0.252382 -17.034233
v -7.652945 -0.252382 -16.789484
v -12.856777 -0.252382 -16.789484
v 0.251181 -12.857978 -17.034233
v 0.506433 -12.849622 -17.289484
v 0.501064 -7.645964 -17.289484
v 0.251181 -7.654144 -17.034233
v 0.251181 7.651744 -17.034233
v 0.501064 7.643563 -17.289484
v 0.506433 12.847219 -17.289484
v 0.251181 12.855577 -17.034233
v -12.856777 -0.252382 -17.034233
v -12.848420 -0.507634 -17.289484
v -7.644763 -0.502265 -17.289484
v -7.652945 -0.252382 -17.034233
v -0.251181 12.855577 -17.034233
v -0.506433 12.847219 -17.289484
v -0.501064 7.643563 -17.289484
v -0.251181 7.651744 -17.034233
v 14.119066 8.150446 -19.795366
v 11.538268 5.688843 -17.289484
v 17.289785 5.688830 -17.289566
v 17.986135 8.150444 -19.795366
v 17.986135 -8.152845 -19.795366
v 17.289776 -5.691234 -17.289572
v 11.538268 -5.691244 -17.289484
v 14.119066 -8.152847 -19.795366
v -8.151646 -18.036089 -19.795366
v -5.690032 -17.290920 -17.289566
v -5.690044 -11.539468 -17.289484
v -8.151647 -14.120267 -19.795366
v 8.151647 -14.120267 -19.795366
v 5.690044 -11.539468 -17.289484
v 5.690032 -17.290920 -17.289566
v 8.151646 -18.036089 -19.795366
v 4.135319 -12.183456 -17.289484
v 3.329707 -12.427835 -17.289484
v 4.439758 -13.726537 -17.289484
v 5.690044 -11.539468 -17.289484
v 4.447644 -17.290920 -17.289566
v 5.690032 -17.290920 -17.289566
v -14.119066 -8.152847 -19.795366
v -11.538268 -5.691244 -17.289484
v -17.289803 -5.691256 -17.289566
v -18.035717 -8.152847 -19.795366
v -18.035717 8.150441 -19.795366
v -17.289803 5.688803 -17.289566
v -11.538268 5.688843 -17.289484
v -14.119066 8.150446 -19.795366
v -8.151647 14.117866 -19.795366
v -5.690044 11.537066 -17.289484
v -5.690060 17.287273 -17.289566
v -8.151649 18.017792 -19.795366
v 13.438918 -3.602147 -18.058561
v 12.426636 -3.330908 -17.289484
v 13.777648 -4.467397 -17.289484
v 14.449263 -4.467399 -18.058561
v 12.182256 4.134118 -17.289484
v 12.426636 3.328506 -17.289484
v 13.777648 4.464363 -17.289484
v 11.538268 5.688843 -17.289484
v 17.289785 4.459345 -17.289566
v 17.289785 5.688830 -17.289566
v -18.035717 18.017792 19.795118
v -8.151649 18.017792 19.795155
v -8.151647 14.117864 19.795366
v -9.924815 12.933069 19.795366
v -11.528170 11.526966 19.795366
v -12.934272 9.923613 19.795366
v -14.119066 8.150444 19.795366
v -18.035717 8.150442 19.795155
v 19.795567 -18.036089 -17.964979
v 17.986137 -19.796909 -17.965002
v 17.986137 -19.796951 -8.151648
v 19.795527 -18.036089 -8.151648
v -8.151647 -14.120269 19.795366
v -8.151646 -18.036089 19.795155
v -18.035717 -18.036089 19.795118
v -9.924815 -12.935474 19.795366
v -11.528170 -11.529372 19.795366
v -12.934272 -9.926019 19.795366
v -14.119066 -8.152849 19.795366
v -18.035717 -8.152847 19.795155
v -16.789484 0.249978 12.856777
v -16.789484 -0.001202 7.661086
v -16.789484 0.249979 7.652945
v -16.789484 -0.001202 12.864849
v -16.789484 -0.252383 7.652945
v -16.789484 -0.252383 12.856777
v -4.447337 -14.429598 -18.058561
v -4.455532 -13.726537 -17.289484
v -4.447644 -17.290920 -17.289566
v -4.445662 -17.290480 -18.066034
v -4.441364 -18.061699 -17.294851
v -16.789484 -0.252382 -12.856777
v -16.789484 -0.001201 -7.661153
v -16.789484 -0.252382 -7.652945
v -16.789484 -0.001201 -12.864141
v -16.789484 0.249979 -7.652945
v -16.789484 0.249979 -12.856777
v 8.151643 18.017792 -19.795366
v 5.690003 17.287273 -17.289566
v 5.690044 11.537066 -17.289484
v 8.151647 14.117866 -19.795366
v 4.439661 14.438982 -18.058561
v 4.439760 13.737309 -17.289484
v 4.439756 17.287273 -17.289566
v 4.439699 17.270906 -18.040459
v 4.439723 18.039951 -17.271452
v -16.789484 12.855576 -0.251180
v -16.789484 7.660164 -0.000000
v -16.789484 7.651742 -0.251180
v -16.789484 12.863201 0.000001
v -16.789484 7.651742 0.251181
v -16.789484 12.855576 0.251181
v 4.439760 -13.739713 17.289484
v 4.439661 -14.441386 18.058561
v 3.605183 -13.455929 18.058561
v 3.329707 -12.427838 17.289484
v 18.058561 4.446136 -14.428396
v 17.289484 4.454330 -13.725337
v 17.289785 4.459345 -17.289566
v 18.042561 4.450118 -17.305941
v -4.447337 -14.429598 -18.058561
v -4.445662 -17.290480 -18.066034
v 0.000000 -17.290482 -18.066034
v -3.605183 -13.455927 -18.058561
v -1.818146 -13.811390 -18.058561
v 0.000000 -13.930559 -18.058561
v 1.818146 -13.811390 -18.058561
v 3.605183 -13.455927 -18.058561
v 4.441364 -17.290480 -18.066034
v 4.439703 -14.429598 -18.058561
v 4.439760 13.737309 -17.289484
v 4.439661 14.438982 -18.058561
v 3.605183 13.453526 -18.058561
v 3.329707 12.425434 -17.289484
v -3.605183 13.453526 -18.058561
v -4.447336 14.410314 -18.058561
v -4.455524 13.686172 -17.289484
v -3.329707 12.425434 -17.289484
v 0.000000 17.270906 -18.040459
v 4.439661 14.438982 -18.058561
v 4.439699 17.270906 -18.040459
v 3.605183 13.453526 -18.058561
v 1.818146 13.808990 -18.058561
v 0.000000 13.928157 -18.058561
v -1.818146 13.808990 -18.058561
v -3.605183 13.453526 -18.058561
v -4.447336 17.270906 -18.040459
v -4.447336 14.410314 -18.058561
v 19.795670 -18.036089 18.035259
v 19.795544 -8.152845 18.035259
v 19.795366 -8.152849 14.119066
v 19.795366 -9.926019 12.934272
v 19.795366 -11.529372 11.528169
v 19.795366 -12.935474 9.924815
v 19.795366 -14.120267 8.151646
v 19.795527 -18.036089 8.151641
v 8.151647 14.117864 19.795366
v 8.151643 18.017792 19.795155
v 17.986135 18.017792 19.795118
v 9.924815 12.933069 19.795366
v 11.528170 11.526966 19.795366
v 12.934272 9.923613 19.795366
v 14.119066 8.150444 19.795366
v 17.986135 8.150445 19.795155
v 17.986137 -19.796556 18.035259
v 19.795670 -18.036089 18.035259
v 19.795527 -18.036089 8.151641
v 17.986137 -19.796951 8.151641
v -14.460752 4.464363 -18.058561
v -17.298388 4.458774 -18.059397
v -17.298388 -0.001201 -18.059397
v -13.438918 3.599746 -18.058561
v -13.793964 1.814809 -18.058561
v -13.912991 -0.001201 -18.058561
v -13.793964 -1.817211 -18.058561
v -13.438918 -3.602147 -18.058561
v -17.298388 -4.463326 -18.059397
v -14.460752 -4.467399 -18.058561
v -13.438918 3.599746 -18.058561
v -12.426636 3.328506 -17.289484
v -13.724934 4.464364 -17.289484
v -14.460752 4.464363 -18.058561
v -12.182256 -4.136518 -17.289484
v -12.426636 -3.330908 -17.289484
v -13.724934 -4.467397 -17.289484
v -11.538268 -5.691244 -17.289484
v -17.289804 -4.462065 -17.289566
v -17.289803 -5.691256 -17.289566
v -2.222729 7.326151 17.289484
v -5.690044 11.537066 17.289484
v -4.135319 12.181052 17.289484
v -3.329707 12.425433 17.289484
v -0.999983 7.594421 17.289484
v -1.679219 12.753736 17.289484
v -0.501064 7.643560 17.289484
v -0.506433 12.847219 17.289484
v -7.595625 0.998780 17.289484
v -7.644763 0.499862 17.289484
v -12.848420 0.505230 17.289484
v -12.754938 1.678017 17.289484
v -7.327355 2.221525 17.289484
v -12.426636 3.328504 17.289484
v -12.182256 4.134116 17.289484
v -6.752929 3.608312 17.289484
v -11.538268 5.688840 17.289484
v -11.141417 6.431296 17.289484
v -6.078012 4.662621 17.289484
v -10.206491 7.830512 17.289484
v -5.417264 5.416059 17.289484
v -9.096929 9.095726 17.289484
v -4.663823 6.076809 17.289484
v -7.831716 10.205288 17.289484
v -3.609516 6.751725 17.289484
v -6.432500 11.140214 17.289484
v 13.777648 -4.467397 -17.289484
v 17.289776 -5.691234 -17.289572
v 17.289776 -4.454233 -17.289572
v 11.538268 -5.691244 -17.289484
v 12.182256 -4.136518 -17.289484
v 12.426636 -3.330908 -17.289484
v 17.289484 2.221527 -7.327355
v 17.289484 5.688843 -11.538268
v 17.289484 4.134118 -12.182256
v 17.289484 3.328506 -12.426636
v 17.289484 0.998782 -7.595625
v 17.289484 1.678018 -12.754938
v 17.289484 0.499863 -7.644763
v 17.289484 0.505231 -12.848420
v 17.289484 7.594423 -0.999983
v 17.289484 7.643562 -0.501064
v 17.289484 12.847219 -0.506432
v 17.289484 12.753736 -1.679219
v 17.289484 7.326153 -2.222728
v 17.289484 12.425434 -3.329706
v 17.289484 12.181054 -4.135318
v 17.289484 6.751727 -3.609515
v 17.289484 11.537066 -5.690043
v 17.289484 11.140215 -6.432499
v 17.289484 6.076811 -4.663823
v 17.289484 10.205289 -7.831715
v 17.289484 5.416061 -5.417264
v 17.289484 9.095727 -9.096929
v 17.289484 4.662622 -6.078012
v 17.289484 7.830514 -10.206491
v 17.289484 3.608314 -6.752929
v 17.289484 6.431299 -11.141417
v 19.795670 -18.036089 18.035259
v 17.986137 -19.796556 18.035259
v 17.986135 -18.036089 19.795118
v 0.000000 -17.243786 18.067316
v -4.441364 -18.058558 17.252573
v -4.445685 -17.243784 18.067316
v 0.000000 -18.058558 17.252573
v 4.441364 -17.243784 18.067316
v 4.445685 -18.058558 17.252573
v -11.538268 5.688840 17.289484
v -14.119066 8.150444 19.795366
v -11.141417 6.431296 17.289484
v -10.206491 7.830512 17.289484
v -12.934272 9.923613 19.795366
v -9.096929 9.095726 17.289484
v -11.528170 11.526966 19.795366
v -7.831716 10.205288 17.289484
v -9.924815 12.933069 19.795366
v -6.432500 11.140214 17.289484
v -8.151647 14.117864 19.795366
v -5.690044 11.537066 17.289484
v -4.135319 -12.183459 17.289484
v -3.329707 -12.427838 17.289484
v -4.455524 -13.688575 17.289484
v -5.690044 -11.539471 17.289484
v -4.447638 -17.289526 17.288174
v -5.690032 -17.289526 17.288174
v 4.135319 -17.290987 12.182255
v 3.329707 -17.290987 12.426635
v 4.455524 -17.290987 13.687370
v 5.690044 -17.290987 11.538267
v 4.447638 -17.289526 17.288174
v 5.690032 -17.289526 17.288176
v -3.329707 -17.290987 12.426635
v -3.605183 -18.060061 13.454726
v -1.818146 -18.060061 13.810189
v -1.679219 -17.290987 12.754936
v -0.506433 -17.290987 12.848420
v 0.000000 -17.291178 12.864606
v 0.000000 -18.060061 13.929357
v 0.506433 -17.290987 12.848420
v 1.679219 -17.290987 12.754936
v 1.818146 -18.060061 13.810189
v 3.605183 -18.060061 13.454726
v 3.329707 -17.290987 12.426635
v 4.447337 -18.060061 -14.428398
v 4.445662 -18.061699 -17.294851
v 0.000000 -18.061699 -17.294851
v 3.605183 -18.060061 -13.454728
v 1.818146 -18.060061 -13.810190
v 0.000000 -18.060061 -13.929359
v -1.818146 -18.060061 -13.810190
v -3.605183 -18.060061 -13.454728
v -4.441364 -18.061699 -17.294851
v -4.439703 -18.060061 -14.428398
v 4.445662 -18.061699 -17.294851
v 4.441364 -17.290480 -18.066034
v 0.000000 -17.290482 -18.066034
v 0.000000 -18.061699 -17.294851
v -4.445662 -17.290480 -18.066034
v -4.441364 -18.061699 -17.294851
v 14.460752 -18.060061 4.465561
v 13.724934 -17.290987 4.465562
v 17.289804 -17.291138 4.465562
v 17.237429 -18.059208 4.465561
v 18.057543 -17.239080 4.465561
v -19.795527 18.017792 -8.151646
v -18.035717 19.794754 -8.151646
v -17.289803 17.288885 -5.690051
v -4.439661 -18.060061 14.440182
v -4.439760 -17.290987 13.738508
v -4.447638 -17.289526 17.288174
v -4.441364 -18.058558 17.252573
v 3.609516 6.751725 17.289484
v 2.222729 7.326151 17.289484
v 4.135319 12.181052 17.289484
v 3.329707 12.425433 17.289484
v 1.679219 12.753736 17.289484
v 0.999983 7.594421 17.289484
v 0.506433 12.847219 17.289484
v 0.501064 7.643560 17.289484
v 12.754938 1.678017 17.289484
v 12.848420 0.505230 17.289484
v 7.644763 0.499862 17.289484
v 7.595625 0.998780 17.289484
v 7.327355 2.221525 17.289484
v 12.426636 3.328504 17.289484
v 12.182256 4.134116 17.289484
v 11.538268 5.688840 17.289484
v 6.752929 3.608312 17.289484
v 11.141417 6.431296 17.289484
v 10.206491 7.830512 17.289484
v 6.078012 4.662621 17.289484
v 9.096929 9.095726 17.289484
v 5.417264 5.416059 17.289484
v 7.831716 10.205288 17.289484
v 4.663823 6.076809 17.289484
v 6.432500 11.140214 17.289484
v 5.690044 11.537066 17.289484
v -14.449263 -18.060061 -4.466197
v -17.281790 -18.058533 -4.466197
v -17.281790 -18.058533 -0.000001
v -13.438918 -18.060061 -3.600947
v -13.793964 -18.060061 -1.816010
v -13.912991 -18.060061 -0.000001
v -13.793964 -18.060061 1.816009
v -13.438918 -18.060061 3.600946
v -17.281790 -18.058533 4.465561
v -14.449263 -18.060061 4.465561
v -12.848420 17.288885 -0.506432
v -12.856777 17.033632 -0.251180
v -12.865112 17.034979 0.000001
v -12.865520 17.290575 0.000001
v -12.856777 16.788885 -0.251180
v -12.865112 16.788885 0.000001
v -12.856777 17.033632 0.251181
v -12.865520 17.290575 0.000001
v -12.848420 17.288885 0.506433
v -12.856777 16.788885 0.251181
v -12.856777 17.033632 -0.251180
v -7.652945 17.033632 -0.251180
v -7.652945 16.788885 -0.251180
v -12.856777 16.788885 -0.251180
v 0.251181 17.033632 -12.856775
v 0.506433 17.288885 -12.848420
v 0.501064 17.288885 -7.644763
v 0.251181 17.033632 -7.652944
v 0.251181 17.033632 7.652946
v 0.501064 17.288885 7.644764
v 0.506433 17.288885 12.848422
v 0.251181 17.033632 12.856778
v -12.856777 17.033632 -0.251180
v -12.848420 17.288885 -0.506432
v -7.644763 17.288885 -0.501064
v -7.652945 17.033632 -0.251180
v -0.251181 17.033632 12.856778
v -0.506433 17.288885 12.848422
v -0.501064 17.288885 7.644764
v -0.251181 17.033632 7.652946
v 14.119066 19.794767 8.151648
v 11.538268 17.288885 5.690044
v 17.289785 17.288902 5.690002
v 17.986137 19.794733 8.151643
v 17.986137 19.794733 -8.151646
v 17.289785 17.288902 -5.690051
v 11.538268 17.288885 -5.690043
v 14.119066 19.794767 -8.151646
v -8.151649 19.794363 -17.965002
v -5.690060 17.287273 -17.289566
v -5.690044 17.288885 -11.538267
v -8.151647 19.794767 -14.119064
v 8.151647 19.794767 -14.119064
v 5.690044 17.288885 -11.538267
v 5.690003 17.287273 -17.289566
v 8.151643 19.794363 -17.965002
v 4.135319 17.288885 -12.182255
v 3.329707 17.288885 -12.426635
v 4.439758 17.288885 -13.725336
v 5.690044 17.288885 -11.538267
v 4.439756 17.287273 -17.289566
v 5.690003 17.287273 -17.289566
v -14.119066 19.794767 -8.151646
v -11.538268 17.288885 -5.690043
v -17.289803 17.288885 -5.690051
v -18.035717 19.794754 -8.151646
v -18.035717 19.794754 8.151643
v -17.289803 17.288885 5.690002
v -11.538268 17.288885 5.690044
v -14.119066 19.794767 8.151648
v -8.151647 19.794767 14.119066
v -5.690044 17.288885 11.538269
v -5.690060 17.288668 17.288176
v -8.151649 19.794575 18.035259
v 13.438918 18.057961 -3.600946
v 12.426636 17.288885 -3.329706
v 13.777648 17.288885 -4.466197
v 14.449263 18.057961 -4.466197
v 14.449263 18.057961 -4.466197
v 13.777648 17.288885 -4.466197
v 17.289785 17.288904 -4.466197
v 17.258331 18.073017 -4.466197
v 12.182256 17.288885 4.135320
v 12.426636 17.288885 3.329708
v 13.777648 17.288885 4.465562
v 11.538268 17.288885 5.690044
v 17.289785 17.288904 4.465563
v 17.289785 17.288902 5.690002
v 17.258331 18.073017 4.465562
v 17.289785 17.288904 4.465563
v 13.777648 17.288885 4.465562
v 14.449263 18.057961 4.465562
v 5.690044 -17.290987 11.538267
v 8.151647 -19.796869 14.119064
v 6.432500 -17.290987 11.141416
v 7.831716 -17.290987 10.206490
v 9.924815 -19.796869 12.934271
v 9.096929 -17.290987 9.096928
v 11.528170 -19.796869 11.528169
v 10.206491 -17.290987 7.831716
v 12.934272 -19.796869 9.924815
v 11.141417 -17.290987 6.432499
v 14.119066 -19.796869 8.151646
v 11.538268 -17.290987 5.690043
v 11.538268 -17.290987 -5.690044
v 14.119066 -19.796869 -8.151648
v 11.141417 -17.290987 -6.432500
v 10.206491 -17.290987 -7.831716
v 12.934272 -19.796869 -9.924817
v 9.096929 -17.290987 -9.096930
v 11.528170 -19.796869 -11.528170
v 7.831716 -17.290987 -10.206491
v 9.924815 -19.796869 -12.934272
v 6.432500 -17.290987 -11.141418
v 8.151647 -19.796869 -14.119066
v 5.690044 -17.290987 -11.538269
v -4.447337 18.057961 -14.428396
v -4.455532 17.288885 -13.725336
v -4.455526 17.287273 -17.289566
v -4.447336 18.039951 -17.271452
v 8.151643 19.794575 18.035259
v 5.690003 17.288668 17.288174
v 5.690044 17.288885 11.538269
v 8.151647 19.794767 14.119066
v 4.439661 18.057961 14.440185
v 4.439760 17.288885 13.738511
v 4.439756 17.288668 17.288174
v 4.439699 18.062111 17.287741
v 4.439723 17.293177 18.056601
v -1.679219 -12.756139 -17.289484
v -3.329707 -12.427835 -17.289484
v -3.605183 -13.455927 -18.058561
v -1.818146 -13.811390 -18.058561
v -0.506433 -12.849622 -17.289484
v 0.000000 -13.930559 -18.058561
v 0.000000 -12.865634 -17.289677
v 0.506433 -12.849622 -17.289484
v 1.679219 -12.756139 -17.289484
v 1.818146 -13.811390 -18.058561
v 3.329707 -12.427835 -17.289484
v 3.605183 -13.455927 -18.058561
v 0.000000 -18.058558 17.252573
v -4.439661 -18.060061 14.440182
v -4.441364 -18.058558 17.252573
v -3.605183 -18.060061 13.454726
v -1.818146 -18.060061 13.810189
v 0.000000 -18.060061 13.929357
v 1.818146 -18.060061 13.810189
v 3.605183 -18.060061 13.454726
v 4.445685 -18.058558 17.252573
v 4.447336 -18.060061 14.411513
v 18.058008 -0.001203 17.282272
v 18.058561 -4.440864 14.440184
v 18.058008 -4.446532 17.282272
v 18.058561 -3.606385 13.454726
v 18.058561 -1.819348 13.810190
v 18.058561 -0.001202 13.929357
v 18.058561 1.816944 13.810190
v 18.058561 3.603981 13.454726
v 18.058008 4.450277 17.282272
v 18.058561 4.446134 14.411515
v -4.447337 18.057961 -14.428396
v -4.447336 18.039951 -17.271452
v 0.000000 18.039951 -17.271452
v -3.605183 18.057961 -13.454726
v -1.818146 18.057961 -13.810189
v 0.000000 18.057961 -13.929357
v 1.818146 18.057961 -13.810189
v 3.605183 18.057961 -13.454726
v 4.439723 18.039951 -17.271452
v 4.439703 18.057961 -14.428396
v -3.605183 18.057961 13.454728
v -4.447336 18.062111 17.287741
v -4.447336 18.057961 14.411516
v 0.000000 18.062111 17.287741
v -1.818146 18.057961 13.810190
v 0.000000 18.057961 13.929359
v 1.818146 18.057961 13.810190
v 3.605183 18.057961 13.454728
v 4.439661 18.057961 14.440185
v 4.439699 18.062111 17.287741
v -19.795527 -8.152847 -17.964979
v -18.035717 -8.152847 -19.795366
v -17.289803 -5.691256 -17.289566
v 4.439760 17.288885 13.738511
v 4.439661 18.057961 14.440185
v 3.605183 18.057961 13.454728
v 3.329707 17.288885 12.426637
v -3.605183 18.057961 13.454728
v -4.447336 18.057961 14.411516
v -4.455524 17.288885 13.687372
v -3.329707 17.288885 12.426637
v 4.439723 18.039951 -17.271452
v 4.439756 17.287273 -17.289566
v 4.439758 17.288885 -13.725336
v 4.439703 18.057961 -14.428396
v -11.538268 -17.290987 5.690043
v -14.119066 -19.796869 8.151646
v -11.141417 -17.290987 6.432499
v -10.206491 -17.290987 7.831716
v -12.934272 -19.796869 9.924815
v -9.096929 -17.290987 9.096928
v -11.528170 -19.796869 11.528169
v -7.831716 -17.290987 10.206490
v -9.924815 -19.796869 12.934271
v -6.432500 -17.290987 11.141416
v -8.151647 -19.796869 14.119064
v -5.690044 -17.290987 11.538267
v -5.690044 -17.290987 -11.538269
v -8.151647 -19.796869 -14.119066
v -6.432500 -17.290987 -11.141418
v -7.831716 -17.290987 -10.206491
v -9.924815 -19.796869 -12.934272
v -9.096929 -17.290987 -9.096930
v -11.528170 -19.796869 -11.528170
v -10.206491 -17.290987 -7.831716
v -12.934272 -19.796869 -9.924817
v -11.141417 -17.290987 -6.432500
v -14.119066 -19.796869 -8.151648
v -11.538268 -17.290987 -5.690044
v 17.986137 -19.796909 -17.965002
v 8.151646 -19.796774 -17.965002
v 8.151647 -19.796869 -14.119066
v 9.924815 -19.796869 -12.934272
v 11.528170 -19.796869 -11.528170
v 12.934272 -19.796869 -9.924817
v 14.119066 -19.796869 -8.151648
v 17.986137 -19.796951 -8.151648
v -14.460752 18.057961 4.465562
v -17.331940 18.043539 4.465562
v -17.331938 18.043539 0.000001
v -13.438918 18.057961 3.600947
v -13.793964 18.057961 1.816010
v -13.912991 18.057961 0.000001
v -13.793964 18.057961 -1.816009
v -13.438918 18.057961 -3.600946
v -17.331940 18.043539 -4.466197
v -14.460752 18.057961 -4.466197
v -13.438918 18.057961 3.600947
v -12.426636 17.288885 3.329708
v -13.724934 17.288885 4.465563
v -14.460752 18.057961 4.465562
v -12.182256 17.288885 -4.135318
v -12.426636 17.288885 -3.329706
v -13.724934 17.288885 -4.466197
v -11.538268 17.288885 -5.690043
v -17.289804 17.288885 -4.466197
v -17.289803 17.288885 -5.690051
v 18.058561 14.459551 4.465562
v 18.078299 17.252979 4.465562
v 18.078299 17.252979 0.000001
v 18.058561 13.437716 3.600948
v 18.058561 13.792762 1.816010
v 18.058561 13.911790 0.000001
v 18.058561 13.792762 -1.816009
v 18.058561 13.437716 -3.600947
v 18.078299 17.252979 -4.466197
v 18.058561 14.459551 -4.466197
v 18.058561 4.446136 -14.428396
v 18.042561 4.450118 -17.305941
v 18.042570 -0.001164 -17.306395
v 18.058561 3.603982 -13.454726
v 18.058561 1.816945 -13.810190
v 18.058561 -0.001201 -13.929357
v 18.058561 -1.819347 -13.810190
v 18.058561 -3.606385 -13.454726
v 18.042561 -4.446683 -17.305824
v 18.058561 -4.440905 -14.428396
v 13.438918 -18.060061 -3.600947
v 17.237429 -18.059208 -4.466197
v 14.460752 -18.060061 -4.466197
v 17.237429 -18.059208 -0.000001
v 13.793964 -18.060061 -1.816010
v 13.912991 -18.060061 -0.000001
v 13.793964 -18.060061 1.816009
v 13.438918 -18.060061 3.600946
v 14.460752 -18.060061 4.465561
v 17.237429 -18.059208 4.465561
v 13.777648 17.288885 -4.466197
v 17.289785 17.288902 -5.690051
v 17.289785 17.288904 -4.466197
v 11.538268 17.288885 -5.690043
v 12.182256 17.288885 -4.135318
v 12.426636 17.288885 -3.329706
v -13.438918 -18.060061 3.600946
v -12.426636 -17.290987 3.329706
v -12.754938 -17.290987 1.679219
v -13.793964 -18.060061 1.816009
v -12.848420 -17.290987 0.506432
v -13.912991 -18.060061 -0.000001
v -12.864195 -17.292677 -0.000001
v -13.793964 -18.060061 -1.816010
v -12.848420 -17.290987 -0.506433
v -12.754938 -17.290987 -1.679219
v -13.438918 -18.060061 -3.600947
v -12.426636 -17.290987 -3.329708
v 8.151643 19.794575 18.035259
v 17.986137 19.794521 18.035259
v 17.986135 18.017792 19.795118
v 8.151643 18.017792 19.795155
v 19.795527 -18.036089 -8.151648
v 17.289803 -17.291138 -5.690052
v 17.289484 -11.539470 -5.690043
v 19.795366 -14.120267 -8.151648
v 17.289484 -7.328557 -2.222729
v 17.289484 -11.539470 -5.690043
v 17.289484 -12.183458 -4.135319
v 17.289484 -12.427837 -3.329707
v 17.289484 -12.756139 -1.679220
v 17.289484 -7.596827 -0.999983
v 17.289484 -7.645966 -0.501065
v 17.289484 -12.849623 -0.506433
v 17.289484 -1.001184 -7.595625
v 17.289484 -0.502266 -7.644763
v 17.289484 -0.507634 -12.848420
v 17.289484 -1.680421 -12.754938
v 17.289484 -2.223930 -7.327355
v 17.289484 -3.330908 -12.426636
v 17.289484 -4.136519 -12.182256
v 17.289484 -3.610717 -6.752929
v 17.289484 -5.691244 -11.538268
v 17.289484 -6.433701 -11.141417
v 17.289484 -4.665024 -6.078012
v 17.289484 -7.832917 -10.206491
v 17.289484 -5.418465 -5.417264
v 17.289484 -9.098129 -9.096929
v 17.289484 -6.079215 -4.663824
v 17.289484 -10.207692 -7.831716
v 17.289484 -6.754131 -3.609515
v 17.289484 -11.142618 -6.432499
v -2.222729 17.288885 -7.327354
v -5.690044 17.288885 -11.538267
v -4.135319 17.288885 -12.182255
v -3.329707 17.288885 -12.426635
v -0.999983 17.288885 -7.595624
v -1.679219 17.288885 -12.754936
v -0.501064 17.288885 -7.644763
v -0.506433 17.288885 -12.848420
v -7.595625 17.288885 -0.999982
v -7.644763 17.288885 -0.501064
v -12.848420 17.288885 -0.506432
v -12.754938 17.288885 -1.679219
v -7.327355 17.288885 -2.222728
v -12.426636 17.288885 -3.329706
v -12.182256 17.288885 -4.135318
v -6.752929 17.288885 -3.609515
v -11.538268 17.288885 -5.690043
v -11.141417 17.288885 -6.432499
v -6.078012 17.288885 -4.663823
v -10.206491 17.288885 -7.831716
v -5.417264 17.288885 -5.417263
v -9.096929 17.288885 -9.096928
v -4.663823 17.288885 -6.078012
v -7.831716 17.288885 -10.206490
v -3.609516 17.288885 -6.752928
v -6.432500 17.288885 -11.141416
v -12.182256 4.134116 17.289484
v -12.426636 3.328504 17.289484
v -13.724934 4.464994 17.289484
v -11.538268 5.688840 17.289484
v -17.289804 4.451773 17.288174
v -17.289803 5.688824 17.288174
v -19.795527 8.150442 18.035259
v -19.795647 18.017792 18.035259
v -18.035717 18.017792 19.795118
v -18.035717 8.150442 19.795155
v -4.447337 14.427194 18.058561
v -4.447336 17.293177 18.056601
v 0.000000 17.293177 18.056601
v -3.605183 13.453524 18.058561
v -1.818146 13.808988 18.058561
v 0.000000 13.928154 18.058561
v 1.818146 13.808988 18.058561
v 3.605183 13.453524 18.058561
v 4.439723 17.293177 18.056601
v 4.439703 14.427194 18.058561
v -8.151649 19.794363 -17.965002
v -18.035717 19.794521 -17.965002
v -18.035717 18.017792 -19.795366
v -8.151649 18.017792 -19.795366
v 2.222729 -17.290987 -7.327355
v 5.690044 -17.290987 -11.538269
v 4.135319 -17.290987 -12.182257
v 3.329707 -17.290987 -12.426637
v 0.999983 -17.290987 -7.595625
v 1.679219 -17.290987 -12.754939
v 0.506433 -17.290987 -12.848422
v 0.501064 -17.290987 -7.644764
v 12.848420 -17.290987 -0.506433
v 7.595625 -17.290987 -0.999984
v 7.644763 -17.290987 -0.501065
v 12.754938 -17.290987 -1.679219
v 7.327355 -17.290987 -2.222728
v 12.426636 -17.290987 -3.329708
v 12.182256 -17.290987 -4.135320
v 11.538268 -17.290987 -5.690044
v 6.752929 -17.290987 -3.609515
v 11.141417 -17.290987 -6.432500
v 6.078012 -17.290987 -4.663824
v 10.206491 -17.290987 -7.831716
v 5.417264 -17.290987 -5.417264
v 9.096929 -17.290987 -9.096930
v 4.663823 -17.290987 -6.078013
v 7.831716 -17.290987 -10.206491
v 3.609516 -17.290987 -6.752929
v 6.432500 -17.290987 -11.141418
v 1.679219 12.753736 -17.289484
v 3.329707 12.425434 -17.289484
v 3.605183 13.453526 -18.058561
v 1.818146 13.808990 -18.058561
v 0.506433 12.847219 -17.289484
v 0.000000 13.928157 -18.058561
v 0.000000 12.863406 -17.289677
v -0.506433 12.847219 -17.289484
v -1.679219 12.753736 -17.289484
v -1.818146 13.808990 -18.058561
v -3.329707 12.425434 -17.289484
v -3.605183 13.453526 -18.058561
v -12.754938 1.678018 -17.289484
v -12.426636 3.328506 -17.289484
v -13.438918 3.599746 -18.058561
v -13.793964 1.814809 -18.058561
v -12.848420 0.505232 -17.289484
v -13.912991 -0.001201 -18.058561
v -12.865520 -0.001201 -17.291174
v -12.848420 -0.507634 -17.289484
v -12.754938 -1.680421 -17.289484
v -13.793964 -1.817211 -18.058561
v -12.426636 -3.330908 -17.289484
v -13.438918 -3.602147 -18.058561
v -17.289484 12.425434 3.329707
v -18.058561 13.437716 3.600948
v -17.289484 13.776445 4.465562
v -18.058561 14.448060 4.465562
v -19.795658 -18.036089 18.035259
v -18.035717 -18.036089 19.795118
v -18.035717 -19.796545 18.035259
v 19.795544 18.017792 8.151643
v 19.795681 18.017792 18.035259
v 17.986137 19.794521 18.035259
v 17.986137 19.794733 8.151643
v 4.439661 -14.441386 18.058561
v 4.439760 -13.739713 17.289484
v 4.447638 -17.289526 17.288174
v 4.441364 -17.243784 18.067316
v 4.445685 -18.058558 17.252573
v -19.795544 -18.036089 8.151641
v -18.035717 -19.796932 8.151641
v -17.289785 -17.291155 5.690001
v -17.281790 -18.058533 -0.000001
v -18.056961 -17.283316 4.465561
v -17.281790 -18.058533 4.465561
v -18.056961 -17.283316 -0.000001
v -17.281790 -18.058533 -4.466197
v -18.056961 -17.283316 -4.466197
v -17.331940 18.043539 -4.466197
v -18.062393 17.313046 -4.466197
v -17.289804 17.288885 -4.466197
v -18.058561 14.448060 -4.466197
v -17.289484 13.776445 -4.466197
v -2.222729 18.050041 -7.327354
v -2.222729 17.288885 -7.327354
v -0.999983 17.288885 -7.595624
v -0.999983 18.050041 -7.595624
v -0.501064 17.288885 -7.644763
v -0.501064 18.050041 -7.644763
v 0.000000 18.050041 -7.661167
v 0.000000 17.289635 -7.661167
v -7.644763 17.288885 -0.501064
v -7.661167 18.050041 0.000001
v -7.661167 17.289635 0.000001
v -7.644763 18.050041 -0.501064
v -7.595625 17.288885 -0.999982
v -7.595625 18.050041 -0.999982
v -7.327355 17.288885 -2.222728
v -7.327355 18.050041 -2.222728
v -6.752929 17.288885 -3.609515
v -6.752929 18.050041 -3.609515
v -6.078012 17.288885 -4.663823
v -6.078012 18.050041 -4.663823
v -5.417264 17.288885 -5.417263
v -5.417264 18.050041 -5.417263
v -4.663823 17.288885 -6.078012
v -4.663823 18.050041 -6.078012
v -3.609516 17.288885 -6.752928
v -3.609516 18.050041 -6.752928
v -2.222729 18.050041 7.327355
v -2.222729 17.288885 7.327355
v -3.609516 17.288885 6.752929
v -3.609516 18.050041 6.752929
v -4.663823 17.288885 6.078013
v -4.663823 18.050041 6.078013
v -5.417264 17.288885 5.417264
v -5.417264 18.050041 5.417264
v -6.078012 18.050041 4.663824
v -6.078012 17.288885 4.663824
v -6.752929 18.050041 3.609515
v -6.752929 17.288885 3.609515
v -7.327355 18.050041 2.222728
v -7.327355 17.288885 2.222728
v -7.595625 18.050041 0.999984
v -7.595625 17.288885 0.999984
v -7.644763 17.288885 0.501065
v -7.644763 18.050041 0.501065
v 5.417264 18.050041 5.417264
v 5.417264 17.288885 5.417264
v 4.663823 17.288885 6.078013
v 4.663823 18.050041 6.078013
v 3.609516 17.288885 6.752929
v 3.609516 18.050041 6.752929
v 2.222729 17.288885 7.327355
v 2.222729 18.050041 7.327355
v 0.999983 17.288885 7.595625
v 0.999983 18.050041 7.595625
v 0.501064 17.288885 7.644764
v 0.501064 18.050041 7.644764
v 0.000000 18.050041 7.661168
v 0.000000 17.289635 7.661168
v -0.501064 17.288885 7.644764
v -0.501064 18.050041 7.644764
v -0.999983 17.288885 7.595625
v -0.999983 18.050041 7.595625
v 7.327355 18.050041 -2.222728
v 7.327355 17.288885 -2.222728
v 7.595625 17.288885 -0.999982
v 7.595625 18.050041 -0.999982
v 7.644763 17.288885 -0.501064
v 7.644763 18.050041 -0.501064
v 7.661167 18.050041 0.000001
v 7.661167 17.289635 0.000001
v 7.644763 17.288885 0.501065
v 7.644763 18.050041 0.501065
v 7.595625 17.288885 0.999984
v 7.595625 18.050041 0.999984
v 7.327355 17.288885 2.222728
v 7.327355 18.050041 2.222728
v 6.752929 17.288885 3.609515
v 6.752929 18.050041 3.609515
v 6.078012 17.288885 4.663824
v 6.078012 18.050041 4.663824
v 0.501064 17.288885 -7.644763
v 0.000000 18.050041 -7.661167
v 0.000000 17.289635 -7.661167
v 0.501064 18.050041 -7.644763
v 0.999983 17.288885 -7.595624
v 0.999983 18.050041 -7.595624
v 2.222729 17.288885 -7.327354
v 2.222729 18.050041 -7.327354
v 3.609516 17.288885 -6.752928
v 3.609516 18.050041 -6.752928
v 4.663823 17.288885 -6.078012
v 4.663823 18.050041 -6.078012
v 5.417264 17.288885 -5.417263
v 5.417264 18.050041 -5.417263
v 6.078012 17.288885 -4.663823
v 6.078012 18.050041 -4.663823
v 6.752929 17.288885 -3.609515
v 6.752929 18.050041 -3.609515
v 8.151647 19.794767 -14.119064
v 8.151643 19.794363 -17.965002
v 17.986137 19.794508 -17.965002
v 9.924815 19.794767 -12.934271
v 11.528170 19.794767 -11.528169
v 12.934272 19.794767 -9.924815
v 14.119066 19.794767 -8.151646
v 17.986137 19.794733 -8.151646
v -8.151649 19.794363 -17.965002
v -8.151649 18.017792 -19.795366
v -5.690060 17.287273 -17.289566
v 17.237429 -18.059208 -0.000001
v 18.057543 -17.239080 -4.466197
v 17.237429 -18.059208 -4.466197
v 18.057543 -17.239080 -0.000001
v 17.237429 -18.059208 4.465561
v 18.057543 -17.239080 4.465561
v 19.795544 18.017792 -8.151646
v 19.795681 18.017792 -17.964979
v 19.795366 14.117864 -8.151646
v 19.795366 12.933069 -9.924815
v 19.795366 11.526968 -11.528169
v 19.795366 9.923615 -12.934272
v 19.795366 8.150446 -14.119066
v 19.795544 8.150444 -17.964979
v 8.151646 -19.796774 -17.965002
v 8.151646 -18.036089 -19.795366
v 5.690032 -17.290920 -17.289566
v 14.449263 18.057961 -4.466197
v 17.258331 18.073017 -4.466197
v 17.258333 18.073017 0.000001
v 13.438918 18.057961 -3.600946
v 13.793964 18.057961 -1.816009
v 13.912991 18.057961 0.000001
v 13.793964 18.057961 1.816010
v 13.438918 18.057961 3.600947
v 17.258331 18.073017 4.465562
v 14.449263 18.057961 4.465562
v 5.690044 17.288885 -11.538267
v 8.151647 19.794767 -14.119064
v 6.432500 17.288885 -11.141416
v 7.831716 17.288885 -10.206490
v 9.924815 19.794767 -12.934271
v 9.096929 17.288885 -9.096928
v 11.528170 19.794767 -11.528169
v 10.206491 17.288885 -7.831716
v 12.934272 19.794767 -9.924815
v 11.141417 17.288885 -6.432499
v 14.119066 19.794767 -8.151646
v 11.538268 17.288885 -5.690043
v -18.035717 19.794521 -17.965002
v -19.795647 18.017792 -17.964979
v -18.035717 18.017792 -19.795366
v 18.050640 2.221527 -7.327355
v 17.289484 2.221527 -7.327355
v 17.289484 0.998782 -7.595625
v 18.050640 0.998782 -7.595625
v 17.289484 0.499863 -7.644763
v 18.050640 0.499863 -7.644763
v 18.050640 -0.001201 -7.661167
v 17.290234 -0.001201 -7.661167
v 17.289484 7.643562 -0.501064
v 18.050640 7.659966 -0.000000
v 17.290234 7.659966 -0.000000
v 18.050640 7.643562 -0.501064
v 17.289484 7.594423 -0.999983
v 18.050640 7.594423 -0.999983
v 17.289484 7.326153 -2.222728
v 18.050640 7.326153 -2.222728
v 17.289484 6.751727 -3.609515
v 18.050640 6.751727 -3.609515
v 17.289484 6.076811 -4.663823
v 18.050640 6.076811 -4.663823
v 17.289484 5.416061 -5.417264
v 18.050640 5.416061 -5.417264
v 17.289484 4.662622 -6.078012
v 18.050640 4.662622 -6.078012
v 17.289484 3.608314 -6.752929
v 18.050640 3.608314 -6.752929
v 18.050640 2.221527 7.327355
v 17.289484 2.221527 7.327355
v 17.289484 3.608314 6.752929
v 18.050640 3.608314 6.752929
v 17.289484 4.662621 6.078012
v 18.050640 4.662621 6.078012
v 17.289484 5.416061 5.417264
v 18.050640 5.416061 5.417264
v 18.050640 6.076811 4.663824
v 17.289484 6.076811 4.663824
v 18.050640 6.751727 3.609515
v 17.289484 6.751727 3.609515
v 18.050640 7.326153 2.222729
v 17.289484 7.326153 2.222729
v 18.050640 7.594423 0.999983
v 17.289484 7.594423 0.999983
v 17.289484 7.643562 0.501065
v 18.050640 7.643562 0.501065
v 18.050640 -5.418465 5.417264
v 17.289484 -5.418465 5.417264
v 17.289484 -4.665025 6.078012
v 18.050640 -4.665025 6.078012
v 17.289484 -3.610718 6.752929
v 18.050640 -3.610718 6.752929
v 17.289484 -2.223931 7.327355
v 18.050640 -2.223931 7.327355
v 17.289484 -1.001185 7.595625
v 18.050640 -1.001185 7.595625
v 17.289484 -0.502266 7.644763
v 18.050640 -0.502266 7.644763
v 18.050640 -0.001202 7.661167
v 17.290234 -0.001202 7.661167
v 17.289484 0.499862 7.644763
v 18.050640 0.499862 7.644763
v 17.289484 0.998781 7.595625
v 18.050640 0.998781 7.595625
v 18.050640 -7.328557 -2.222729
v 17.289484 -7.328557 -2.222729
v 17.289484 -7.596827 -0.999983
v 18.050640 -7.596827 -0.999983
v 17.289484 -7.645966 -0.501065
v 18.050640 -7.645966 -0.501065
v 18.050640 -7.662369 0.000000
v 17.290234 -7.662369 0.000000
v 17.289484 -7.645966 0.501064
v 18.050640 -7.645966 0.501064
v 17.289484 -7.596827 0.999983
v 18.050640 -7.596827 0.999983
v 17.289484 -7.328557 2.222728
v 18.050640 -7.328557 2.222728
v 17.289484 -6.754131 3.609515
v 18.050640 -6.754131 3.609515
v 17.289484 -6.079215 4.663823
v 18.050640 -6.079215 4.663823
v 17.289484 -0.502266 -7.644763
v 18.050640 -0.001201 -7.661167
v 17.290234 -0.001201 -7.661167
v 18.050640 -0.502266 -7.644763
v 17.289484 -1.001184 -7.595625
v 18.050640 -1.001184 -7.595625
v 17.289484 -2.223930 -7.327355
v 18.050640 -2.223930 -7.327355
v 17.289484 -3.610717 -6.752929
v 18.050640 -3.610717 -6.752929
v 17.289484 -4.665024 -6.078012
v 18.050640 -4.665024 -6.078012
v 17.289484 -5.418465 -5.417264
v 18.050640 -5.418465 -5.417264
v 17.289484 -6.079215 -4.663824
v 18.050640 -6.079215 -4.663824
v 17.289484 -6.754131 -3.609515
v 18.050640 -6.754131 -3.609515
v -18.035717 -19.796886 -17.965002
v -18.035717 -19.796932 -8.151648
v -14.119066 -19.796869 -8.151648
v -12.934272 -19.796869 -9.924817
v -11.528170 -19.796869 -11.528170
v -9.924815 -19.796869 -12.934272
v -8.151647 -19.796869 -14.119066
v -8.151646 -19.796774 -17.965002
v 17.986135 18.017792 -19.795366
v 8.151643 18.017792 -19.795366
v 8.151647 14.117866 -19.795366
v 9.924815 12.933071 -19.795366
v 11.528170 11.526968 -19.795366
v 12.934272 9.923615 -19.795366
v 14.119066 8.150446 -19.795366
v 17.986135 8.150444 -19.795366
v -14.119066 19.794767 -8.151646
v -18.035717 19.794754 -8.151646
v -18.035717 19.794521 -17.965002
v -12.934272 19.794767 -9.924815
v -11.530091 19.794628 -11.527843
v -9.924926 19.794985 -12.934285
v -8.151647 19.794767 -14.119064
v -8.151649 19.794363 -17.965002
v 8.151643 18.017792 -19.795366
v 8.151643 19.794363 -17.965002
v 5.690003 17.287273 -17.289566
v 14.449263 -4.467399 -18.058561
v 17.298704 -4.461648 -18.049917
v 17.299042 -0.001162 -18.049917
v 13.438918 -3.602147 -18.058561
v 13.793964 -1.817211 -18.058561
v 13.912991 -0.001201 -18.058561
v 13.793964 1.814809 -18.058561
v 13.438918 3.599746 -18.058561
v 17.298578 4.460412 -18.049917
v 14.449263 4.464363 -18.058561
v -18.050640 -7.596827 0.999983
v -18.050640 -7.645966 0.501064
v -18.689291 -7.371231 0.483057
v -18.689291 -7.323857 0.964046
v -18.964468 -6.733606 0.441265
v -18.964468 -6.690331 0.880640
v -18.689291 -7.065228 2.142849
v -18.050640 -7.328557 2.222728
v -18.050640 -6.754131 3.609515
v -18.689291 -7.387043 0.000000
v -18.964468 -6.748052 0.000000
v -18.964468 -0.001202 0.000000
v -18.964468 -6.454078 1.957458
v -18.689291 -6.511446 3.479798
v -18.050640 -6.079215 4.663823
v -18.689291 -5.860785 4.496215
v -18.050640 -5.418465 5.417264
v -18.689291 -5.223781 5.222579
v -18.050640 -4.665025 6.078012
v -18.689291 -4.497418 5.859583
v -18.050640 -3.610718 6.752929
v -18.689291 -3.481000 6.510243
v -18.050640 -2.223931 7.327355
v -18.964468 -4.771945 -4.770743
v -18.964468 -4.108424 -5.352636
v -18.964468 -5.353837 -4.107222
v -18.964468 -5.948205 -3.178740
v -18.964468 -6.454078 -1.957459
v -18.964468 -6.690331 -0.880641
v -18.964468 -6.733606 -0.441265
v -18.964468 6.731203 0.441265
v -18.964468 6.745647 -0.000000
v -18.964468 6.731203 -0.441265
v -18.964468 6.687928 -0.880640
v -18.964468 6.451674 -1.957458
v -18.964468 5.945803 -3.178740
v -18.964468 5.351434 -4.107222
v -18.964468 4.769541 -4.770743
v -18.964468 4.106020 -5.352636
v -18.964468 3.177539 -5.947004
v -18.964468 1.956257 -6.452876
v -18.964468 0.879439 -6.689129
v -18.964468 0.440064 -6.732404
v -18.964468 -0.001201 -6.746850
v -18.964468 -0.442467 -6.732404
v -18.964468 -0.881842 -6.689129
v -18.964468 -1.958660 -6.452876
v -18.964468 -3.179941 -5.947004
v -18.689291 -2.144051 -7.064026
v -18.689291 -0.965247 -7.322655
v -18.689291 -0.484259 -7.370028
v -18.689291 -0.001201 -7.385842
v -18.689291 0.481856 -7.370028
v -18.689291 0.962844 -7.322655
v -18.689291 2.141647 -7.064026
v -18.689291 3.478596 -6.510243
v -18.689291 4.495015 -5.859583
v -18.689291 5.221377 -5.222579
v -18.964468 -5.353837 4.107222
v -18.964468 -4.771945 4.770743
v -18.964468 -4.108424 5.352636
v -18.964468 -3.179942 5.947004
v -18.964468 -1.958660 6.452876
v -18.964468 -0.881843 6.689129
v -18.964468 -0.442467 6.732404
v -18.964468 -0.001202 6.746850
v -18.964468 0.440063 6.732404
v -18.964468 0.879439 6.689129
v -18.964468 1.956256 6.452876
v -18.964468 3.177537 5.947004
v -18.964468 4.106020 5.352636
v -18.964468 4.769541 4.770743
v -18.964468 5.351434 4.107222
v -18.964468 5.945803 3.178740
v -18.964468 6.451674 1.957459
v -18.964468 6.687928 0.880641
v -18.689291 7.062823 2.142849
v -18.689291 6.509042 3.479798
v -18.689291 5.858381 4.496216
v -18.689291 5.221377 5.222579
v -18.689291 4.495014 5.859583
v -18.689291 3.478596 6.510243
v -18.689291 2.141647 7.064026
v -18.689291 0.962844 7.322655
v -18.689291 0.481855 7.370028
v -18.689291 -0.001202 7.385842
v -18.689291 -2.144051 7.064026
v -18.050640 -1.001185 7.595625
v -18.689291 -0.965248 7.322655
v -18.050640 -0.502266 7.644763
v -18.689291 -0.484259 7.370028
v -18.050640 -0.001202 7.661167
v -18.050640 0.499862 7.644763
v -18.050640 0.998781 7.595625
v -18.050640 2.221527 7.327355
v -18.050640 3.608314 6.752929
v -18.050640 4.662621 6.078012
v -18.050640 5.416061 5.417264
v -18.964468 -5.948205 3.178740
v -18.050640 6.076811 4.663824
v -18.050640 6.751727 3.609515
v -18.050640 7.326153 2.222729
v -18.050640 7.594423 0.999983
v -18.689291 7.321454 0.964046
v -18.050640 7.643562 0.501065
v -18.689291 7.368827 0.483058
v -18.050640 7.659966 -0.000000
v -18.689291 7.384641 -0.000000
v -18.050640 7.643562 -0.501064
v -18.689291 7.368827 -0.483057
v -18.050640 7.594423 -0.999983
v -18.689291 7.321454 -0.964046
v -18.050640 7.326153 -2.222728
v -18.689291 5.858381 -4.496215
v -18.689291 6.509042 -3.479798
v -18.689291 7.062823 -2.142849
v -18.050640 6.751727 -3.609515
v -18.050640 6.076811 -4.663823
v -18.050640 5.416061 -5.417264
v -18.050640 4.662622 -6.078012
v -18.050640 3.608314 -6.752929
v -18.050640 2.221527 -7.327355
v -18.050640 0.998782 -7.595625
v -18.050640 0.499863 -7.644763
v -18.050640 -0.001201 -7.661167
v -18.050640 -0.502266 -7.644763
v -18.050640 -1.001184 -7.595625
v -18.050640 -2.223930 -7.327355
v -18.050640 -3.610717 -6.752929
v -18.689291 -3.480999 -6.510243
v -18.050640 -4.665024 -6.078012
v -18.689291 -4.497416 -5.859583
v -18.050640 -5.418465 -5.417264
v -18.689291 -5.223781 -5.222579
v -18.050640 -6.079215 -4.663824
v -18.689291 -5.860785 -4.496216
v -18.050640 -6.754131 -3.609515
v -18.689291 -6.511446 -3.479798
v -18.050640 -7.328557 -2.222729
v -18.689291 -7.371231 -0.483058
v -18.689291 -7.323857 -0.964046
v -18.689291 -7.065228 -2.142849
v -18.050640 -7.596827 -0.999983
v -18.050640 -7.645966 -0.501065
v -18.050640 -7.662369 0.000000
v -14.460752 -4.466765 18.058561
v -17.301739 -4.454031 18.045666
v -17.301739 -0.001203 18.045666
v -13.438918 -3.602150 18.058561
v -13.793964 -1.817212 18.058561
v -13.912991 -0.001203 18.058561
v -13.793964 1.814807 18.058561
v -13.438918 3.599745 18.058561
v -17.301739 4.450503 18.045666
v -14.460752 4.464994 18.058561
v -2.222729 7.326151 18.050640
v -2.222729 7.326151 17.289484
v -0.999983 7.594421 17.289484
v -0.999983 7.594421 18.050640
v -0.501064 7.643560 17.289484
v -0.501064 7.643560 18.050640
v 0.000000 7.659965 18.050640
v 0.000000 7.659965 17.290234
v -7.644763 0.499862 17.289484
v -7.661167 -0.001203 18.050640
v -7.661167 -0.001203 17.290234
v -7.644763 0.499862 18.050640
v -7.595625 0.998780 17.289484
v -7.595625 0.998780 18.050640
v -7.327355 2.221525 17.289484
v -7.327355 2.221525 18.050640
v -6.752929 3.608312 17.289484
v -6.752929 3.608312 18.050640
v -6.078012 4.662621 17.289484
v -6.078012 4.662621 18.050640
v -5.417264 5.416059 17.289484
v -5.417264 5.416059 18.050640
v -4.663823 6.076809 17.289484
v -4.663823 6.076809 18.050640
v -3.609516 6.751725 17.289484
v -3.609516 6.751725 18.050640
v -2.222729 -7.328557 18.050640
v -2.222729 -7.328557 17.289484
v -3.609516 -6.754132 17.289484
v -3.609516 -6.754132 18.050640
v -4.663823 -6.079216 17.289484
v -4.663823 -6.079216 18.050640
v -5.417264 -5.418467 17.289484
v -5.417264 -5.418467 18.050640
v -6.078012 -4.665027 18.050640
v -6.078012 -4.665027 17.289484
v -6.752929 -3.610718 18.050640
v -6.752929 -3.610718 17.289484
v -7.327355 -2.223932 18.050640
v -7.327355 -2.223932 17.289484
v -7.595625 -1.001186 18.050640
v -7.595625 -1.001186 17.289484
v -7.644763 -0.502267 17.289484
v -7.644763 -0.502267 18.050640
v 5.417264 -5.418467 18.050640
v 5.417264 -5.418467 17.289484
v 4.663823 -6.079216 17.289484
v 4.663823 -6.079216 18.050640
v 3.609516 -6.754132 17.289484
v 3.609516 -6.754132 18.050640
v 2.222729 -7.328557 17.289484
v 2.222729 -7.328557 18.050640
v 0.999983 -7.596828 17.289484
v 0.999983 -7.596828 18.050640
v 0.501064 -7.645967 17.289484
v 0.501064 -7.645967 18.050640
v 0.000000 -7.662371 18.050640
v 0.000000 -7.662371 17.290234
v -0.501064 -7.645967 17.289484
v -0.501064 -7.645967 18.050640
v -0.999983 -7.596828 17.289484
v -0.999983 -7.596828 18.050640
v 7.327355 2.221525 18.050640
v 7.327355 2.221525 17.289484
v 7.595625 0.998780 17.289484
v 7.595625 0.998780 18.050640
v 7.644763 0.499862 17.289484
v 7.644763 0.499862 18.050640
v 7.661167 -0.001203 18.050640
v 7.661167 -0.001203 17.290234
v 7.644763 -0.502267 17.289484
v 7.644763 -0.502267 18.050640
v 7.595625 -1.001186 17.289484
v 7.595625 -1.001186 18.050640
v 7.327355 -2.223932 17.289484
v 7.327355 -2.223932 18.050640
v 6.752929 -3.610718 17.289484
v 6.752929 -3.610718 18.050640
v 6.078012 -4.665027 17.289484
v 6.078012 -4.665027 18.050640
v 0.501064 7.643560 17.289484
v 0.000000 7.659965 18.050640
v 0.000000 7.659965 17.290234
v 0.501064 7.643560 18.050640
v 0.999983 7.594421 17.289484
v 0.999983 7.594421 18.050640
v 2.222729 7.326151 17.289484
v 2.222729 7.326151 18.050640
v 3.609516 6.751725 17.289484
v 3.609516 6.751725 18.050640
v 4.663823 6.076809 17.289484
v 4.663823 6.076809 18.050640
v 5.417264 5.416059 17.289484
v 5.417264 5.416059 18.050640
v 6.078012 4.662621 17.289484
v 6.078012 4.662621 18.050640
v 6.752929 3.608312 17.289484
v 6.752929 3.608312 18.050640
v 11.538268 5.688843 -17.289484
v 14.119066 8.150446 -19.795366
v 11.141417 6.431299 -17.289484
v 10.206491 7.830515 -17.289484
v 12.934272 9.923615 -19.795366
v 9.096929 9.095728 -17.289484
v 11.528170 11.526968 -19.795366
v 7.831716 10.205290 -17.289484
v 9.924815 12.933071 -19.795366
v 6.432500 11.140215 -17.289484
v 8.151647 14.117866 -19.795366
v 5.690044 11.537066 -17.289484
v 5.690044 11.537066 17.289484
v 8.151647 14.117864 19.795366
v 6.432500 11.140214 17.289484
v 7.831716 10.205288 17.289484
v 9.924815 12.933069 19.795366
v 9.096929 9.095726 17.289484
v 11.528170 11.526966 19.795366
v 10.206491 7.830512 17.289484
v 12.934272 9.923613 19.795366
v 11.141417 6.431296 17.289484
v 14.119066 8.150444 19.795366
v 11.538268 5.688840 17.289484
v 17.289484 5.688841 11.538268
v 19.795366 8.150444 14.119066
v 17.289484 6.431297 11.141417
v 17.289484 7.830513 10.206491
v 19.795366 9.923613 12.934272
v 17.289484 9.095727 9.096929
v 19.795366 11.526966 11.528170
v 17.289484 10.205289 7.831716
v 19.795366 12.933069 9.924817
v 17.289484 11.140215 6.432499
v 19.795366 14.117864 8.151648
v 17.289484 11.537066 5.690043
v 18.050640 7.659966 -0.000000
v 18.689291 7.368827 -0.483057
v 18.689291 7.384641 -0.000000
v 18.050640 7.643562 0.501065
v 18.689291 7.368827 0.483058
v 18.050640 7.594423 0.999983
v 18.689291 7.321454 0.964046
v 18.964468 6.731203 -0.441265
v 18.964468 6.745647 -0.000000
v 18.964468 6.731203 0.441265
v 18.964468 6.687928 0.880641
v 18.689291 7.062823 2.142849
v 18.964468 6.451674 1.957459
v 18.689291 6.509042 3.479798
v 18.964468 5.945803 3.178740
v 18.689291 5.858381 4.496216
v 18.964468 5.351434 4.107222
v 18.689291 5.221377 5.222579
v 18.964468 4.769541 4.770743
v 18.689291 4.495014 5.859583
v 18.964468 4.106020 5.352636
v 18.689291 3.478596 6.510243
v 18.964468 3.177537 5.947004
v 18.050640 7.326153 2.222729
v 18.050640 6.751727 3.609515
v 18.050640 6.076811 4.663824
v 18.050640 5.416061 5.417264
v 18.050640 4.662621 6.078012
v 18.050640 3.608314 6.752929
v 18.050640 2.221527 7.327355
v 18.689291 2.141647 7.064026
v 18.050640 0.998781 7.595625
v 18.689291 0.962844 7.322655
v 18.050640 0.499862 7.644763
v 18.689291 0.481855 7.370028
v 18.964468 1.956256 6.452876
v 18.964468 0.879439 6.689129
v 18.964468 0.440063 6.732404
v 18.689291 -0.001202 7.385842
v 18.964468 -0.001202 6.746850
v 18.689291 -0.484259 7.370028
v 18.964468 -0.442467 6.732404
v 18.689291 -0.965248 7.322655
v 18.964468 -0.881843 6.689129
v 18.689291 -2.144051 7.064026
v 18.964468 -1.958660 6.452876
v 18.689291 -3.481000 6.510243
v 18.964468 -3.179942 5.947004
v 18.689291 -4.497418 5.859583
v 18.964468 -4.108424 5.352636
v 18.050640 -0.001202 7.661167
v 18.050640 -0.502266 7.644763
v 18.050640 -1.001185 7.595625
v 18.050640 -2.223931 7.327355
v 18.050640 -3.610718 6.752929
v 18.050640 -4.665025 6.078012
v 18.050640 -5.418465 5.417264
v 18.689291 -5.223781 5.222579
v 18.050640 -6.079215 4.663823
v 18.689291 -5.860785 4.496215
v 18.050640 -6.754131 3.609515
v 18.689291 -6.511446 3.479798
v 18.964468 -4.771945 4.770743
v 18.964468 -5.353837 4.107222
v 18.964468 -5.948205 3.178740
v 18.689291 -7.065228 2.142849
v 18.964468 -6.454078 1.957458
v 18.689291 -7.323857 0.964046
v 18.964468 -6.690331 0.880640
v 18.689291 -7.371231 0.483057
v 18.964468 -6.733606 0.441265
v 18.689291 -7.387043 0.000000
v 18.964468 -6.748052 0.000000
v 18.689291 -7.371231 -0.483058
v 18.964468 -6.733606 -0.441265
v 18.689291 -7.323857 -0.964046
v 18.964468 -6.690331 -0.880641
v 18.050640 -7.328557 2.222728
v 18.050640 -7.596827 0.999983
v 18.050640 -7.645966 0.501064
v 18.050640 -7.662369 0.000000
v 18.050640 -7.645966 -0.501065
v 18.050640 -7.596827 -0.999983
v 18.050640 -7.328557 -2.222729
v 18.689291 -7.065228 -2.142849
v 18.050640 -6.754131 -3.609515
v 18.689291 -6.511446 -3.479798
v 18.050640 -6.079215 -4.663824
v 18.689291 -5.860785 -4.496216
v 18.964468 -6.454078 -1.957459
v 18.964468 -5.948205 -3.178740
v 18.964468 -5.353837 -4.107222
v 18.689291 -5.223781 -5.222579
v 18.964468 -4.771945 -4.770743
v 18.689291 -4.497416 -5.859583
v 18.964468 -4.108424 -5.352636
v 18.689291 -3.480999 -6.510243
v 18.964468 -3.179941 -5.947004
v 18.689291 -2.144051 -7.064026
v 18.964468 -1.958660 -6.452876
v 18.689291 -0.965247 -7.322655
v 18.964468 -0.881842 -6.689129
v 18.689291 -0.484259 -7.370028
v 18.964468 -0.442467 -6.732404
v 18.050640 -5.418465 -5.417264
v 18.050640 -4.665024 -6.078012
v 18.050640 -3.610717 -6.752929
v 18.050640 -2.223930 -7.327355
v 18.050640 -1.001184 -7.595625
v 18.050640 -0.502266 -7.644763
v 18.050640 -0.001201 -7.661167
v 18.689291 -0.001201 -7.385842
v 18.050640 0.499863 -7.644763
v 18.689291 0.481856 -7.370028
v 18.050640 0.998782 -7.595625
v 18.689291 0.962844 -7.322655
v 18.964468 -0.001201 -6.746850
v 18.964468 0.440064 -6.732404
v 18.964468 0.879439 -6.689129
v 18.964468 1.956257 -6.452876
v 18.964468 -0.001202 0.000000
v 18.964468 3.177539 -5.947004
v 18.964468 4.106020 -5.352636
v 18.964468 4.769541 -4.770743
v 18.964468 5.351434 -4.107222
v 18.964468 5.945803 -3.178740
v 18.964468 6.451674 -1.957458
v 18.964468 6.687928 -0.880640
v 19.795567 -18.036089 -17.964979
v 17.986135 -18.036089 -19.795366
v 17.986137 -19.796909 -17.965002
v 18.689291 2.141647 -7.064026
v 18.050640 2.221527 -7.327355
v 18.050640 3.608314 -6.752929
v 18.689291 3.478596 -6.510243
v 18.050640 4.662622 -6.078012
v 18.689291 4.495015 -5.859583
v 18.050640 5.416061 -5.417264
v 18.689291 5.221377 -5.222579
v 18.050640 6.076811 -4.663823
v 18.689291 5.858381 -4.496215
v 18.050640 6.751727 -3.609515
v 18.689291 6.509042 -3.479798
v 18.050640 7.326153 -2.222728
v 18.689291 7.062823 -2.142849
v 18.050640 7.594423 -0.999983
v 18.689291 7.321454 -0.964046
v 18.050640 7.643562 -0.501064
v 3.178740 5.945802 18.964468
v 4.107222 5.351432 18.964468
v 0.000000 -0.001203 18.964468
v 1.957458 6.451673 18.964468
v 0.880641 6.687926 18.964468
v 0.441265 6.731201 18.964468
v 0.000000 6.745646 18.964468
v -0.441265 6.731201 18.964468
v -0.880641 6.687926 18.964468
v -1.957458 6.451673 18.964468
v -3.178740 5.945802 18.964468
v -4.107222 5.351432 18.964468
v -4.770743 4.769539 18.964468
v -5.352636 4.106019 18.964468
v -5.947004 3.177537 18.964468
v -6.452876 1.956256 18.964468
v -6.689129 0.879438 18.964468
v -6.732404 0.440062 18.964468
v -6.746850 -0.001203 18.964468
v -6.732404 -0.442468 18.964468
v -6.689129 -0.881843 18.964468
v -6.452876 -1.958661 18.964468
v -5.947004 -3.179944 18.964468
v -5.352636 -4.108426 18.964468
v -4.770743 -4.771946 18.964468
v -4.107222 -5.353838 18.964468
v -3.178740 -5.948207 18.964468
v -1.957458 -6.454079 18.964468
v -0.880641 -6.690332 18.964468
v -0.441265 -6.733607 18.964468
v 0.000000 -6.748053 18.964468
v 0.441265 -6.733607 18.964468
v 0.880641 -6.690332 18.964468
v 1.957458 -6.454079 18.964468
v 3.178740 -5.948207 18.964468
v 4.107222 -5.353838 18.964468
v 4.770743 -4.771946 18.964468
v 5.352636 -4.108426 18.964468
v 5.947004 -3.179944 18.964468
v 6.452876 -1.958661 18.964468
v 6.689129 -0.881843 18.964468
v 6.732404 -0.442468 18.964468
v 6.746850 -0.001203 18.964468
v 6.732404 0.440062 18.964468
v 6.689129 0.879438 18.964468
v 6.452876 1.956256 18.964468
v 5.947004 3.177537 18.964468
v 5.352636 4.106019 18.964468
v 4.770743 4.769539 18.964468
v 7.370028 0.481855 18.689291
v 7.385842 -0.001203 18.689291
v 7.370028 -0.484260 18.689291
v 7.322655 -0.965249 18.689291
v 7.064026 -2.144052 18.689291
v 6.510243 -3.481000 18.689291
v 5.859583 -4.497419 18.689291
v 5.222579 -5.223783 18.689291
v 4.496216 -5.860785 18.689291
v 3.479798 -6.511446 18.689291
v 6.752929 -3.610718 18.050640
v 6.078012 -4.665027 18.050640
v 5.417264 -5.418467 18.050640
v 4.663823 -6.079216 18.050640
v 3.609516 -6.754132 18.050640
v 2.142849 -7.065229 18.689291
v 2.222729 -7.328557 18.050640
v 0.964046 -7.323858 18.689291
v 0.999983 -7.596828 18.050640
v 0.483057 -7.371233 18.689291
v 0.501064 -7.645967 18.050640
v 0.000000 -7.387045 18.689291
v 0.000000 -7.662371 18.050640
v -0.483057 -7.371233 18.689291
v -0.501064 -7.645967 18.050640
v -0.964046 -7.323858 18.689291
v -0.999983 -7.596828 18.050640
v -2.142849 -7.065229 18.689291
v -2.222729 -7.328557 18.050640
v -3.479798 -6.511446 18.689291
v -3.609516 -6.754132 18.050640
v -4.496216 -5.860785 18.689291
v -5.222579 -5.223783 18.689291
v -5.859583 -4.497419 18.689291
v -6.510243 -3.481000 18.689291
v -4.663823 -6.079216 18.050640
v -5.417264 -5.418467 18.050640
v -6.078012 -4.665027 18.050640
v -6.752929 -3.610718 18.050640
v -7.064026 -2.144052 18.689291
v -7.327355 -2.223932 18.050640
v -7.322655 -0.965249 18.689291
v -7.595625 -1.001186 18.050640
v -7.370028 -0.484260 18.689291
v -7.644763 -0.502267 18.050640
v -7.385842 -0.001203 18.689291
v -7.661167 -0.001203 18.050640
v -7.370028 0.481855 18.689291
v -7.644763 0.499862 18.050640
v -7.322655 0.962843 18.689291
v -7.064026 2.141645 18.689291
v -6.510243 3.478594 18.689291
v -5.859583 4.495013 18.689291
v -7.595625 0.998780 18.050640
v -7.327355 2.221525 18.050640
v -6.752929 3.608312 18.050640
v -6.078012 4.662621 18.050640
v -5.222579 5.221375 18.689291
v -5.417264 5.416059 18.050640
v -4.496216 5.858379 18.689291
v -4.663823 6.076809 18.050640
v -3.479798 6.509040 18.689291
v -3.609516 6.751725 18.050640
v -2.142849 7.062822 18.689291
v -2.222729 7.326151 18.050640
v -0.964046 7.321453 18.689291
v -0.999983 7.594421 18.050640
v -0.483057 7.368825 18.689291
v 0.000000 7.384639 18.689291
v 0.483057 7.368825 18.689291
v 0.964046 7.321453 18.689291
v -0.501064 7.643560 18.050640
v 0.000000 7.659965 18.050640
v 0.501064 7.643560 18.050640
v 0.999983 7.594421 18.050640
v 2.142849 7.062822 18.689291
v 2.222729 7.326151 18.050640
v 3.479798 6.509040 18.689291
v 3.609516 6.751725 18.050640
v 4.496216 5.858379 18.689291
v 4.663823 6.076809 18.050640
v 5.222579 5.221375 18.689291
v 5.417264 5.416059 18.050640
v 5.859583 4.495013 18.689291
v 6.078012 4.662621 18.050640
v 6.510243 3.478594 18.689291
v 7.064026 2.141645 18.689291
v 7.322655 0.962843 18.689291
v 6.752929 3.608312 18.050640
v 7.327355 2.221525 18.050640
v 7.595625 0.998780 18.050640
v 7.644763 0.499862 18.050640
v 7.661167 -0.001203 18.050640
v 7.644763 -0.502267 18.050640
v 7.595625 -1.001186 18.050640
v 7.327355 -2.223932 18.050640
v -12.848420 -17.290987 -0.506433
v -7.644763 -17.290987 -0.501065
v -7.595625 -17.290987 -0.999984
v -12.754938 -17.290987 -1.679219
v -7.327355 -17.290987 -2.222728
v -12.426636 -17.290987 -3.329708
v -12.182256 -17.290987 -4.135320
v -11.538268 -17.290987 -5.690044
v -6.752929 -17.290987 -3.609515
v -11.141417 -17.290987 -6.432500
v -10.206491 -17.290987 -7.831716
v -6.078012 -17.290987 -4.663824
v -9.096929 -17.290987 -9.096930
v -5.417264 -17.290987 -5.417264
v -7.831716 -17.290987 -10.206491
v -4.663823 -17.290987 -6.078013
v -6.432500 -17.290987 -11.141418
v -3.609516 -17.290987 -6.752929
v -5.690044 -17.290987 -11.538269
v -2.222729 -17.290987 -7.327355
v -4.135319 -17.290987 -12.182257
v -3.329707 -17.290987 -12.426637
v -0.999983 -17.290987 -7.595625
v -1.679219 -17.290987 -12.754939
v -0.506433 -17.290987 -12.848422
v -0.501064 -17.290987 -7.644764
v -18.035717 8.150441 -19.795366
v -19.795527 8.150441 -17.964979
v -17.289803 5.688803 -17.289566
v 7.644763 -17.290987 -0.501065
v 7.661167 -18.052141 -0.000001
v 7.661167 -17.291737 -0.000001
v 7.644763 -18.052141 -0.501065
v 7.595625 -17.290987 -0.999984
v 7.595625 -18.052141 -0.999984
v 7.327355 -18.052141 -2.222728
v 7.327355 -17.290987 -2.222728
v 6.752929 -18.052141 -3.609515
v 6.752929 -17.290987 -3.609515
v 6.078012 -17.290987 -4.663824
v 6.078012 -18.052141 -4.663824
v 5.417264 -17.290987 -5.417264
v 5.417264 -18.052141 -5.417264
v 4.663823 -17.290987 -6.078013
v 4.663823 -18.052141 -6.078013
v 3.609516 -17.290987 -6.752929
v 3.609516 -18.052141 -6.752929
v 2.222729 -18.052141 -7.327355
v 2.222729 -17.290987 -7.327355
v 0.999983 -18.052141 -7.595625
v 0.999983 -17.290987 -7.595625
v 0.501064 -17.290987 -7.644764
v 0.501064 -18.052141 -7.644764
v 0.000000 -18.052141 -7.661168
v 0.000000 -17.291737 -7.661168
v -19.795567 -18.036089 -17.964979
v -18.035717 -19.796886 -17.965002
v -18.035717 -18.036089 -19.795366
v -5.417264 -18.052141 5.417263
v -5.417264 -17.290987 5.417263
v -4.663823 -17.290987 6.078012
v -4.663823 -18.052141 6.078012
v -3.609516 -17.290987 6.752928
v -3.609516 -18.052141 6.752928
v -2.222729 -18.052141 7.327354
v -2.222729 -17.290987 7.327354
v -0.999983 -18.052141 7.595624
v -0.999983 -17.290987 7.595624
v -0.501064 -17.290987 7.644763
v -0.501064 -18.052141 7.644763
v 0.000000 -18.052141 7.661167
v 0.000000 -17.291737 7.661167
v 0.501064 -17.290987 7.644763
v 0.501064 -18.052141 7.644763
v 0.999983 -17.290987 7.595624
v 0.999983 -18.052141 7.595624
v 2.222729 -18.052141 7.327354
v 2.222729 -17.290987 7.327354
v 3.609516 -18.052141 6.752928
v 3.609516 -17.290987 6.752928
v 4.663823 -17.290987 6.078012
v 4.663823 -18.052141 6.078012
v 5.417264 -17.290987 5.417263
v 5.417264 -18.052141 5.417263
v 6.078012 -18.052141 4.663823
v 6.078012 -17.290987 4.663823
v 6.752929 -18.052141 3.609515
v 6.752929 -17.290987 3.609515
v 7.327355 -17.290987 2.222728
v 7.327355 -18.044117 2.222728
v 7.595625 -18.052141 0.999982
v 7.595625 -17.290987 0.999982
v 7.644763 -17.290987 0.501064
v 7.644763 -18.052141 0.501064
v 17.986137 19.794508 -17.965002
v 17.986135 18.017792 -19.795366
v 19.795681 18.017792 -17.964979
v -0.501064 -17.290987 -7.644764
v 0.000000 -18.052141 -7.661168
v 0.000000 -17.291737 -7.661168
v -0.501064 -18.052141 -7.644764
v -0.999983 -17.290987 -7.595625
v -0.999983 -18.052141 -7.595625
v -2.222729 -18.052141 -7.327355
v -2.222729 -17.290987 -7.327355
v -3.609516 -18.052141 -6.752929
v -3.609516 -17.290987 -6.752929
v -4.663823 -17.290987 -6.078013
v -4.663823 -18.052141 -6.078013
v -5.417264 -17.290987 -5.417264
v -5.417264 -18.052141 -5.417264
v -6.078012 -17.290987 -4.663824
v -6.078012 -18.052141 -4.663824
v -6.752929 -17.290987 -3.609515
v -6.752929 -18.052141 -3.609515
v -7.327355 -17.290987 -2.222728
v -7.327355 -18.052141 -2.222728
v -7.595625 -18.052141 -0.999984
v -7.595625 -17.290987 -0.999984
v -7.644763 -17.290987 -0.501065
v -7.644763 -18.052141 -0.501065
v -7.661167 -18.052141 -0.000001
v -7.661167 -17.291737 -0.000001
v -7.644763 -17.290987 0.501064
v -7.644763 -18.052141 0.501064
v -7.595625 -17.290987 0.999982
v -7.595625 -18.052141 0.999982
v -7.327355 -18.052141 2.222728
v -7.327355 -17.290987 2.222728
v -6.752929 -18.052141 3.609515
v -6.752929 -17.290987 3.609515
v -6.078012 -17.290987 4.663823
v -6.078012 -18.052141 4.663823
v 17.986137 19.794733 -8.151646
v 19.795544 18.017792 -8.151646
v 17.289785 17.288902 -5.690051
v 3.609516 -17.290987 6.752928
v 2.222729 -17.290987 7.327354
v 4.135319 -17.290987 12.182255
v 3.329707 -17.290987 12.426635
v 0.999983 -17.290987 7.595624
v 1.679219 -17.290987 12.754936
v 0.506433 -17.290987 12.848420
v 0.501064 -17.290987 7.644763
v 12.848420 -17.290987 0.506432
v 7.644763 -17.290987 0.501064
v 7.595625 -17.290987 0.999982
v 12.754938 -17.290987 1.679219
v 7.327355 -17.290987 2.222728
v 12.426636 -17.290987 3.329706
v 12.182256 -17.290987 4.135318
v 11.538268 -17.290987 5.690043
v 6.752929 -17.290987 3.609515
v 11.141417 -17.290987 6.432499
v 6.078012 -17.290987 4.663823
v 10.206491 -17.290987 7.831716
v 5.417264 -17.290987 5.417263
v 9.096929 -17.290987 9.096928
v 4.663823 -17.290987 6.078012
v 7.831716 -17.290987 10.206490
v 6.432500 -17.290987 11.141416
v 5.690044 -17.290987 11.538267
v -8.151649 18.017792 19.795155
v -8.151649 19.794575 18.035259
v -5.690060 17.288668 17.288176
v -18.050640 -2.223930 -7.327355
v -17.289484 -2.223930 -7.327355
v -17.289484 -1.001184 -7.595625
v -18.050640 -1.001184 -7.595625
v -17.289484 -0.502266 -7.644763
v -18.050640 -0.502266 -7.644763
v -18.050640 -0.001201 -7.661167
v -17.290234 -0.001201 -7.661167
v -17.289484 -7.645966 -0.501065
v -18.050640 -7.662369 0.000000
v -17.290234 -7.662369 0.000000
v -18.050640 -7.645966 -0.501065
v -17.289484 -7.596827 -0.999983
v -18.050640 -7.596827 -0.999983
v -17.289484 -7.328557 -2.222729
v -18.050640 -7.328557 -2.222729
v -17.289484 -6.754131 -3.609515
v -18.050640 -6.754131 -3.609515
v -17.289484 -6.079215 -4.663824
v -18.050640 -6.079215 -4.663824
v -17.289484 -5.418465 -5.417264
v -18.050640 -5.418465 -5.417264
v -17.289484 -4.665024 -6.078012
v -18.050640 -4.665024 -6.078012
v -17.289484 -3.610717 -6.752929
v -18.050640 -3.610717 -6.752929
v -18.050640 -2.223931 7.327355
v -17.289484 -2.223931 7.327355
v -17.289484 -3.610718 6.752929
v -18.050640 -3.610718 6.752929
v -17.289484 -4.665025 6.078012
v -18.050640 -4.665025 6.078012
v -17.289484 -5.418465 5.417264
v -18.050640 -5.418465 5.417264
v -18.050640 -6.079215 4.663823
v -17.289484 -6.079215 4.663823
v -18.050640 -6.754131 3.609515
v -17.289484 -6.754131 3.609515
v -18.050640 -7.328557 2.222728
v -17.289484 -7.328557 2.222728
v -18.050640 -7.596827 0.999983
v -17.289484 -7.596827 0.999983
v -17.289484 -7.645966 0.501064
v -18.050640 -7.645966 0.501064
v -18.050640 5.416061 5.417264
v -17.289484 5.416061 5.417264
v -17.289484 4.662621 6.078012
v -18.050640 4.662621 6.078012
v -17.289484 3.608314 6.752929
v -18.050640 3.608314 6.752929
v -17.289484 2.221527 7.327355
v -18.050640 2.221527 7.327355
v -17.289484 0.998781 7.595625
v -18.050640 0.998781 7.595625
v -17.289484 0.499862 7.644763
v -18.050640 0.499862 7.644763
v -18.050640 -0.001202 7.661167
v -17.290234 -0.001202 7.661167
v -17.289484 -0.502266 7.644763
v -18.050640 -0.502266 7.644763
v -17.289484 -1.001185 7.595625
v -18.050640 -1.001185 7.595625
v -18.050640 7.326153 -2.222728
v -17.289484 7.326153 -2.222728
v -17.289484 7.594423 -0.999983
v -18.050640 7.594423 -0.999983
v -17.289484 7.643562 -0.501064
v -18.050640 7.643562 -0.501064
v -18.050640 7.659966 -0.000000
v -17.290234 7.659966 -0.000000
v -17.289484 7.643562 0.501065
v -18.050640 7.643562 0.501065
v -17.289484 7.594423 0.999983
v -18.050640 7.594423 0.999983
v -17.289484 7.326153 2.222729
v -18.050640 7.326153 2.222729
v -17.289484 6.751727 3.609515
v -18.050640 6.751727 3.609515
v -17.289484 6.076811 4.663824
v -18.050640 6.076811 4.663824
v -17.289484 0.499863 -7.644763
v -18.050640 -0.001201 -7.661167
v -17.290234 -0.001201 -7.661167
v -18.050640 0.499863 -7.644763
v -17.289484 0.998782 -7.595625
v -18.050640 0.998782 -7.595625
v -17.289484 2.221527 -7.327355
v -18.050640 2.221527 -7.327355
v -17.289484 3.608314 -6.752929
v -18.050640 3.608314 -6.752929
v -17.289484 4.662622 -6.078012
v -18.050640 4.662622 -6.078012
v -17.289484 5.416061 -5.417264
v -18.050640 5.416061 -5.417264
v -17.289484 6.076811 -4.663823
v -18.050640 6.076811 -4.663823
v -17.289484 6.751727 -3.609515
v -18.050640 6.751727 -3.609515
v -0.999983 -7.596825 -18.050640
v -0.501064 -7.645964 -18.050640
v 0.000000 -7.662367 -18.050640
v 0.501064 -7.645964 -18.050640
v 0.999983 -7.596825 -18.050640
v 2.222729 -7.328555 -18.050640
v 3.609516 -6.754129 -18.050640
v 4.663823 -6.079214 -18.050640
v -12.754938 17.288885 1.679219
v -12.848420 17.288885 0.506433
v -7.644763 17.288885 0.501065
v -7.595625 17.288885 0.999984
v -7.327355 17.288885 2.222728
v -12.426636 17.288885 3.329708
v -12.182256 17.288885 4.135320
v -6.752929 17.288885 3.609515
v -11.538268 17.288885 5.690044
v -11.141417 17.288885 6.432500
v -6.078012 17.288885 4.663824
v -10.206491 17.288885 7.831716
v -5.417264 17.288885 5.417264
v -9.096929 17.288885 9.096930
v -4.663823 17.288885 6.078013
v -7.831716 17.288885 10.206491
v -3.609516 17.288885 6.752929
v -6.432500 17.288885 11.141418
v -5.690044 17.288885 11.538269
v -2.222729 17.288885 7.327355
v -4.135319 17.288885 12.182257
v -3.329707 17.288885 12.426637
v -0.999983 17.288885 7.595625
v -1.679219 17.288885 12.754939
v -0.501064 17.288885 7.644764
v -0.506433 17.288885 12.848422
v -18.058561 -4.448537 -14.428396
v -18.058561 -3.606385 -13.454726
v -17.289484 -4.456733 -13.725337
v -17.289484 -3.330908 -12.426636
v -17.289484 3.328506 -12.426636
v -18.058561 3.603982 -13.454726
v -17.289484 4.438558 -13.725337
v -18.058561 4.438502 -14.428396
v 12.754938 -1.680421 -17.289484
v 12.426636 -3.330908 -17.289484
v 13.438918 -3.602147 -18.058561
v 13.793964 -1.817211 -18.058561
v 12.848420 -0.507634 -17.289484
v 13.912991 -0.001201 -18.058561
v 12.864195 -0.001201 -17.291174
v 12.848420 0.505232 -17.289484
v 12.754938 1.678018 -17.289484
v 13.793964 1.814809 -18.058561
v 12.426636 3.328506 -17.289484
v 13.438918 3.599746 -18.058561
v -1.679219 17.288885 -12.754936
v -3.329707 17.288885 -12.426635
v -3.605183 18.057961 -13.454726
v -1.818146 18.057961 -13.810189
v -0.506433 17.288885 -12.848420
v 0.000000 18.057961 -13.929357
v 0.000000 17.289076 -12.864433
v 0.506433 17.288885 -12.848420
v 1.679219 17.288885 -12.754936
v 1.818146 18.057961 -13.810189
v 3.329707 17.288885 -12.426635
v 3.605183 18.057961 -13.454726
v 11.538268 -5.691247 17.289484
v 14.119066 -8.152849 19.795366
v 11.141417 -6.433703 17.289484
v 10.206491 -7.832920 17.289484
v 12.934272 -9.926019 19.795366
v 9.096929 -9.098131 17.289484
v 11.528170 -11.529372 19.795366
v 7.831716 -10.207692 17.289484
v 9.924815 -12.935474 19.795366
v 6.432500 -11.142619 17.289484
v 8.151647 -14.120269 19.795366
v 5.690044 -11.539471 17.289484
v -19.795647 18.017792 18.035259
v -18.035717 19.794533 18.035259
v -18.035717 18.017792 19.795118
v 5.690044 -11.539468 -17.289484
v 8.151647 -14.120267 -19.795366
v 6.432500 -11.142616 -17.289484
v 7.831716 -10.207691 -17.289484
v 9.924815 -12.935473 -19.795366
v 9.096929 -9.098129 -17.289484
v 11.528170 -11.529370 -19.795366
v 10.206491 -7.832916 -17.289484
v 12.934272 -9.926017 -19.795366
v 11.141417 -6.433700 -17.289484
v 14.119066 -8.152847 -19.795366
v 11.538268 -5.691244 -17.289484
v -18.035717 19.794754 8.151643
v -19.795527 18.017792 8.151643
v -17.289803 17.288885 5.690002
v 11.538268 17.288885 5.690044
v 14.119066 19.794767 8.151648
v 11.141417 17.288885 6.432500
v 10.206491 17.288885 7.831716
v 12.934272 19.794767 9.924817
v 9.096929 17.288885 9.096930
v 11.528170 19.794767 11.528170
v 7.831716 17.288885 10.206491
v 9.924815 19.794767 12.934272
v 6.432500 17.288885 11.141418
v 8.151647 19.794767 14.119066
v 5.690044 17.288885 11.538269
v 12.856777 -16.790985 0.251180
v 7.661233 -16.790985 -0.000001
v 7.652945 -16.790985 0.251180
v 12.865112 -16.790985 -0.000001
v 7.652945 -16.790985 -0.251181
v 12.856777 -16.790985 -0.251181
v 17.289484 12.753736 1.679220
v 17.289484 12.847219 0.506433
v 17.289484 7.643562 0.501065
v 17.289484 7.594423 0.999983
v 17.289484 7.326153 2.222729
v 17.289484 12.425434 3.329707
v 17.289484 12.181054 4.135319
v 17.289484 6.751727 3.609515
v 17.289484 11.537066 5.690043
v 17.289484 11.140215 6.432499
v 17.289484 6.076811 4.663824
v 17.289484 10.205289 7.831716
v 17.289484 5.416061 5.417264
v 17.289484 9.095727 9.096929
v 17.289484 4.662621 6.078012
v 17.289484 7.830513 10.206491
v 17.289484 3.608314 6.752929
v 17.289484 6.431297 11.141417
v 17.289484 5.688841 11.538268
v 17.289484 2.221527 7.327355
v 17.289484 4.134117 12.182256
v 17.289484 3.328505 12.426636
v 17.289484 0.998781 7.595625
v 17.289484 1.678017 12.754938
v 17.289484 0.499862 7.644763
v 17.289484 0.505230 12.848420
v 17.986135 18.017792 19.795118
v 17.986137 19.794521 18.035259
v 19.795681 18.017792 18.035259
v -12.754938 -1.680422 17.289484
v -12.848420 -0.507635 17.289484
v -7.644763 -0.502267 17.289484
v -7.595625 -1.001186 17.289484
v -7.327355 -2.223932 17.289484
v -12.426636 -3.330909 17.289484
v -12.182256 -4.136521 17.289484
v -6.752929 -3.610718 17.289484
v -11.538268 -5.691247 17.289484
v -11.141417 -6.433703 17.289484
v -6.078012 -4.665027 17.289484
v -10.206491 -7.832920 17.289484
v -5.417264 -5.418467 17.289484
v -9.096929 -9.098131 17.289484
v -4.663823 -6.079216 17.289484
v -7.831716 -10.207692 17.289484
v -3.609516 -6.754132 17.289484
v -6.432500 -11.142619 17.289484
v -5.690044 -11.539471 17.289484
v -2.222729 -7.328557 17.289484
v -4.135319 -12.183459 17.289484
v -3.329707 -12.427838 17.289484
v -0.999983 -7.596828 17.289484
v -1.679219 -12.756141 17.289484
v -0.501064 -7.645967 17.289484
v -0.506433 -12.849623 17.289484
v 0.251181 -16.790985 7.652944
v 0.000000 -16.790985 12.864847
v 0.251181 -16.790985 12.856775
v 0.000000 -16.790985 7.661085
v -0.251181 -16.790985 12.856775
v -0.251181 -16.790985 7.652944
v -17.289803 -5.691235 17.288176
v -17.289804 -4.461747 17.288174
v -13.724934 -4.466766 17.289484
v -12.182256 -4.136521 17.289484
v -11.538268 -5.691247 17.289484
v -12.426636 -3.330909 17.289484
v 17.289484 -4.440958 -13.725337
v 17.289776 -4.454233 -17.289572
v 17.289776 -5.691234 -17.289572
v 17.289484 -5.691244 -11.538268
v 17.289484 -4.136519 -12.182256
v 17.289484 -3.330908 -12.426636
v -0.251181 -16.790985 -7.652946
v 0.000000 -16.790985 -12.864142
v -0.251181 -16.790985 -12.856778
v 0.000000 -16.790985 -7.661153
v 0.251181 -16.790985 -12.856778
v 0.251181 -16.790985 -7.652946
v 17.289785 17.288902 5.690002
v 17.289785 17.288904 4.465563
v 17.289484 13.723731 4.465563
v 17.289484 12.181054 4.135319
v 17.289484 11.537066 5.690043
v 17.289484 12.425434 3.329707
v 14.449263 4.464994 18.058561
v 13.438918 3.599745 18.058561
v 13.777648 4.464994 17.289484
v 12.426636 3.328504 17.289484
v 12.426636 17.288885 3.329708
v 13.438918 18.057961 3.600947
v 13.777648 17.288885 4.465562
v 14.449263 18.057961 4.465562
v 17.289484 -12.756139 -1.679220
v 17.289484 -12.427837 -3.329707
v 18.058561 -13.440119 -3.600948
v 18.058561 -13.795166 -1.816010
v 17.289484 -12.849623 -0.506433
v 18.058561 -13.914193 -0.000001
v 17.291174 -12.865397 -0.000001
v 17.289484 -12.849623 0.506432
v 17.289484 -12.756139 1.679219
v 18.058561 -13.795166 1.816009
v 17.289484 -12.427837 3.329706
v 18.058561 -13.440119 3.600947
v -4.447638 -17.289526 17.288174
v -4.455524 -13.688575 17.289484
v -4.447336 -14.412719 18.058561
v -4.445685 -17.243784 18.067316
v -4.441364 -18.058558 17.252573
v 17.289484 12.753736 1.679220
v 17.289484 12.425434 3.329707
v 18.058561 13.437716 3.600948
v 18.058561 13.792762 1.816010
v 17.289484 12.847219 0.506433
v 18.058561 13.911790 0.000001
v 17.291174 12.864317 0.000001
v 17.289484 12.847219 -0.506432
v 17.289484 12.753736 -1.679219
v 18.058561 13.792762 -1.816009
v 17.289484 12.425434 -3.329706
v 18.058561 13.437716 -3.600947
v 17.289484 -1.680422 12.754938
v 17.289484 -3.330909 12.426636
v 18.058561 -3.606385 13.454726
v 18.058561 -1.819348 13.810190
v 17.289484 -0.507635 12.848420
v 18.058561 -0.001202 13.929357
v 17.289677 -0.001202 12.864608
v 17.289484 0.505230 12.848420
v 17.289484 1.678017 12.754938
v 18.058561 1.816944 13.810190
v 17.289484 3.328505 12.426636
v 18.058561 3.603981 13.454726
v -18.035717 -19.796932 8.151641
v -18.035717 -19.796545 18.035259
v -14.119066 -19.796869 8.151646
v -12.934272 -19.796869 9.924815
v -11.528170 -19.796869 11.528169
v -9.924815 -19.796869 12.934271
v -8.151647 -19.796869 14.119064
v -8.151646 -19.796562 18.035259
v 17.986137 -19.796556 18.035259
v 17.986137 -19.796951 8.151641
v 14.119066 -19.796869 8.151646
v 12.934272 -19.796869 9.924815
v 11.528170 -19.796869 11.528169
v 9.924815 -19.796869 12.934271
v 8.151647 -19.796869 14.119064
v 8.151646 -19.796562 18.035259
v -17.289484 -12.427837 -3.329707
v -18.058561 -13.440119 -3.600948
v -17.289484 -13.726134 -4.466197
v -18.058561 -14.461955 -4.466197
v 17.289484 -3.330908 -12.426636
v 18.058561 -3.606385 -13.454726
v 17.289484 -4.440958 -13.725337
v 18.058561 -4.440905 -14.428396
v -17.289484 4.134117 12.182256
v -17.289484 4.438557 13.738510
v -17.289484 3.328505 12.426636
v -17.289484 5.688841 11.538268
v -17.289803 5.688824 17.288174
v -17.289804 4.451773 17.288174
v -4.455526 17.288668 17.288174
v -4.455524 17.288885 13.687372
v -4.447336 18.057961 14.411516
v -4.447336 18.062111 17.287741
v -4.447336 17.293177 18.056601
v -17.289484 -4.136519 -12.182256
v -17.289484 -4.456733 -13.725337
v -17.289484 -3.330908 -12.426636
v -17.289803 -5.691256 -17.289566
v -17.289804 -4.462065 -17.289566
v -17.289484 -5.691244 -11.538268
v 4.447337 -18.060061 -14.428398
v 3.605183 -18.060061 -13.454728
v 4.455532 -17.290987 -13.725337
v 3.329707 -17.290987 -12.426637
v 16.789484 -0.252383 12.856777
v 16.789484 -0.001202 7.661086
v 16.789484 -0.252383 7.652945
v 16.789484 -0.001202 12.864849
v 16.789484 0.249979 7.652945
v 16.789484 0.249978 12.856777
v 13.793964 -18.060061 -1.816010
v 13.438918 -18.060061 -3.600947
v 12.426636 -17.290987 -3.329708
v 12.754938 -17.290987 -1.679219
v 13.912991 -18.060061 -0.000001
v 12.848420 -17.290987 -0.506433
v 12.865520 -17.292677 -0.000001
v 12.848420 -17.290987 0.506432
v 12.754938 -17.290987 1.679219
v 13.793964 -18.060061 1.816009
v 12.426636 -17.290987 3.329706
v 13.438918 -18.060061 3.600946
v 16.789484 0.249979 -12.856777
v 16.789484 -0.001201 -7.661153
v 16.789484 0.249979 -7.652945
v 16.789484 -0.001201 -12.864141
v 16.789484 -0.252382 -7.652945
v 16.789484 -0.252382 -12.856777
v -14.449263 -18.060061 -4.466197
v -13.438918 -18.060061 -3.600947
v -13.777648 -17.290987 -4.466197
v -12.426636 -17.290987 -3.329708
v 12.856777 16.788885 -0.251180
v 7.661366 16.788885 0.000001
v 7.652945 16.788885 -0.251180
v 12.864404 16.788885 0.000001
v 7.652945 16.788885 0.251181
v 12.856777 16.788885 0.251181
v 16.789484 -12.857978 -0.251181
v 16.789484 -7.662568 0.000000
v 16.789484 -7.654146 -0.251181
v 16.789484 -12.865604 -0.000001
v 16.789484 -7.654146 0.251180
v 16.789484 -12.857978 0.251180
v -0.251181 16.788885 -12.856775
v 0.000000 16.788885 -7.661152
v -0.251181 16.788885 -7.652944
v 0.000000 16.788885 -12.864141
v 0.251181 16.788885 -7.652944
v 0.251181 16.788885 -12.856775
v -17.289484 -12.183458 4.135318
v -17.289484 -13.726134 4.465563
v -17.289484 -12.427837 3.329706
v -17.289484 -11.539470 5.690043
v -17.289785 -17.291155 5.690001
v -17.289785 -17.291157 4.465562
v 0.251181 16.788885 12.856778
v 0.000000 16.788885 7.661087
v 0.251181 16.788885 7.652946
v 0.000000 16.788885 12.864850
v -0.251181 16.788885 7.652946
v -0.251181 16.788885 12.856778
v -17.289484 4.438558 -13.725337
v -17.289804 4.451460 -17.289566
v -17.289803 5.688803 -17.289566
v -17.289484 5.688843 -11.538268
v -17.289484 4.134118 -12.182256
v -17.289484 3.328506 -12.426636
v -7.652945 16.788885 -0.251180
v -12.865112 16.788885 0.000001
v -12.856777 16.788885 -0.251180
v -7.661233 16.788885 0.000001
v -12.856777 16.788885 0.251181
v -7.652945 16.788885 0.251181
v -17.289484 12.181054 -4.135318
v -17.289484 13.776445 -4.466197
v -17.289484 12.425434 -3.329706
v -17.289803 17.288885 -5.690051
v -17.289804 17.288885 -4.466197
v -17.289484 11.537066 -5.690043
v -4.447337 -14.429598 -18.058561
v -3.605183 -13.455927 -18.058561
v -4.455532 -13.726537 -17.289484
v -3.329707 -12.427835 -17.289484
v 3.329707 -12.427835 -17.289484
v 3.605183 -13.455927 -18.058561
v 4.439758 -13.726537 -17.289484
v 4.439703 -14.429598 -18.058561
v -11.538268 -5.691244 -17.289484
v -14.119066 -8.152847 -19.795366
v -11.141417 -6.433700 -17.289484
v -10.206491 -7.832916 -17.289484
v -12.934272 -9.926017 -19.795366
v -9.096929 -9.098129 -17.289484
v -11.528170 -11.529370 -19.795366
v -7.831716 -10.207691 -17.289484
v -9.924815 -12.935473 -19.795366
v -6.432500 -11.142616 -17.289484
v -8.151647 -14.120267 -19.795366
v -5.690044 -11.539468 -17.289484
v 12.426636 -17.290987 -3.329708
v 13.438918 -18.060061 -3.600947
v 13.724934 -17.290987 -4.466197
v 14.460752 -18.060061 -4.466197
v 17.237429 -18.059208 -4.466197
v 18.057543 -17.239080 -4.466197
v 17.289804 -17.291138 -4.466197
v 13.724934 -17.290987 -4.466197
v 14.460752 -18.060061 -4.466197
v -17.298388 -4.463326 -18.059397
v -18.053848 -4.452656 -17.303949
v -17.289804 -4.462065 -17.289566
v -13.724934 -4.467397 -17.289484
v -14.460752 -4.467399 -18.058561
v 5.690044 -17.290987 -11.538269
v 5.690032 -17.290920 -17.289566
v 4.447644 -17.290920 -17.289566
v 4.455532 -17.290987 -13.725337
v 4.135319 -17.290987 -12.182257
v 3.329707 -17.290987 -12.426637
v 17.289484 -1.680422 12.754938
v 17.289484 -0.507635 12.848420
v 17.289484 -0.502266 7.644763
v 17.289484 -1.001185 7.595625
v 17.289484 -2.223931 7.327355
v 17.289484 -3.330909 12.426636
v 17.289484 -4.136521 12.182256
v 17.289484 -3.610718 6.752929
v 17.289484 -5.691247 11.538268
v 17.289484 -6.433702 11.141417
v 17.289484 -4.665025 6.078012
v 17.289484 -7.832918 10.206491
v 17.289484 -5.418465 5.417264
v 17.289484 -9.098129 9.096929
v 17.289484 -6.079215 4.663823
v 17.289484 -10.207692 7.831715
v 17.289484 -6.754131 3.609515
v 17.289484 -11.142618 6.432499
v 17.289484 -11.539470 5.690043
v 17.289484 -7.328557 2.222728
v 17.289484 -12.183458 4.135318
v 17.289484 -12.427837 3.329706
v 17.289484 -7.596827 0.999983
v 17.289484 -12.756139 1.679219
v 17.289484 -7.645966 0.501064
v 17.289484 -12.849623 0.506432
v -12.426636 -3.330908 -17.289484
v -13.438918 -3.602147 -18.058561
v -13.724934 -4.467397 -17.289484
v -14.460752 -4.467399 -18.058561
v -1.679219 12.753736 17.289484
v -3.329707 12.425433 17.289484
v -3.605183 13.453524 18.058561
v -1.818146 13.808988 18.058561
v -0.506433 12.847219 17.289484
v 0.000000 13.928154 18.058561
v 0.000000 12.863231 17.289677
v 0.506433 12.847219 17.289484
v 1.679219 12.753736 17.289484
v 1.818146 13.808988 18.058561
v 3.329707 12.425433 17.289484
v 3.605183 13.453524 18.058561
v -12.754938 17.288885 1.679219
v -12.426636 17.288885 3.329708
v -13.438918 18.057961 3.600947
v -13.793964 18.057961 1.816010
v -12.848420 17.288885 0.506433
v -13.912991 18.057961 0.000001
v -12.865520 17.290575 0.000001
v -12.848420 17.288885 -0.506432
v -12.754938 17.288885 -1.679219
v -13.793964 18.057961 -1.816009
v -12.426636 17.288885 -3.329706
v -13.438918 18.057961 -3.600946
v 18.042561 -4.446683 -17.305824
v 17.298704 -4.461648 -18.049917
v 17.289776 -4.454233 -17.289572
v 14.449263 -4.467399 -18.058561
v 13.777648 -4.467397 -17.289484
v 18.058561 14.459551 -4.466197
v 17.289484 13.723731 -4.466197
v 18.058561 13.437716 -3.600947
v 17.289484 12.425434 -3.329706
v 18.058561 14.459551 4.465562
v 18.058561 13.437716 3.600948
v 17.289484 13.723731 4.465563
v 17.289484 12.425434 3.329707
v -17.281790 -18.058533 4.465561
v -18.056961 -17.283316 4.465561
v -17.289785 -17.291157 4.465562
v -13.777648 -17.290987 4.465561
v -14.449263 -18.060061 4.465561
v -5.690044 -11.539471 17.289484
v -8.151647 -14.120269 19.795366
v -6.432500 -11.142619 17.289484
v -7.831716 -10.207692 17.289484
v -9.924815 -12.935474 19.795366
v -9.096929 -9.098131 17.289484
v -11.528170 -11.529372 19.795366
v -10.206491 -7.832920 17.289484
v -12.934272 -9.926019 19.795366
v -11.141417 -6.433703 17.289484
v -14.119066 -8.152849 19.795366
v -11.538268 -5.691247 17.289484
v -0.251181 -17.035732 -7.652946
v -0.501064 -17.290987 -7.644764
v 0.000000 -17.291737 -7.661168
v 0.501064 -17.290987 -7.644764
v 0.251181 -17.035732 -7.652946
v 0.000000 -16.790985 -7.661153
v -0.251181 -16.790985 -7.652946
v 0.251181 -16.790985 -7.652946
v 11.538268 5.688843 -17.289484
v 7.327355 2.221529 -17.289484
v 12.182256 4.134118 -17.289484
v 12.426636 3.328506 -17.289484
v 7.595625 0.998782 -17.289484
v 12.754938 1.678018 -17.289484
v 7.644763 0.499863 -17.289484
v 12.848420 0.505232 -17.289484
v 1.679219 12.753736 -17.289484
v 0.506433 12.847219 -17.289484
v 0.501064 7.643563 -17.289484
v 0.999983 7.594424 -17.289484
v 2.222729 7.326155 -17.289484
v 3.329707 12.425434 -17.289484
v 4.135319 12.181055 -17.289484
v 3.609516 6.751729 -17.289484
v 5.690044 11.537066 -17.289484
v 6.432500 11.140215 -17.289484
v 4.663823 6.076812 -17.289484
v 7.831716 10.205290 -17.289484
v 5.417264 5.416062 -17.289484
v 9.096929 9.095728 -17.289484
v 6.078012 4.662622 -17.289484
v 10.206491 7.830515 -17.289484
v 6.752929 3.608315 -17.289484
v 11.141417 6.431299 -17.289484
v 14.460752 -18.060061 4.465561
v 13.438918 -18.060061 3.600946
v 13.724934 -17.290987 4.465562
v 12.426636 -17.290987 3.329706
v -5.690032 -17.290920 -17.289566
v -5.690044 -17.290987 -11.538269
v -4.135319 -17.290987 -12.182257
v -4.439758 -17.290987 -13.725337
v -4.447644 -17.290920 -17.289566
v -3.329707 -17.290987 -12.426637
v 12.426636 3.328506 -17.289484
v 13.438918 3.599746 -18.058561
v 13.777648 4.464363 -17.289484
v 14.449263 4.464363 -18.058561
v 1.679219 -12.756141 17.289484
v 0.506433 -12.849623 17.289484
v 0.501064 -7.645967 17.289484
v 0.999983 -7.596828 17.289484
v 2.222729 -7.328557 17.289484
v 3.329707 -12.427838 17.289484
v 4.135319 -12.183459 17.289484
v 3.609516 -6.754132 17.289484
v 5.690044 -11.539471 17.289484
v 6.432500 -11.142619 17.289484
v 4.663823 -6.079216 17.289484
v 7.831716 -10.207692 17.289484
v 5.417264 -5.418467 17.289484
v 9.096929 -9.098131 17.289484
v 6.078012 -4.665027 17.289484
v 10.206491 -7.832920 17.289484
v 6.752929 -3.610718 17.289484
v 11.141417 -6.433703 17.289484
v 11.538268 -5.691247 17.289484
v 7.327355 -2.223932 17.289484
v 12.182256 -4.136521 17.289484
v 12.426636 -3.330909 17.289484
v 7.595625 -1.001186 17.289484
v 12.754938 -1.680422 17.289484
v 7.644763 -0.502267 17.289484
v 12.848420 -0.507635 17.289484
v 1.679219 -12.756141 17.289484
v 3.329707 -12.427838 17.289484
v 3.605183 -13.455929 18.058561
v 1.818146 -13.811393 18.058561
v 0.506433 -12.849623 17.289484
v 0.000000 -13.930561 18.058561
v 0.000000 -12.865810 17.289677
v -0.506433 -12.849623 17.289484
v -1.679219 -12.756141 17.289484
v -1.818146 -13.811393 18.058561
v -3.329707 -12.427838 17.289484
v -3.605183 -13.455929 18.058561
v -12.754938 -1.680422 17.289484
v -12.426636 -3.330909 17.289484
v -13.438918 -3.602150 18.058561
v -13.793964 -1.817212 18.058561
v -12.848420 -0.507635 17.289484
v -13.912991 -0.001203 18.058561
v -12.865520 -0.001203 17.291174
v -12.848420 0.505230 17.289484
v -12.754938 1.678017 17.289484
v -13.793964 1.814807 18.058561
v -12.426636 3.328504 17.289484
v -13.438918 3.599745 18.058561
v 12.754938 1.678017 17.289484
v 12.426636 3.328504 17.289484
v 13.438918 3.599745 18.058561
v 13.793964 1.814807 18.058561
v 12.848420 0.505230 17.289484
v 13.912991 -0.001203 18.058561
v 12.864195 -0.001203 17.291174
v 12.848420 -0.507635 17.289484
v 12.754938 -1.680422 17.289484
v 13.793964 -1.817212 18.058561
v 12.426636 -3.330909 17.289484
v 13.438918 -3.602150 18.058561
v 8.151647 -14.120269 19.795366
v 17.986135 -18.036089 19.795118
v 8.151646 -18.036089 19.795155
v 9.924815 -12.935474 19.795366
v 11.528170 -11.529372 19.795366
v 12.934272 -9.926019 19.795366
v 14.119066 -8.152849 19.795366
v 17.986135 -8.152845 19.795155
v -12.182256 4.134118 -17.289484
v -13.724934 4.464364 -17.289484
v -12.426636 3.328506 -17.289484
v -11.538268 5.688843 -17.289484
v -17.289803 5.688803 -17.289566
v -17.289804 4.451460 -17.289566
v 4.441364 -17.290480 -18.066034
v 4.445662 -18.061699 -17.294851
v 4.447644 -17.290920 -17.289566
v 4.439758 -13.726537 -17.289484
v 4.439703 -14.429598 -18.058561
v -12.426636 -17.290987 3.329706
v -13.438918 -18.060061 3.600946
v -13.777648 -17.290987 4.465561
v -14.449263 -18.060061 4.465561
v 17.986135 -8.152845 -19.795366
v 19.795544 -8.152845 -17.964979
v 17.289776 -5.691234 -17.289572
v -4.455526 17.287273 -17.289566
v -4.455524 13.686172 -17.289484
v -4.447336 14.410314 -18.058561
v -4.447336 17.270906 -18.040459
v -4.447336 18.039951 -17.271452
v -5.690044 11.537066 -17.289484
v -2.222729 7.326155 -17.289484
v -4.135319 12.181055 -17.289484
v -3.329707 12.425434 -17.289484
v -0.999983 7.594424 -17.289484
v -1.679219 12.753736 -17.289484
v -0.501064 7.643563 -17.289484
v -0.506433 12.847219 -17.289484
v -12.754938 1.678018 -17.289484
v -12.848420 0.505232 -17.289484
v -7.644763 0.499863 -17.289484
v -7.595625 0.998782 -17.289484
v -7.327355 2.221529 -17.289484
v -12.426636 3.328506 -17.289484
v -12.182256 4.134118 -17.289484
v -6.752929 3.608315 -17.289484
v -11.538268 5.688843 -17.289484
v -11.141417 6.431299 -17.289484
v -6.078012 4.662622 -17.289484
v -10.206491 7.830515 -17.289484
v -5.417264 5.416062 -17.289484
v -9.096929 9.095728 -17.289484
v -4.663823 6.076812 -17.289484
v -7.831716 10.205290 -17.289484
v -3.609516 6.751729 -17.289484
v -6.432500 11.140215 -17.289484
v 17.298578 4.460412 -18.049917
v 18.042561 4.450118 -17.305941
v 17.289785 4.459345 -17.289566
v 13.777648 4.464363 -17.289484
v 14.449263 4.464363 -18.058561
v 1.679219 17.288885 12.754939
v 3.329707 17.288885 12.426637
v 3.605183 18.057961 13.454728
v 1.818146 18.057961 13.810190
v 0.506433 17.288885 12.848422
v 0.000000 18.057961 13.929359
v 0.000000 17.289076 12.864609
v -0.506433 17.288885 12.848422
v -1.679219 17.288885 12.754939
v -1.818146 18.057961 13.810190
v -3.329707 17.288885 12.426637
v -3.605183 18.057961 13.454728
v -12.426636 3.328504 17.289484
v -13.438918 3.599745 18.058561
v -13.724934 4.464994 17.289484
v -14.460752 4.464994 18.058561
v 4.135319 -12.183459 17.289484
v 4.439760 -13.739713 17.289484
v 3.329707 -12.427838 17.289484
v 5.690044 -11.539471 17.289484
v 5.690032 -17.289526 17.288176
v 4.447638 -17.289526 17.288174
v 12.856777 -0.252382 -16.789484
v 7.661366 -0.001201 -16.789484
v 7.652945 -0.252382 -16.789484
v 12.864404 -0.001201 -16.789484
v 7.652945 0.249980 -16.789484
v 12.856777 0.249980 -16.789484
v 18.078299 17.252979 -4.466197
v 17.258331 18.073017 -4.466197
v 17.289785 17.288904 -4.466197
v 17.289484 13.723731 -4.466197
v 18.058561 14.459551 -4.466197
v -0.251181 -12.857978 -16.789484
v 0.000000 -7.662353 -16.789484
v -0.251181 -7.654144 -16.789484
v 0.000000 -12.865342 -16.789484
v 0.251181 -7.654144 -16.789484
v 0.251181 -12.857978 -16.789484
v -5.690060 17.288668 17.288176
v -4.455526 17.288668 17.288174
v -4.455532 13.724132 17.289484
v -4.135319 12.181052 17.289484
v -5.690044 11.537066 17.289484
v -3.329707 12.425433 17.289484
v 17.289484 1.678018 -12.754938
v 17.289484 3.328506 -12.426636
v 18.058561 3.603982 -13.454726
v 18.058561 1.816945 -13.810190
v 17.289484 0.505231 -12.848420
v 18.058561 -0.001201 -13.929357
v 17.289677 -0.001201 -12.864433
v 17.289484 -0.507634 -12.848420
v 17.289484 -1.680421 -12.754938
v 18.058561 -1.819347 -13.810190
v 17.289484 -3.330908 -12.426636
v 18.058561 -3.606385 -13.454726
v 0.251181 12.855577 -16.789484
v 0.000000 7.659885 -16.789484
v 0.251181 7.651744 -16.789484
v 0.000000 12.863647 -16.789484
v -0.251181 7.651744 -16.789484
v -0.251181 12.855577 -16.789484
v -4.447337 18.057961 -14.428396
v -3.605183 18.057961 -13.454726
v -4.455532 17.288885 -13.725336
v -3.329707 17.288885 -12.426635
v 3.329707 17.288885 -12.426635
v 3.605183 18.057961 -13.454726
v 4.439758 17.288885 -13.725336
v 4.439703 18.057961 -14.428396
v 12.754938 17.288885 -1.679219
v 12.426636 17.288885 -3.329706
v 13.438918 18.057961 -3.600946
v 13.793964 18.057961 -1.816009
v 12.848420 17.288885 -0.506432
v 13.912991 18.057961 0.000001
v 12.864195 17.290575 0.000001
v 12.848420 17.288885 0.506433
v 12.754938 17.288885 1.679219
v 13.793964 18.057961 1.816010
v 12.426636 17.288885 3.329708
v 13.438918 18.057961 3.600947
v 12.426636 -3.330909 17.289484
v 13.438918 -3.602150 18.058561
v 13.777648 -4.466765 17.289484
v 14.449263 -4.466765 18.058561
v -12.426636 17.288885 -3.329706
v -13.438918 18.057961 -3.600946
v -13.724934 17.288885 -4.466197
v -14.460752 18.057961 -4.466197
v -1.818146 -18.060061 -13.810190
v -3.605183 -18.060061 -13.454728
v -3.329707 -17.290987 -12.426637
v -1.679219 -17.290987 -12.754939
v -0.506433 -17.290987 -12.848422
v 0.000000 -18.060061 -13.929359
v 0.000000 -17.291178 -12.864435
v 0.506433 -17.290987 -12.848422
v 1.679219 -17.290987 -12.754939
v 1.818146 -18.060061 -13.810190
v 3.605183 -18.060061 -13.454728
v 3.329707 -17.290987 -12.426637
v -7.652945 -0.252382 -16.789484
v -12.865112 -0.001201 -16.789484
v -12.856777 -0.252382 -16.789484
v -7.661233 -0.001201 -16.789484
v -12.856777 0.249980 -16.789484
v -7.652945 0.249980 -16.789484
v -12.182256 -17.290987 -4.135320
v -13.777648 -17.290987 -4.466197
v -12.426636 -17.290987 -3.329708
v -17.289785 -17.291155 -5.690052
v -17.289785 -17.291157 -4.466197
v -11.538268 -17.290987 -5.690044
v 12.182256 -17.290987 4.135318
v 13.724934 -17.290987 4.465562
v 12.426636 -17.290987 3.329706
v 11.538268 -17.290987 5.690043
v 17.289803 -17.291138 5.690001
v 17.289804 -17.291138 4.465562
v -17.289484 12.753736 -1.679219
v -17.289484 12.425434 -3.329706
v -18.058561 13.437716 -3.600947
v -18.058561 13.792762 -1.816009
v -17.289484 12.847219 -0.506432
v -18.058561 13.911790 0.000001
v -17.291174 12.862994 0.000001
v -17.289484 12.847219 0.506433
v -17.289484 12.753736 1.679220
v -18.058561 13.792762 1.816010
v -17.289484 12.425434 3.329707
v -18.058561 13.437716 3.600948
v 17.289484 4.454321 13.687372
v 17.289785 4.459657 17.288174
v 17.289785 5.688851 17.288176
v 17.289484 5.688841 11.538268
v 17.289484 4.134117 12.182256
v 17.289484 3.328505 12.426636
v -17.289484 -12.756139 1.679219
v -17.289484 -12.427837 3.329706
v -18.058561 -13.440119 3.600947
v -18.058561 -13.795166 1.816009
v -17.289484 -12.849623 0.506432
v -18.058561 -13.914193 -0.000001
v -17.291174 -12.866720 -0.000001
v -17.289484 -12.849623 -0.506433
v -17.289484 -12.756139 -1.679220
v -18.058561 -13.795166 -1.816010
v -17.289484 -12.427837 -3.329707
v -18.058561 -13.440119 -3.600948
v -17.289484 1.678017 12.754938
v -17.289484 3.328505 12.426636
v -18.058561 3.603981 13.454726
v -18.058561 1.816944 13.810190
v -17.289484 0.505230 12.848420
v -18.058561 -0.001202 13.929357
v -17.289677 -0.001202 12.864608
v -17.289484 -0.507635 12.848420
v -17.289484 -1.680422 12.754938
v -18.058561 -1.819348 13.810190
v -17.289484 -3.330909 12.426636
v -18.058561 -3.606385 13.454726
v -17.289484 -1.680421 -12.754938
v -17.289484 -3.330908 -12.426636
v -18.058561 -3.606385 -13.454726
v -18.058561 -1.819347 -13.810190
v -17.289484 -0.507634 -12.848420
v -18.058561 -0.001201 -13.929357
v -17.289677 -0.001201 -12.864433
v -17.289484 0.505231 -12.848420
v -17.289484 1.678018 -12.754938
v -18.058561 1.816945 -13.810190
v -17.289484 3.328506 -12.426636
v -18.058561 3.603982 -13.454726
v -4.439703 -18.060061 -14.428398
v -4.439758 -17.290987 -13.725337
v -3.605183 -18.060061 -13.454728
v -3.329707 -17.290987 -12.426637
v 17.289484 -4.136521 12.182256
v 17.289484 -4.440962 13.738510
v 17.289484 -3.330909 12.426636
v 17.289785 -5.691206 17.288174
v 17.289785 -4.453861 17.288174
v 17.289484 -5.691247 11.538268
v 17.289484 11.537066 -5.690043
v 19.795366 14.117864 -8.151646
v 17.289484 11.140215 -6.432499
v 17.289484 10.205289 -7.831715
v 19.795366 12.933069 -9.924815
v 17.289484 9.095727 -9.096929
v 19.795366 11.526968 -11.528169
v 17.289484 7.830514 -10.206491
v 19.795366 9.923615 -12.934272
v 17.289484 6.431299 -11.141417
v 19.795366 8.150446 -14.119066
v 17.289484 5.688843 -11.538268
v -17.289484 1.678017 12.754938
v -17.289484 0.505230 12.848420
v -17.289484 0.499862 7.644763
v -17.289484 0.998781 7.595625
v -17.289484 2.221527 7.327355
v -17.289484 3.328505 12.426636
v -17.289484 4.134117 12.182256
v -17.289484 3.608314 6.752929
v -17.289484 5.688841 11.538268
v -17.289484 6.431297 11.141417
v -17.289484 4.662621 6.078012
v -17.289484 7.830513 10.206491
v -17.289484 5.416061 5.417264
v -17.289484 9.095727 9.096929
v -17.289484 6.076811 4.663824
v -17.289484 10.205289 7.831716
v -17.289484 6.751727 3.609515
v -17.289484 11.140215 6.432499
v -17.289484 11.537066 5.690043
v -17.289484 7.326153 2.222729
v -17.289484 12.181054 4.135319
v -17.289484 12.425434 3.329707
v -17.289484 7.594423 0.999983
v -17.289484 12.753736 1.679220
v -17.289484 7.643562 0.501065
v -17.289484 12.847219 0.506433
v -4.135319 -17.290987 12.182255
v -4.439760 -17.290987 13.738508
v -3.329707 -17.290987 12.426635
v -5.690044 -17.290987 11.538267
v -5.690032 -17.289526 17.288174
v -4.447638 -17.289526 17.288174
v 17.289484 -12.427837 3.329706
v 18.058561 -13.440119 3.600947
v 17.289484 -13.778849 4.465562
v 18.058561 -14.450465 4.465562
v -17.289484 -12.756139 1.679219
v -17.289484 -12.849623 0.506432
v -17.289484 -7.645966 0.501064
v -17.289484 -7.596827 0.999983
v -17.289484 -7.328557 2.222728
v -17.289484 -12.427837 3.329706
v -17.289484 -12.183458 4.135318
v -17.289484 -6.754131 3.609515
v -17.289484 -11.539470 5.690043
v -17.289484 -11.142618 6.432499
v -17.289484 -6.079215 4.663823
v -17.289484 -10.207692 7.831715
v -17.289484 -5.418465 5.417264
v -17.289484 -9.098129 9.096929
v -17.289484 -4.665025 6.078012
v -17.289484 -7.832918 10.206491
v -17.289484 -3.610718 6.752929
v -17.289484 -6.433702 11.141417
v -17.289484 -5.691247 11.538268
v -17.289484 -2.223931 7.327355
v -17.289484 -4.136521 12.182256
v -17.289484 -3.330909 12.426636
v -17.289484 -1.001185 7.595625
v -17.289484 -1.680422 12.754938
v -17.289484 -0.502266 7.644763
v -17.289484 -0.507635 12.848420
v 11.538268 17.288885 5.690044
v 7.327355 17.288885 2.222728
v 12.182256 17.288885 4.135320
v 12.426636 17.288885 3.329708
v 7.595625 17.288885 0.999984
v 12.754938 17.288885 1.679219
v 7.644763 17.288885 0.501065
v 12.848420 17.288885 0.506433
v 1.679219 17.288885 12.754939
v 0.506433 17.288885 12.848422
v 0.501064 17.288885 7.644764
v 0.999983 17.288885 7.595625
v 2.222729 17.288885 7.327355
v 3.329707 17.288885 12.426637
v 4.135319 17.288885 12.182257
v 3.609516 17.288885 6.752929
v 5.690044 17.288885 11.538269
v 6.432500 17.288885 11.141418
v 4.663823 17.288885 6.078013
v 7.831716 17.288885 10.206491
v 5.417264 17.288885 5.417264
v 9.096929 17.288885 9.096930
v 6.078012 17.288885 4.663824
v 10.206491 17.288885 7.831716
v 6.752929 17.288885 3.609515
v 11.141417 17.288885 6.432500
v 4.439703 14.427194 18.058561
v 4.439758 13.724132 17.289484
v 3.605183 13.453524 18.058561
v 3.329707 12.425433 17.289484
v 16.789484 7.651742 -0.251180
v 16.789484 12.863911 0.000001
v 16.789484 12.855576 -0.251180
v 16.789484 7.660031 -0.000000
v 16.789484 12.855576 0.251181
v 16.789484 7.651742 0.251181
v 17.282652 -4.461185 18.057615
v 18.058008 -4.446532 17.282272
v 17.289785 -4.453861 17.288174
v 13.777648 -4.466765 17.289484
v 14.449263 -4.466765 18.058561
v -7.652945 -16.790985 0.251180
v -12.864404 -16.790985 -0.000001
v -12.856777 -16.790985 0.251180
v -7.661366 -16.790985 -0.000001
v -12.856777 -16.790985 -0.251181
v -7.652945 -16.790985 -0.251181
v 17.289484 4.134118 -12.182256
v 17.289484 4.454330 -13.725337
v 17.289484 3.328506 -12.426636
v 17.289484 5.688843 -11.538268
v 17.289785 5.688830 -17.289566
v 17.289785 4.459345 -17.289566
v 17.289484 13.723731 -4.466197
v 17.289785 17.288904 -4.466197
v 17.289785 17.288902 -5.690051
v 17.289484 11.537066 -5.690043
v 17.289484 12.181054 -4.135318
v 17.289484 12.425434 -3.329706
vn -0.0327 -0.0000 0.9995
vn -0.0000 0.0001 1.0000
vn -0.0324 -0.0000 0.9995
vn -0.0329 -0.0001 0.9995
vn 0.0327 0.0001 0.9995
vn 0.0332 -0.0002 0.9994
vn 0.0327 -0.0000 0.9995
vn 0.0324 -0.0000 0.9995
vn -0.0000 0.7073 -0.7069
vn -0.0000 0.2023 -0.9793
vn -0.0641 0.2023 -0.9772
vn 0.0462 0.7073 -0.7054
vn 0.0640 0.2023 -0.9772
vn 0.0132 0.9794 -0.2015
vn -0.0000 0.9794 -0.2019
vn -0.0462 0.7073 -0.7054
vn -0.1532 0.2021 -0.9673
vn -0.6265 0.7075 -0.3270
vn -0.8682 0.2021 -0.4532
vn -0.6742 0.7075 -0.2118
vn -0.7828 0.2023 -0.5885
vn -0.5649 0.7075 -0.4247
vn -0.6925 0.2022 -0.6925
vn -0.4998 0.7074 -0.4998
vn -0.5885 0.2022 -0.7828
vn -0.4247 0.7075 -0.5649
vn -0.4532 0.2021 -0.8682
vn -0.3270 0.7075 -0.6265
vn -0.2935 0.2021 -0.9343
vn -0.2118 0.7075 -0.6743
vn -0.1106 0.7073 -0.6982
vn -0.0132 0.9794 -0.2015
vn -0.0000 1.0000 -0.0000
vn 0.0316 0.9794 0.1995
vn 0.0132 0.9794 0.2015
vn 0.0605 0.9794 0.1927
vn 0.0933 0.9794 0.1792
vn 0.1213 0.9794 0.1614
vn 0.1427 0.9794 0.1427
vn 0.1614 0.9794 0.1213
vn 0.1790 0.9794 0.0934
vn 0.1927 0.9794 0.0605
vn 0.1995 0.9794 0.0316
vn 0.6982 0.7073 0.1106
vn 0.6742 0.7075 0.2118
vn 0.6266 0.7075 0.3270
vn 0.5649 0.7075 0.4247
vn 0.4998 0.7074 0.4998
vn 0.4247 0.7075 0.5649
vn 0.3270 0.7075 0.6265
vn 0.2118 0.7075 0.6743
vn 0.1106 0.7074 0.6982
vn 0.7828 0.2022 0.5885
vn 0.6925 0.2022 0.6925
vn 0.5885 0.2022 0.7828
vn 0.4532 0.2021 0.8682
vn 0.2935 0.2021 0.9343
vn 0.1532 0.2021 0.9673
vn 0.0462 0.7073 0.7054
vn -0.0000 0.9794 0.2019
vn -0.0132 0.9794 0.2015
vn -0.0316 0.9794 0.1995
vn -0.0462 0.7073 0.7054
vn -0.0640 0.2023 0.9772
vn -0.0000 0.2023 0.9793
vn -0.0000 0.7073 0.7069
vn 0.0641 0.2023 0.9772
vn 0.1106 0.7073 -0.6982
vn 0.0316 0.9794 -0.1995
vn 0.0605 0.9794 -0.1927
vn 0.0934 0.9794 -0.1790
vn 0.1213 0.9794 -0.1614
vn 0.1427 0.9794 -0.1427
vn 0.1614 0.9794 -0.1213
vn 0.1791 0.9794 -0.0934
vn 0.1927 0.9794 -0.0605
vn 0.1995 0.9794 -0.0316
vn 0.2015 0.9794 -0.0132
vn 0.6982 0.7073 -0.1106
vn 0.6743 0.7075 -0.2118
vn 0.6265 0.7075 -0.3270
vn 0.5649 0.7075 -0.4247
vn 0.4998 0.7074 -0.4998
vn 0.4247 0.7075 -0.5649
vn 0.3270 0.7075 -0.6266
vn 0.2118 0.7075 -0.6742
vn 0.1532 0.2021 -0.9673
vn 0.2935 0.2021 -0.9344
vn 0.4532 0.2021 -0.8682
vn 0.5885 0.2022 -0.7828
vn 0.6925 0.2022 -0.6925
vn 0.7828 0.2022 -0.5885
vn 0.8682 0.2021 -0.4532
vn 0.9343 0.2021 -0.2935
vn 0.9673 0.2021 -0.1532
vn 0.7054 0.7073 -0.0462
vn 0.2019 0.9794 -0.0000
vn 0.2015 0.9794 0.0132
vn 0.7054 0.7073 0.0462
vn 0.9772 0.2023 0.0640
vn 0.9673 0.2021 0.1532
vn 0.9344 0.2021 0.2935
vn 0.8682 0.2021 0.4532
vn 0.9793 0.2023 -0.0000
vn 0.7069 0.7073 -0.0000
vn 0.9772 0.2023 -0.0641
vn -0.7054 0.7073 -0.0462
vn -0.7069 0.7073 -0.0000
vn -0.2015 0.9794 -0.0132
vn -0.2019 0.9794 -0.0000
vn -0.1995 0.9794 -0.0316
vn -0.1927 0.9794 -0.0605
vn -0.1790 0.9794 -0.0934
vn -0.1614 0.9794 -0.1213
vn -0.1427 0.9794 -0.1427
vn -0.1213 0.9794 -0.1614
vn -0.0934 0.9794 -0.1791
vn -0.0605 0.9794 -0.1927
vn -0.0316 0.9794 -0.1995
vn -0.6982 0.7073 -0.1106
vn -0.9343 0.2021 0.2935
vn -0.8682 0.2021 0.4532
vn -0.6265 0.7075 0.3270
vn -0.6743 0.7075 0.2118
vn -0.1927 0.9794 0.0605
vn -0.1995 0.9794 0.0316
vn -0.2015 0.9794 0.0132
vn -0.7054 0.7073 0.0462
vn -0.9772 0.2023 0.0641
vn -0.9793 0.2023 -0.0000
vn -0.9772 0.2023 -0.0640
vn -0.9673 0.2021 -0.1532
vn -0.9344 0.2021 -0.2935
vn -0.9673 0.2021 0.1532
vn -0.6982 0.7073 0.1106
vn -0.1614 0.9794 0.1213
vn -0.1791 0.9794 0.0934
vn -0.1427 0.9794 0.1427
vn -0.4998 0.7074 0.4998
vn -0.4247 0.7075 0.5649
vn -0.1213 0.9794 0.1614
vn -0.3270 0.7075 0.6266
vn -0.0934 0.9794 0.1790
vn -0.2118 0.7075 0.6742
vn -0.0605 0.9794 0.1927
vn -0.1106 0.7073 0.6982
vn -0.5649 0.7075 0.4247
vn -0.1532 0.2021 0.9673
vn -0.2935 0.2021 0.9344
vn -0.4532 0.2021 0.8682
vn -0.5885 0.2023 0.7828
vn -0.6925 0.2022 0.6925
vn -0.7828 0.2022 0.5885
vn 1.0000 -0.0000 -0.0000
vn 1.0000 0.0001 -0.0000
vn 1.0000 -0.0000 0.0002
vn 1.0000 -0.0000 0.0001
vn -0.0000 -0.0000 1.0000
vn 0.7007 0.7135 -0.0000
vn 0.7006 0.7135 -0.0000
vn -0.7071 -0.0000 0.7071
vn -0.7209 -0.0000 -0.6931
vn -0.7208 -0.0000 -0.6931
vn 1.0000 0.0001 0.0002
vn 1.0000 0.0001 -0.0002
vn 1.0000 -0.0001 0.0001
vn 0.0002 -0.7136 0.7006
vn -0.0000 -0.7134 0.7008
vn 0.0002 0.7135 0.7007
vn -0.0000 0.7135 0.7006
vn 0.7108 -0.0004 0.7034
vn 0.7109 -0.0004 0.7033
vn -0.0004 -0.7108 0.7034
vn -0.7108 -0.0004 0.7034
vn -0.7108 -0.0004 0.7033
vn -0.7108 0.0004 0.7034
vn -0.7109 0.0004 0.7033
vn -0.0000 -1.0000 -0.0000
vn -1.0000 -0.0000 -0.0000
vn 0.7008 -0.0000 0.7134
vn 0.7008 -0.0000 -0.7134
vn 0.0004 -0.7108 0.7034
vn 0.0004 -0.7108 0.7033
vn 0.0004 0.7108 0.7034
vn 0.7108 0.0004 0.7034
vn 0.7108 0.0004 0.7033
vn -0.0004 0.7108 0.7034
vn -0.0004 0.7108 0.7033
vn 0.7008 -0.7134 -0.0000
vn 0.0063 -1.0000 0.0029
vn 0.0064 -1.0000 0.0029
vn 0.0120 0.9999 -0.0015
vn 0.0125 0.9999 -0.0013
vn 0.0122 0.9999 -0.0014
vn 0.5306 0.6339 -0.5627
vn 0.5307 0.6339 -0.5626
vn 0.5308 0.6340 -0.5625
vn 0.5307 0.6339 -0.5625
vn 0.5082 -0.6575 -0.5563
vn 0.5080 -0.6574 -0.5567
vn 0.5081 -0.6575 -0.5564
vn -0.7135 -0.7007 0.0002
vn -0.7135 -0.7006 0.0001
vn -0.0000 -0.7008 -0.7134
vn -0.0000 -0.7008 0.7134
vn -0.7071 -0.0000 -0.7071
vn -0.0000 0.7071 -0.7071
vn 0.7071 0.7071 -0.0000
vn 0.4970 0.5615 -0.6616
vn 0.5000 0.5575 -0.6627
vn 0.4969 0.5616 -0.6616
vn 0.4939 0.5656 -0.6604
vn -0.0000 -0.0000 -1.0000
vn 0.7134 -0.7008 -0.0000
vn -0.7134 -0.7008 -0.0000
vn -0.7034 -0.0004 -0.7108
vn -0.7033 -0.0004 -0.7109
vn -0.7034 0.7108 -0.0004
vn -0.7033 0.7108 -0.0004
vn -0.7034 0.0004 -0.7108
vn -0.7034 0.0004 0.7108
vn -0.7033 0.0004 0.7109
vn -0.0002 -1.0000 -0.0000
vn -0.0001 -0.9995 -0.0303
vn 0.0011 -0.9995 -0.0309
vn 0.0016 -0.9995 -0.0308
vn -0.0000 -0.9995 -0.0303
vn 0.0013 -0.9995 0.0309
vn 0.0014 -0.9995 0.0310
vn 0.0013 -0.9995 0.0308
vn -0.0000 -0.9995 0.0303
vn -0.0002 1.0000 -0.0000
vn -0.0003 0.9994 -0.0332
vn -0.0003 0.9994 -0.0333
vn 0.0001 0.9995 0.0325
vn -0.0000 0.9995 0.0327
vn -0.0000 0.9995 -0.0327
vn -0.0003 0.9994 0.0332
vn 0.0001 0.0002 1.0000
vn -0.0001 -0.0293 0.9996
vn 0.0001 -0.0310 0.9995
vn 0.0004 -0.0308 0.9995
vn -0.0000 -0.0293 0.9996
vn 0.0004 0.0310 0.9995
vn 0.0004 0.0309 0.9995
vn 0.0003 0.0307 0.9995
vn -0.0000 0.0293 0.9996
vn -0.0000 -0.0327 -0.9995
vn -0.0000 0.0327 -0.9995
vn 0.0001 -0.0000 -1.0000
vn -0.0002 0.0321 -0.9995
vn 0.0008 0.0320 -0.9995
vn 0.0004 0.0322 -0.9995
vn -0.0000 0.0321 -0.9995
vn 0.0009 -0.0320 -0.9995
vn 0.0008 -0.0318 -0.9995
vn 0.0008 -0.0319 -0.9995
vn -0.0000 -0.0321 -0.9995
vn 0.0001 -0.0000 1.0000
vn -0.0000 0.0324 0.9995
vn 0.0001 0.0326 0.9995
vn -0.0002 -0.0331 0.9995
vn -0.0000 -0.0327 0.9995
vn -0.0000 0.0327 0.9995
vn -0.0000 -0.0324 0.9995
vn -0.0001 -1.0000 -0.0000
vn -0.0000 -0.9995 0.0330
vn -0.0001 -0.9995 0.0328
vn 0.0002 -0.9995 -0.0324
vn -0.0000 -0.9995 -0.0327
vn -0.0000 -0.9995 0.0327
vn -0.0000 -0.9995 -0.0330
vn 0.0002 0.9994 0.0332
vn -0.0011 0.9994 0.0335
vn -0.0011 0.9994 0.0334
vn -0.0000 0.9994 0.0332
vn -0.0016 0.9994 -0.0336
vn -0.0013 0.9994 -0.0335
vn -0.0014 0.9994 -0.0333
vn -0.0000 0.9994 -0.0332
vn -0.7034 -0.7108 -0.0004
vn -0.7034 -0.7108 0.0004
vn -0.7033 -0.7108 0.0004
vn -0.7034 -0.0004 0.7108
vn -0.7034 0.7108 0.0004
vn -0.7008 -0.0000 -0.7134
vn -0.7008 -0.0000 0.7134
vn -0.7008 0.7134 -0.0000
vn -0.7008 -0.7134 -0.0000
vn -0.4970 -0.5615 -0.6616
vn -0.5000 -0.5575 -0.6627
vn -0.4969 -0.5616 -0.6616
vn -0.4939 -0.5656 -0.6604
vn -0.0120 -0.9999 0.0015
vn -0.0125 -0.9999 0.0014
vn -0.0124 -0.9999 0.0014
vn -0.0117 -0.9999 0.0016
vn -0.0063 1.0000 -0.0030
vn -0.0064 1.0000 -0.0029
vn -0.0064 1.0000 -0.0030
vn -0.0098 1.0000 0.0015
vn -0.5079 0.6574 -0.5567
vn -0.5082 0.6575 -0.5563
vn -0.5306 -0.6339 -0.5627
vn -0.5307 -0.6339 -0.5626
vn -0.5308 -0.6340 -0.5624
vn -0.5308 -0.6339 -0.5625
vn -0.0062 1.0000 0.0029
vn -0.0061 1.0000 0.0029
vn 0.7034 0.0004 -0.7108
vn 0.7033 0.0004 -0.7109
vn 0.7034 -0.7108 -0.0004
vn 0.7033 -0.7108 -0.0004
vn -0.0120 -0.9999 0.0100
vn -0.0120 -0.9999 -0.0014
vn -0.5205 0.5570 0.6472
vn -0.5153 0.5643 0.6450
vn -0.5205 0.5569 0.6472
vn -0.5257 0.5495 0.6494
vn 0.7034 -0.0004 -0.7108
vn 0.7034 -0.0004 0.7108
vn 0.7033 -0.0004 0.7109
vn -0.7108 -0.7034 0.0004
vn -0.7109 -0.7033 0.0004
vn 0.0004 -0.7034 0.7108
vn 0.0004 -0.7033 0.7109
vn 0.7108 -0.7034 0.0004
vn 0.7109 -0.7033 0.0004
vn 0.7108 -0.7034 -0.0004
vn 0.0002 1.0000 -0.0000
vn 0.0001 0.9995 -0.0303
vn -0.0010 0.9995 -0.0310
vn -0.0016 0.9995 -0.0307
vn -0.0000 0.9995 -0.0303
vn -0.0013 0.9995 0.0309
vn -0.0012 0.9995 0.0308
vn -0.0013 0.9995 0.0308
vn -0.0000 0.9995 0.0303
vn 0.0002 -1.0000 -0.0000
vn 0.0004 -0.9995 -0.0331
vn 0.0003 -0.9994 -0.0333
vn 0.0004 -0.9995 0.0331
vn -0.0001 -0.0002 1.0000
vn 0.0001 0.0293 0.9996
vn -0.0001 0.0310 0.9995
vn -0.0004 0.0308 0.9995
vn -0.0004 -0.0310 0.9995
vn -0.0004 -0.0309 0.9995
vn -0.0003 -0.0307 0.9995
vn -0.0001 -0.0000 -1.0000
vn 0.0002 -0.0321 -0.9995
vn -0.0008 -0.0320 -0.9995
vn -0.0004 -0.0322 -0.9995
vn -0.0011 0.0320 -0.9995
vn -0.0009 0.0320 -0.9995
vn -0.0008 0.0319 -0.9995
vn -0.0001 -0.0000 1.0000
vn -0.0001 -0.0326 0.9995
vn 0.0002 0.0331 0.9995
vn 0.7008 0.7134 -0.0000
vn 0.0001 1.0000 -0.0000
vn -0.0000 0.9995 0.0330
vn 0.0001 0.9995 0.0328
vn -0.0001 0.9995 -0.0325
vn -0.0000 0.9995 -0.0330
vn 0.0061 -1.0000 -0.0029
vn 0.0062 -1.0000 -0.0029
vn 0.7136 -0.7006 0.0002
vn 0.7134 -0.7007 0.0001
vn 0.7136 0.0002 0.7006
vn 0.7134 -0.0000 0.7008
vn -0.7135 0.0002 0.7007
vn -0.7135 -0.0000 0.7006
vn -0.6467 -0.5599 0.5180
vn -0.6465 -0.5604 0.5176
vn -0.6467 -0.5597 0.5181
vn -0.6468 -0.5594 0.5183
vn -0.8081 0.3027 -0.5053
vn -0.8081 0.3028 -0.5052
vn -0.8080 0.2777 -0.5196
vn -0.8081 0.3586 -0.4673
vn -0.8081 0.4165 -0.4165
vn -0.8081 0.4673 -0.3586
vn -0.8081 0.5053 -0.3026
vn -0.8081 0.5052 -0.3028
vn -0.8080 0.5196 -0.2777
vn -0.8081 0.5053 0.3027
vn -0.8081 0.5052 0.3028
vn -0.8080 0.5196 0.2777
vn -0.8081 0.4673 0.3586
vn -0.8081 0.4165 0.4165
vn -0.8081 0.3586 0.4673
vn -0.8081 0.3026 0.5053
vn -0.8081 0.3029 0.5052
vn -0.8080 0.2777 0.5196
vn -1.0000 0.0002 -0.0001
vn -1.0000 -0.0000 -0.0001
vn -0.8081 -0.5055 -0.3024
vn -0.8081 -0.5052 -0.3028
vn -0.8080 -0.5196 -0.2777
vn -0.8081 -0.4673 -0.3586
vn -0.8081 -0.4165 -0.4165
vn -0.8081 -0.3586 -0.4673
vn -0.8081 -0.3026 -0.5053
vn -0.8081 -0.3029 -0.5052
vn -0.8080 -0.2777 -0.5196
vn -0.8081 -0.3027 0.5053
vn -0.8081 -0.3028 0.5052
vn -0.8080 -0.2777 0.5196
vn -0.8081 -0.3586 0.4673
vn -0.8081 -0.4165 0.4165
vn -0.8081 -0.4673 0.3586
vn -0.8081 -0.5054 0.3026
vn -0.8081 -0.5052 0.3029
vn -0.8080 -0.5196 0.2777
vn -0.0002 -0.7135 0.7007
vn -0.0000 -0.7135 0.7006
vn -0.0002 0.7136 0.7006
vn -0.0000 0.7134 0.7008
vn -1.0000 -0.0000 0.0001
vn -0.9995 -0.0330 -0.0000
vn -0.9995 -0.0325 -0.0001
vn -0.9995 -0.0327 -0.0000
vn -0.9995 0.0328 0.0001
vn -0.9995 0.0330 -0.0000
vn -0.9995 0.0327 -0.0000
vn -0.0000 -1.0000 -0.0001
vn 0.0324 -0.9995 -0.0000
vn 0.0331 -0.9995 0.0002
vn 0.0327 -0.9995 -0.0000
vn -0.0326 -0.9995 -0.0001
vn -0.0324 -0.9995 -0.0000
vn -0.0327 -0.9995 -0.0000
vn -0.0327 0.9995 -0.0000
vn 0.0327 0.9995 -0.0000
vn 0.9995 0.0330 0.0005
vn 0.9995 0.0326 -0.0000
vn 0.9995 0.0327 -0.0000
vn 0.9995 -0.0330 0.0002
vn 0.9995 -0.0331 0.0004
vn 0.9995 -0.0327 -0.0000
vn -0.0308 -0.9995 -0.0004
vn -0.0001 -1.0000 0.0001
vn -0.0309 -0.9995 -0.0003
vn -0.0293 -0.9996 -0.0000
vn 0.0308 -0.9995 -0.0004
vn 0.0308 -0.9995 -0.0003
vn 0.0293 -0.9996 -0.0000
vn 1.0000 -0.0059 0.0015
vn 1.0000 -0.0060 0.0015
vn 0.7008 -0.0000 -0.7133
vn 0.9994 -0.0334 0.0009
vn 0.9994 -0.0335 0.0011
vn 0.9994 -0.0336 0.0012
vn 0.9994 -0.0332 -0.0000
vn 0.9994 0.0335 0.0013
vn 0.9994 0.0337 0.0010
vn 0.9995 0.0331 -0.0003
vn 0.9994 0.0332 -0.0000
vn 0.0322 0.9995 -0.0005
vn -0.0000 1.0000 0.0004
vn 0.0320 0.9995 -0.0008
vn 0.0320 0.9995 -0.0009
vn 0.0321 0.9995 -0.0000
vn -0.0320 0.9995 -0.0009
vn -0.0319 0.9995 -0.0008
vn -0.0321 0.9995 0.0002
vn -0.0321 0.9995 -0.0000
vn -1.0000 0.0002 0.0002
vn -1.0000 0.0001 0.0002
vn -1.0000 0.0001 -0.0000
vn -1.0000 -0.0000 -0.0002
vn -0.9995 -0.0303 -0.0001
vn -0.9995 -0.0311 0.0008
vn -0.9995 -0.0307 0.0016
vn -0.9995 0.0312 0.0016
vn -0.9995 0.0308 0.0012
vn -0.9995 -0.0303 -0.0000
vn -0.9995 0.0303 -0.0000
vn 1.0000 -0.0000 -0.0002
vn 0.9995 -0.0330 -0.0005
vn 0.9994 -0.0333 -0.0003
vn 0.9995 0.0330 -0.0005
vn -0.0001 1.0000 -0.0001
vn -0.0293 0.9996 -0.0001
vn -0.0309 0.9995 0.0003
vn -0.0308 0.9995 0.0005
vn -0.0293 0.9996 -0.0000
vn 0.0310 0.9995 0.0004
vn 0.0308 0.9995 0.0004
vn 0.0308 0.9995 0.0003
vn 0.0293 0.9996 -0.0000
vn -0.0000 -1.0000 0.0001
vn 0.0321 -0.9995 -0.0001
vn 0.0320 -0.9995 0.0008
vn 0.0322 -0.9995 0.0005
vn 0.0321 -0.9995 -0.0000
vn -0.0320 -0.9995 0.0011
vn -0.0320 -0.9995 0.0009
vn -0.0319 -0.9995 0.0008
vn -0.0321 -0.9995 -0.0000
vn -0.0000 1.0000 0.0001
vn 0.0324 0.9995 -0.0000
vn 0.0326 0.9995 0.0001
vn -0.0331 0.9995 -0.0002
vn -0.0324 0.9995 -0.0000
vn -0.9995 0.0328 -0.0001
vn -0.9995 -0.0325 0.0001
vn -0.0029 1.0000 0.0061
vn -0.0029 1.0000 0.0062
vn -0.0098 0.9999 0.0096
vn -0.9995 0.0307 -0.0016
vn -1.0000 -0.0000 0.0002
vn -0.9995 0.0310 -0.0010
vn -0.9995 0.0309 -0.0013
vn -0.9995 -0.0312 -0.0016
vn -0.9995 -0.0308 -0.0012
vn -0.9995 -0.0303 0.0001
vn 0.3030 -0.5051 -0.8081
vn 0.3028 -0.5052 -0.8081
vn 0.2777 -0.5196 -0.8080
vn 0.3586 -0.4673 -0.8081
vn 0.4165 -0.4165 -0.8081
vn 0.4673 -0.3586 -0.8081
vn 0.5054 -0.3025 -0.8081
vn 0.5052 -0.3029 -0.8081
vn 0.5196 -0.2777 -0.8080
vn -0.7108 -0.7034 -0.0004
vn -0.7109 -0.7033 -0.0004
vn 0.0004 -0.7034 -0.7108
vn 0.0004 -0.7033 -0.7109
vn -0.5169 -0.5166 0.6825
vn 0.0006 0.0022 1.0000
vn 0.0004 0.0025 1.0000
vn 0.0001 0.0026 1.0000
vn -0.0001 0.0026 1.0000
vn -0.0004 0.0028 1.0000
vn -0.0000 0.0026 1.0000
vn 0.0004 0.0028 1.0000
vn -0.0005 0.0024 1.0000
vn -0.0004 0.0024 1.0000
vn -0.9994 -0.0010 -0.0337
vn -0.9994 -0.0011 -0.0336
vn -0.9994 -0.0014 -0.0334
vn -0.9994 -0.0012 -0.0335
vn -0.9994 -0.0000 0.0332
vn -0.9994 -0.0012 0.0336
vn -0.9994 -0.0013 -0.0336
vn -0.9994 -0.0000 -0.0332
vn -0.9994 -0.0011 0.0335
vn -0.9994 -0.0010 0.0334
vn -0.6828 -0.5165 0.5167
vn 1.0000 -0.0060 -0.0015
vn 1.0000 -0.0059 -0.0015
vn 1.0000 -0.0058 -0.0015
vn -0.6575 -0.5082 -0.5563
vn -0.6574 -0.5080 -0.5567
vn 0.7071 0.0001 -0.7071
vn 0.7071 -0.0001 -0.7071
vn 0.7072 -0.0001 -0.7070
vn 0.6786 -0.5294 -0.5092
vn 0.2935 -0.9344 -0.2019
vn 0.2997 -0.9540 -0.0000
vn 0.1532 -0.9673 -0.2020
vn 0.1564 -0.9877 -0.0000
vn 0.0640 -0.9773 -0.2020
vn 0.0654 -0.9979 -0.0000
vn -0.0000 -0.9794 -0.2021
vn 0.9794 -0.0000 -0.2021
vn 0.9979 -0.0654 -0.0000
vn 0.9773 -0.0641 -0.2021
vn 0.9673 -0.1532 -0.2020
vn 0.9877 -0.1564 -0.0000
vn 0.9344 -0.2935 -0.2019
vn 0.9540 -0.2997 -0.0000
vn 0.8682 -0.4532 -0.2019
vn 0.8865 -0.4627 -0.0000
vn 0.7828 -0.5885 -0.2021
vn 0.7993 -0.6009 -0.0000
vn 0.6925 -0.6925 -0.2021
vn 0.7071 -0.7071 -0.0000
vn 0.5885 -0.7828 -0.2021
vn 0.6009 -0.7993 -0.0000
vn 0.4532 -0.8682 -0.2020
vn 0.4627 -0.8865 -0.0000
vn 0.2935 0.9344 -0.2019
vn 0.2997 0.9540 -0.0000
vn 0.4532 0.8682 -0.2019
vn 0.4627 0.8865 -0.0000
vn 0.5885 0.7828 -0.2021
vn 0.6009 0.7993 -0.0000
vn 0.6925 0.6925 -0.2021
vn 0.7828 0.5885 -0.2021
vn 0.7993 0.6009 -0.0000
vn 0.8682 0.4532 -0.2020
vn 0.8865 0.4627 -0.0000
vn 0.9344 0.2935 -0.2019
vn 0.9540 0.2997 -0.0000
vn 0.9673 0.1532 -0.2020
vn 0.9877 0.1564 -0.0000
vn 0.9773 0.0640 -0.2020
vn 0.9979 0.0654 -0.0000
vn -0.6925 0.6925 -0.2021
vn -0.7071 0.7071 -0.0000
vn -0.5885 0.7828 -0.2021
vn -0.6009 0.7993 -0.0000
vn -0.4532 0.8682 -0.2020
vn -0.4627 0.8865 -0.0000
vn -0.2935 0.9344 -0.2019
vn -0.2997 0.9540 -0.0000
vn -0.1532 0.9673 -0.2020
vn -0.1564 0.9877 -0.0000
vn -0.0641 0.9773 -0.2020
vn -0.0654 0.9979 -0.0000
vn -0.0000 0.9794 -0.2021
vn 0.0654 0.9979 -0.0000
vn 0.0641 0.9773 -0.2021
vn 0.1532 0.9673 -0.2020
vn 0.1564 0.9877 -0.0000
vn -0.9344 -0.2935 -0.2019
vn -0.9540 -0.2997 -0.0000
vn -0.9673 -0.1532 -0.2020
vn -0.9877 -0.1564 -0.0000
vn -0.9773 -0.0640 -0.2020
vn -0.9979 -0.0654 -0.0000
vn -0.9794 -0.0000 -0.2021
vn -0.9979 0.0654 -0.0000
vn -0.9773 0.0641 -0.2021
vn -0.9673 0.1532 -0.2020
vn -0.9877 0.1564 -0.0000
vn -0.9540 0.2997 -0.0000
vn -0.9344 0.2935 -0.2019
vn -0.8865 0.4627 -0.0000
vn -0.8682 0.4532 -0.2020
vn -0.7993 0.6009 -0.0000
vn -0.7828 0.5885 -0.2021
vn -0.0654 -0.9979 -0.0000
vn -0.0641 -0.9773 -0.2021
vn -0.1532 -0.9673 -0.2020
vn -0.1564 -0.9877 -0.0000
vn -0.2935 -0.9344 -0.2019
vn -0.2997 -0.9540 -0.0000
vn -0.4532 -0.8682 -0.2019
vn -0.4627 -0.8865 -0.0000
vn -0.5885 -0.7828 -0.2021
vn -0.6009 -0.7993 -0.0000
vn -0.6925 -0.6925 -0.2021
vn -0.7071 -0.7071 -0.0000
vn -0.7828 -0.5885 -0.2021
vn -0.7993 -0.6009 -0.0000
vn -0.8682 -0.4532 -0.2020
vn -0.8865 -0.4627 -0.0000
vn 0.6828 -0.5165 0.5167
vn 0.8081 0.5053 -0.3026
vn 0.8081 0.5052 -0.3028
vn 0.8080 0.5196 -0.2777
vn 0.8081 0.4673 -0.3586
vn 0.8081 0.4165 -0.4165
vn 0.8081 0.3586 -0.4673
vn 0.8081 0.3030 -0.5051
vn 0.8081 0.3029 -0.5052
vn 0.8080 0.2777 -0.5196
vn 0.8081 0.3025 0.5054
vn 0.8081 0.3028 0.5052
vn 0.8080 0.2777 0.5196
vn 0.8081 0.3586 0.4673
vn 0.8081 0.4165 0.4165
vn 0.8081 0.4673 0.3586
vn 0.8081 0.5055 0.3024
vn 0.8081 0.5052 0.3028
vn 0.8080 0.5196 0.2777
vn 0.5115 -0.5256 -0.6798
vn 0.0007 0.0002 1.0000
vn 0.0004 0.0003 1.0000
vn 0.0005 0.0002 1.0000
vn -0.0043 1.0000 -0.0012
vn -0.0043 1.0000 -0.0013
vn -0.0028 -1.0000 0.0037
vn -0.0462 -0.7054 -0.7073
vn -0.1106 -0.6982 -0.7073
vn -0.0132 -0.2015 -0.9794
vn -0.0000 -0.2019 -0.9794
vn -0.0000 -0.7069 -0.7073
vn -0.5885 -0.7828 -0.2022
vn -0.6925 -0.6925 -0.2022
vn -0.4247 -0.5649 -0.7075
vn -0.3270 -0.6265 -0.7075
vn -0.4532 -0.8682 -0.2021
vn -0.2118 -0.6743 -0.7075
vn -0.2935 -0.9343 -0.2021
vn -0.0316 -0.1995 -0.9794
vn 0.0132 -0.2015 -0.9794
vn 0.0462 -0.7054 -0.7073
vn 0.0316 -0.1995 -0.9794
vn 0.1106 -0.6982 -0.7073
vn 0.0605 -0.1927 -0.9794
vn 0.2118 -0.6743 -0.7075
vn 0.0934 -0.1790 -0.9794
vn 0.0316 0.1995 -0.9794
vn 0.0605 0.1927 -0.9794
vn 0.0933 0.1792 -0.9794
vn 0.1213 0.1614 -0.9794
vn 0.1427 0.1427 -0.9794
vn 0.1614 0.1213 -0.9794
vn 0.1790 0.0934 -0.9794
vn 0.1927 0.0605 -0.9794
vn 0.1995 0.0316 -0.9794
vn 0.2015 0.0132 -0.9794
vn 0.2019 -0.0000 -0.9794
vn 0.2015 -0.0132 -0.9794
vn 0.1995 -0.0316 -0.9794
vn 0.1927 -0.0605 -0.9794
vn 0.1792 -0.0933 -0.9794
vn 0.1614 -0.1213 -0.9794
vn 0.1427 -0.1427 -0.9794
vn 0.1213 -0.1614 -0.9794
vn 0.3270 -0.6265 -0.7075
vn 0.4247 -0.5649 -0.7075
vn 0.4998 -0.4998 -0.7074
vn 0.5649 -0.4247 -0.7075
vn 0.6265 -0.3270 -0.7075
vn 0.6743 -0.2118 -0.7075
vn 0.6982 -0.1106 -0.7073
vn 0.7054 -0.0462 -0.7073
vn 0.7069 -0.0000 -0.7073
vn 0.7828 -0.5885 -0.2022
vn 0.6925 -0.6925 -0.2022
vn 0.8682 -0.4532 -0.2021
vn 0.9343 -0.2935 -0.2021
vn 0.9673 -0.1532 -0.2021
vn 0.9772 -0.0641 -0.2023
vn 0.9793 -0.0000 -0.2023
vn 0.7054 0.0462 -0.7073
vn 0.9772 0.0640 -0.2023
vn 0.6982 0.1106 -0.7073
vn 0.9673 0.1532 -0.2022
vn 0.6743 0.2118 -0.7075
vn 0.9344 0.2935 -0.2021
vn 0.6265 0.3270 -0.7075
vn 0.5649 0.4247 -0.7075
vn 0.4997 0.4997 -0.7075
vn 0.4247 0.5649 -0.7075
vn 0.3270 0.6265 -0.7075
vn 0.2118 0.6743 -0.7075
vn 0.8682 0.4531 -0.2021
vn 0.7828 0.5885 -0.2022
vn 0.6925 0.6925 -0.2022
vn 0.5885 0.7828 -0.2022
vn 0.4532 0.8682 -0.2021
vn 0.2935 0.9343 -0.2021
vn 0.1106 0.6982 -0.7073
vn 0.1532 0.9673 -0.2021
vn 0.0462 0.7054 -0.7073
vn 0.0641 0.9772 -0.2023
vn -0.0000 0.7069 -0.7073
vn -0.0000 0.9793 -0.2022
vn -0.0462 0.7054 -0.7073
vn 0.0132 0.2015 -0.9794
vn -0.0000 0.2019 -0.9794
vn -0.0132 0.2015 -0.9794
vn -0.0316 0.1995 -0.9794
vn -0.1106 0.6982 -0.7073
vn -0.0605 0.1927 -0.9794
vn -0.2118 0.6743 -0.7075
vn -0.0934 0.1790 -0.9794
vn -0.3270 0.6265 -0.7075
vn -0.1213 0.1614 -0.9794
vn -0.4247 0.5649 -0.7075
vn -0.1427 0.1427 -0.9794
vn -0.4998 0.4998 -0.7074
vn -0.1614 0.1213 -0.9794
vn -0.0640 0.9772 -0.2022
vn -0.1532 0.9673 -0.2022
vn -0.2935 0.9344 -0.2021
vn -0.4531 0.8682 -0.2021
vn -0.5885 0.7828 -0.2022
vn -0.6925 0.6925 -0.2022
vn -0.5649 0.4247 -0.7075
vn -0.7828 0.5885 -0.2022
vn -0.6265 0.3270 -0.7075
vn -0.8682 0.4532 -0.2021
vn -0.6743 0.2118 -0.7075
vn -0.9343 0.2935 -0.2021
vn -0.6982 0.1106 -0.7073
vn -0.1791 0.0934 -0.9794
vn -0.1927 0.0605 -0.9794
vn -0.1995 0.0316 -0.9794
vn -0.2015 0.0132 -0.9794
vn -0.7054 0.0462 -0.7073
vn -0.2019 -0.0000 -0.9794
vn -0.7069 -0.0000 -0.7073
vn -0.2015 -0.0132 -0.9794
vn -0.7054 -0.0462 -0.7073
vn -0.1995 -0.0316 -0.9794
vn -0.6982 -0.1106 -0.7073
vn -0.1927 -0.0605 -0.9794
vn -0.6743 -0.2118 -0.7075
vn -0.1791 -0.0935 -0.9794
vn -0.9673 0.1532 -0.2021
vn -0.9772 0.0641 -0.2023
vn -0.9793 -0.0000 -0.2022
vn -0.9772 -0.0640 -0.2023
vn -0.9673 -0.1532 -0.2022
vn -0.9344 -0.2935 -0.2021
vn -0.6265 -0.3270 -0.7075
vn -0.8682 -0.4531 -0.2021
vn -0.5649 -0.4247 -0.7075
vn -0.7828 -0.5885 -0.2022
vn -0.4998 -0.4998 -0.7074
vn -0.1614 -0.1213 -0.9794
vn -0.1427 -0.1427 -0.9794
vn -0.1213 -0.1614 -0.9794
vn -0.0934 -0.1791 -0.9794
vn -0.0605 -0.1927 -0.9794
vn 0.9995 -0.0000 0.0327
vn 0.9995 -0.0001 -0.0327
vn 0.9995 -0.0000 -0.0327
vn 0.9995 0.0002 -0.0323
vn 1.0000 -0.0001 -0.0000
vn 0.9995 -0.0001 0.0329
vn 0.9995 -0.0000 0.0330
vn 0.9995 -0.0000 -0.0330
vn 0.5115 -0.5256 0.6798
vn -0.0000 -0.7207 -0.6933
vn 0.5242 -0.6758 -0.5182
vn -0.0004 0.7034 -0.7108
vn -0.0004 0.7033 -0.7109
vn 0.7108 0.7034 -0.0004
vn 0.7109 0.7033 -0.0004
vn 0.0004 0.7034 -0.7108
vn 0.0004 0.7033 -0.7109
vn 0.0004 0.7034 0.7108
vn 0.0004 0.7033 0.7109
vn -1.0000 0.0002 -0.0000
vn -0.9995 0.0001 -0.0303
vn -0.9995 -0.0011 -0.0309
vn -0.9995 -0.0013 -0.0309
vn -0.9995 -0.0000 -0.0303
vn -0.9995 -0.0012 0.0308
vn -0.9995 -0.0015 0.0311
vn -0.9995 -0.0000 0.0303
vn 1.0000 0.0002 -0.0000
vn 0.9995 0.0005 -0.0330
vn 0.9994 0.0003 -0.0333
vn 0.9995 0.0005 0.0330
vn 0.0002 -0.0001 1.0000
vn -0.0293 -0.0000 0.9996
vn -0.0309 -0.0002 0.9995
vn -0.0308 -0.0005 0.9995
vn 0.0311 -0.0004 0.9995
vn 0.0310 -0.0005 0.9995
vn 0.0308 -0.0003 0.9995
vn 0.0293 -0.0000 0.9996
vn -0.0327 -0.0000 -0.9995
vn 0.0327 -0.0000 -0.9995
vn -0.0000 0.0004 -1.0000
vn 0.0321 0.0002 -0.9995
vn 0.0320 -0.0008 -0.9995
vn 0.0322 -0.0003 -0.9995
vn 0.0321 -0.0000 -0.9995
vn -0.0319 -0.0013 -0.9995
vn -0.0320 -0.0009 -0.9995
vn -0.0319 -0.0008 -0.9995
vn -0.0321 -0.0000 -0.9995
vn -0.0000 -0.0001 1.0000
vn 0.0326 -0.0001 0.9995
vn -0.0331 0.0002 0.9995
vn -0.9995 -0.0000 0.0330
vn -0.9995 0.0001 0.0328
vn -0.9995 -0.0002 -0.0324
vn -0.9995 -0.0000 -0.0327
vn -0.9995 -0.0000 0.0327
vn -0.9995 -0.0000 -0.0330
vn 0.5113 0.6799 0.5256
vn 0.0003 -0.0000 1.0000
vn 0.0001 -0.0002 1.0000
vn 0.0004 0.0001 1.0000
vn 0.0001 -0.0001 1.0000
vn 0.0003 0.0001 1.0000
vn 0.0003 -0.0001 1.0000
vn 0.0002 -0.0000 1.0000
vn 0.0002 -0.0003 1.0000
vn -0.0005 1.0000 -0.0001
vn -0.0005 1.0000 -0.0000
vn 0.0003 1.0000 -0.0000
vn -0.0001 1.0000 0.0001
vn 0.7071 -0.0000 0.7071
vn -0.0000 0.0007 1.0000
vn -0.0001 0.0005 1.0000
vn -0.0000 -0.0003 1.0000
vn -0.9999 -0.0000 0.0107
vn -0.0309 0.0004 0.9995
vn -0.0308 0.0003 0.9995
vn -0.0292 -0.0000 0.9996
vn 0.0309 0.0002 0.9995
vn 0.0309 0.0003 0.9995
vn 0.0308 0.0005 0.9995
vn 0.5145 0.5239 -0.6788
vn 0.9995 0.0013 -0.0309
vn 0.9995 0.0011 -0.0309
vn 0.9995 0.0015 -0.0308
vn 0.9995 0.0015 0.0311
vn 0.9995 0.0012 0.0307
vn 0.9995 0.0012 0.0308
vn 0.9995 0.0013 0.0309
vn 0.9995 0.0014 -0.0309
vn 0.9995 -0.0000 -0.0303
vn 0.9995 -0.0000 0.0303
vn -0.7136 -0.0002 0.7006
vn -0.7134 -0.0000 0.7008
vn 0.6972 -0.0000 0.7168
vn 0.6972 -0.0000 0.7169
vn 0.0319 0.0007 -0.9995
vn 0.0320 0.0009 -0.9995
vn 0.0320 0.0008 -0.9995
vn 0.0319 0.0008 -0.9995
vn -0.0320 0.0008 -0.9995
vn -0.0320 0.0009 -0.9995
vn -0.0321 0.0006 -0.9995
vn -0.0322 0.0004 -0.9995
vn -0.0319 0.0010 -0.9995
vn 0.5113 -0.6800 0.5256
vn 1.0000 -0.0004 -0.0000
vn 1.0000 -0.0005 -0.0001
vn 1.0000 -0.0002 -0.0000
vn 1.0000 -0.0003 -0.0001
vn 1.0000 -0.0003 -0.0000
vn 1.0000 -0.0003 0.0001
vn 1.0000 -0.0003 -0.0003
vn 1.0000 -0.0002 0.0001
vn -0.0000 -0.7070 0.7072
vn 0.0015 1.0000 -0.0013
vn 0.0014 1.0000 -0.0017
vn 0.0014 1.0000 -0.0016
vn 0.0015 1.0000 -0.0015
vn 0.0122 0.9999 -0.0015
vn -0.9995 -0.0003 0.0331
vn -0.9995 0.0001 -0.0324
vn -1.0000 -0.0002 -0.0000
vn -0.9994 -0.0003 0.0332
vn -0.9995 -0.0005 0.0330
vn -0.9995 -0.0005 -0.0330
vn -0.6818 0.5148 0.5197
vn 0.2015 -0.9794 0.0132
vn 0.7054 -0.7073 0.0462
vn 0.6985 -0.7069 0.1110
vn 0.1995 -0.9794 0.0316
vn 0.9772 -0.2023 -0.0640
vn 0.9793 -0.2023 -0.0000
vn 0.7054 -0.7073 -0.0462
vn 0.7069 -0.7073 -0.0000
vn 0.9772 -0.2023 0.0641
vn 0.9673 -0.2016 0.1536
vn 0.6750 -0.7066 0.2121
vn 0.1927 -0.9794 0.0605
vn 0.2019 -0.9794 -0.0000
vn 0.2015 -0.9794 -0.0132
vn 0.1995 -0.9794 -0.0316
vn 0.6982 -0.7073 -0.1106
vn 0.9346 -0.2010 0.2936
vn -0.1614 -0.9794 -0.1213
vn -0.1427 -0.9794 -0.1427
vn -0.1213 -0.9794 -0.1614
vn -0.0934 -0.9794 -0.1790
vn -0.0605 -0.9794 -0.1927
vn -0.0316 -0.9794 -0.1995
vn -0.0132 -0.9794 -0.2015
vn -0.0000 -0.9794 -0.2019
vn 0.0132 -0.9794 -0.2015
vn 0.0316 -0.9794 -0.1995
vn 0.0605 -0.9794 -0.1927
vn 0.0933 -0.9794 -0.1792
vn 0.1213 -0.9794 -0.1614
vn 0.1427 -0.9794 -0.1427
vn 0.1614 -0.9794 -0.1213
vn 0.1791 -0.9794 -0.0935
vn 0.1927 -0.9794 -0.0605
vn 0.6743 -0.7075 -0.2118
vn 0.6265 -0.7075 -0.3270
vn 0.5649 -0.7075 -0.4247
vn 0.4998 -0.7074 -0.4998
vn 0.4247 -0.7075 -0.5649
vn 0.3270 -0.7075 -0.6265
vn 0.2118 -0.7075 -0.6743
vn 0.1106 -0.7073 -0.6982
vn 0.0462 -0.7073 -0.7054
vn 0.1532 -0.2021 -0.9673
vn 0.2935 -0.2021 -0.9343
vn 0.4532 -0.2021 -0.8682
vn 0.5885 -0.2022 -0.7828
vn 0.6925 -0.2022 -0.6925
vn 0.7828 -0.2022 -0.5885
vn 0.8682 -0.2021 -0.4531
vn 0.9344 -0.2021 -0.2935
vn 0.9673 -0.2022 -0.1532
vn -0.7828 -0.2022 -0.5885
vn -0.6925 -0.2022 -0.6925
vn -0.5649 -0.7075 -0.4247
vn -0.4998 -0.7074 -0.4998
vn -0.5885 -0.2022 -0.7828
vn -0.4247 -0.7075 -0.5649
vn -0.4532 -0.2021 -0.8682
vn -0.3270 -0.7075 -0.6265
vn -0.2935 -0.2021 -0.9344
vn -0.2118 -0.7075 -0.6743
vn -0.1532 -0.2022 -0.9673
vn -0.1106 -0.7073 -0.6982
vn -0.0640 -0.2023 -0.9772
vn -0.0462 -0.7073 -0.7054
vn -0.0000 -0.2023 -0.9793
vn -0.0000 -0.7073 -0.7069
vn 0.0641 -0.2023 -0.9772
vn -0.1791 -0.9794 -0.0934
vn -0.0132 -0.9794 0.2015
vn -0.0000 -0.9794 0.2019
vn 0.0132 -0.9794 0.2015
vn 0.0316 -0.9794 0.1995
vn 0.0605 -0.9794 0.1927
vn 0.0934 -0.9794 0.1791
vn 0.1213 -0.9794 0.1614
vn 0.1427 -0.9794 0.1427
vn 0.1614 -0.9794 0.1213
vn 0.1790 -0.9794 0.0934
vn 0.6270 -0.7071 0.3269
vn 0.5649 -0.7075 0.4246
vn 0.4998 -0.7074 0.4998
vn 0.4246 -0.7075 0.5649
vn 0.3269 -0.7075 0.6266
vn 0.2118 -0.7075 0.6743
vn 0.1106 -0.7073 0.6982
vn 0.0462 -0.7073 0.7054
vn -0.0000 -0.7073 0.7069
vn -0.0462 -0.7073 0.7054
vn 0.8684 -0.2015 0.4530
vn 0.7828 -0.2022 0.5885
vn 0.6925 -0.2022 0.6925
vn 0.5885 -0.2022 0.7828
vn 0.4532 -0.2022 0.8682
vn 0.2935 -0.2021 0.9344
vn 0.1532 -0.2022 0.9673
vn 0.0640 -0.2023 0.9772
vn -0.1995 -0.9794 0.0316
vn -0.1927 -0.9794 0.0605
vn -0.6982 -0.7073 0.1106
vn -0.7054 -0.7073 0.0462
vn -0.2015 -0.9794 0.0132
vn -0.7069 -0.7073 -0.0000
vn -0.2019 -0.9794 -0.0000
vn -0.2015 -0.9794 -0.0132
vn -0.1790 -0.9794 0.0934
vn -0.1614 -0.9794 0.1213
vn -0.1427 -0.9794 0.1427
vn -0.1213 -0.9794 0.1614
vn -0.0934 -0.9794 0.1791
vn -0.0605 -0.9794 0.1927
vn -0.0316 -0.9794 0.1995
vn -0.1106 -0.7073 0.6982
vn -0.2118 -0.7075 0.6743
vn -0.3270 -0.7075 0.6265
vn -0.4247 -0.7075 0.5649
vn -0.4998 -0.7074 0.4998
vn -0.5649 -0.7075 0.4247
vn -0.6265 -0.7075 0.3270
vn -0.6743 -0.7075 0.2118
vn -0.0000 -0.2022 0.9793
vn -0.0641 -0.2022 0.9772
vn -0.1532 -0.2021 0.9673
vn -0.2935 -0.2021 0.9343
vn -0.4532 -0.2021 0.8682
vn -0.5885 -0.2022 0.7828
vn -0.6925 -0.2022 0.6925
vn -0.7828 -0.2022 0.5885
vn -0.8682 -0.2021 0.4531
vn -0.9344 -0.2021 0.2935
vn -0.9673 -0.2022 0.1532
vn -0.9772 -0.2023 0.0640
vn -0.9793 -0.2022 -0.0000
vn -0.7054 -0.7073 -0.0462
vn -0.1995 -0.9794 -0.0316
vn -0.1927 -0.9794 -0.0605
vn -0.6266 -0.7075 -0.3269
vn -0.9772 -0.2023 -0.0641
vn -0.8682 -0.2022 -0.4532
vn -0.9343 -0.2021 -0.2935
vn -0.6743 -0.7075 -0.2118
vn -0.6982 -0.7073 -0.1106
vn -0.9673 -0.2022 -0.1532
vn 0.0003 -0.0001 -1.0000
vn 0.0002 -0.0000 -1.0000
vn 0.0004 -0.0001 -1.0000
vn -0.5167 0.6827 0.5166
vn 0.0002 -0.0007 1.0000
vn 0.0003 -0.0004 1.0000
vn 0.0002 -0.0008 1.0000
vn 0.5569 -0.6472 0.5205
vn 0.5643 -0.6450 0.5153
vn 0.5495 -0.6494 0.5257
vn -0.0000 0.7071 0.7071
vn 0.7111 -0.0000 -0.7030
vn 0.7112 -0.0000 -0.7030
vn -0.7073 -0.7069 -0.0000
vn -0.7072 -0.7070 -0.0000
vn -0.5167 -0.6827 0.5166
vn -0.7105 0.7037 -0.0000
vn -0.0000 0.7175 -0.6965
vn -0.0000 0.7176 -0.6965
vn -0.0000 0.7037 0.7105
vn 0.3025 0.8081 -0.5054
vn 0.3028 0.8081 -0.5052
vn 0.2777 0.8080 -0.5196
vn 0.3586 0.8081 -0.4673
vn 0.4165 0.8081 -0.4165
vn 0.4673 0.8081 -0.3586
vn 0.5055 0.8081 -0.3024
vn 0.5052 0.8081 -0.3029
vn 0.5196 0.8080 -0.2777
vn 0.5053 0.8081 0.3027
vn 0.5052 0.8081 0.3028
vn 0.5196 0.8080 0.2777
vn 0.4675 0.8083 0.3580
vn 0.4673 0.8082 0.3584
vn 0.4164 0.8082 0.4164
vn 0.3585 0.8082 0.4673
vn 0.3584 0.8081 0.4674
vn 0.3026 0.8081 0.5053
vn 0.3029 0.8081 0.5052
vn 0.2777 0.8080 0.5196
vn -0.0003 -0.9994 0.0332
vn 0.0011 -0.9994 0.0335
vn 0.0013 -0.9994 0.0336
vn -0.0000 -0.9994 0.0332
vn 0.0015 -0.9994 -0.0336
vn 0.0016 -0.9994 -0.0332
vn 0.0010 -0.9994 -0.0337
vn 0.0013 -0.9994 -0.0335
vn 0.0013 -0.9994 -0.0336
vn -0.0000 -0.9994 -0.0332
vn -1.0000 -0.0049 0.0015
vn -1.0000 -0.0048 0.0015
vn -1.0000 -0.0047 0.0015
vn 0.7034 0.7108 -0.0004
vn 0.7034 0.7108 0.0004
vn 0.7033 0.7108 0.0004
vn 0.7034 0.0004 0.7108
vn 0.7034 -0.7108 0.0004
vn -1.0000 -0.0001 -0.0002
vn -1.0000 -0.0001 -0.0000
vn 0.5180 0.6467 0.5599
vn 0.5176 0.6465 0.5604
vn 0.5181 0.6468 0.5597
vn 0.5183 0.6468 0.5594
vn 0.6339 -0.5306 -0.5628
vn 0.6339 -0.5307 -0.5626
vn 0.6340 -0.5308 -0.5625
vn 0.6339 -0.5307 -0.5625
vn -1.0000 0.0003 0.0019
vn -1.0000 0.0004 0.0019
vn -1.0000 0.0005 0.0021
vn -1.0000 -0.0001 0.0019
vn -1.0000 -0.0001 0.0021
vn -1.0000 0.0001 0.0021
vn -1.0000 -0.0001 0.0020
vn -1.0000 0.0001 0.0022
vn -1.0000 -0.0002 0.0021
vn -1.0000 -0.0005 0.0017
vn 0.7135 -0.0002 0.7007
vn 0.7135 -0.0000 0.7006
vn -1.0000 -0.0011 -0.0002
vn -1.0000 -0.0008 -0.0004
vn -1.0000 -0.0013 -0.0000
vn -1.0000 -0.0012 0.0001
vn -1.0000 -0.0012 0.0002
vn -1.0000 -0.0011 0.0001
vn -1.0000 -0.0013 0.0004
vn -1.0000 -0.0011 -0.0001
vn -1.0000 -0.0012 -0.0002
vn -1.0000 -0.0010 0.0002
vn -1.0000 -0.0011 -0.0004
vn -1.0000 -0.0010 0.0001
vn -1.0000 -0.0005 -0.0001
vn -1.0000 -0.0001 -0.0003
vn -1.0000 -0.0004 -0.0001
vn -1.0000 -0.0006 0.0001
vn -1.0000 -0.0005 0.0001
vn -1.0000 -0.0005 -0.0000
vn -1.0000 -0.0004 0.0001
vn -1.0000 -0.0004 -0.0000
vn -1.0000 -0.0004 -0.0002
vn -1.0000 -0.0000 -0.0014
vn -1.0000 0.0004 -0.0011
vn -1.0000 0.0002 -0.0013
vn -1.0000 -0.0001 -0.0015
vn -1.0000 -0.0002 -0.0015
vn -1.0000 -0.0001 -0.0014
vn -1.0000 0.0001 -0.0014
vn -1.0000 0.0003 -0.0015
vn -1.0000 -0.0000 -0.0012
vn -1.0000 -0.0002 -0.0013
vn -1.0000 -0.0003 -0.0013
vn -0.0004 -0.7034 0.7108
vn -0.0004 -0.7033 0.7109
vn -0.0004 -0.7034 -0.7108
vn -0.6339 0.5627 0.5306
vn -0.6339 0.5626 0.5307
vn -0.6338 0.5629 0.5305
vn -0.6339 0.5625 0.5307
vn -0.0004 -0.7108 -0.7034
vn -0.0004 -0.7108 -0.7033
vn 0.7108 -0.0004 -0.7034
vn 0.7108 -0.0004 -0.7033
vn 0.0004 -0.7108 -0.7034
vn 0.0004 0.7109 -0.7033
vn 0.0004 0.7108 -0.7034
vn 0.0004 0.7108 -0.7033
vn 0.9994 0.0332 0.0002
vn 0.9994 0.0335 -0.0011
vn 0.9994 0.0334 -0.0009
vn 0.9994 -0.0336 -0.0014
vn 0.9994 -0.0335 -0.0013
vn 0.9994 -0.0333 -0.0014
vn -0.7108 -0.0004 -0.7034
vn -0.7109 -0.0004 -0.7033
vn -0.7108 0.0004 -0.7034
vn -0.7108 0.0004 -0.7033
vn -0.0004 0.7108 -0.7034
vn 0.7108 0.0004 -0.7034
vn -0.0000 -0.7134 -0.7008
vn -0.0000 0.7134 -0.7008
vn 0.7134 -0.0000 -0.7008
vn -0.7134 -0.0000 -0.7008
vn -0.5614 -0.6616 -0.4971
vn -0.5575 -0.6627 -0.5000
vn -0.5616 -0.6616 -0.4969
vn -0.5656 -0.6604 -0.4939
vn 0.6974 -0.7167 -0.0000
vn -1.0000 -0.0015 -0.0059
vn -1.0000 -0.0015 -0.0057
vn -1.0000 -0.0015 -0.0058
vn -1.0000 -0.0081 -0.0026
vn 1.0000 -0.0000 -0.0001
vn 0.6574 0.5567 0.5079
vn 0.6575 0.5563 0.5082
vn 0.0119 0.9999 0.0014
vn 0.0123 0.9999 0.0013
vn 0.0116 0.9999 0.0015
vn 0.0128 0.9999 0.0013
vn -0.0001 0.0022 -1.0000
vn -0.0005 0.0019 -1.0000
vn -0.0003 0.0022 -1.0000
vn 0.0001 0.0023 -1.0000
vn 0.0005 0.0024 -1.0000
vn 0.0001 0.0022 -1.0000
vn -0.0001 0.0021 -1.0000
vn -0.0005 0.0024 -1.0000
vn 0.0004 0.0020 -1.0000
vn 0.0003 0.0020 -1.0000
vn 0.6574 -0.5564 -0.5081
vn 0.6574 -0.5567 -0.5079
vn 0.6574 -0.5565 -0.5080
vn 0.6575 -0.5563 -0.5082
vn -0.6339 -0.5627 -0.5306
vn -0.6339 -0.5626 -0.5307
vn -0.6339 -0.5626 -0.5308
vn -0.6339 -0.5625 -0.5307
vn -0.0010 0.0049 -1.0000
vn -0.0009 0.0050 -1.0000
vn -0.0002 0.0052 -1.0000
vn 0.0002 0.0055 -1.0000
vn 0.0009 0.0057 -1.0000
vn -0.0000 0.0054 -1.0000
vn -0.0009 0.0057 -1.0000
vn 0.0005 0.0049 -1.0000
vn 0.0009 0.0049 -1.0000
vn 0.6973 -0.7168 -0.0000
vn 0.0003 -0.0000 -1.0000
vn 0.0001 0.0002 -1.0000
vn 0.0001 0.0001 -1.0000
vn 0.0003 0.0001 -1.0000
vn 0.0003 -0.0003 -1.0000
vn 0.5570 0.6472 -0.5205
vn 0.5643 0.6450 -0.5153
vn 0.5569 0.6472 -0.5205
vn 0.5495 0.6494 -0.5257
vn 0.5667 -0.5825 0.5827
vn -0.0000 -0.7071 0.7071
vn 0.5053 -0.3027 0.8081
vn 0.5052 -0.3028 0.8081
vn 0.5196 -0.2777 0.8080
vn 0.4673 -0.3586 0.8081
vn 0.4165 -0.4165 0.8081
vn 0.3586 -0.4673 0.8081
vn 0.3030 -0.5051 0.8081
vn 0.3029 -0.5052 0.8081
vn 0.2777 -0.5196 0.8080
vn -0.0007 -0.0002 1.0000
vn 0.0002 0.0001 1.0000
vn -0.0006 -0.0002 1.0000
vn -0.0003 -1.0000 -0.0000
vn 0.0006 -1.0000 0.0002
vn -0.0003 -1.0000 -0.0002
vn 0.0005 -1.0000 0.0003
vn 0.0765 -0.8095 -0.5821
vn 0.1144 -0.8099 -0.5752
vn 0.0384 -0.8079 -0.5881
vn -0.0000 -0.8085 -0.5885
vn -0.0000 -0.8084 -0.5886
vn -0.0385 -0.8079 -0.5881
vn -0.0764 -0.8095 -0.5821
vn -0.0765 -0.8095 -0.5821
vn -0.1144 -0.8099 -0.5752
vn -0.0000 -1.0000 0.0006
vn 0.0002 -1.0000 0.0003
vn -0.0003 -1.0000 0.0008
vn -0.0001 -1.0000 0.0006
vn -0.0000 -1.0000 0.0005
vn -0.0001 -1.0000 0.0005
vn 0.0001 -1.0000 0.0005
vn 0.0002 -1.0000 0.0005
vn -0.0001 -1.0000 0.0004
vn -0.0000 -1.0000 0.0004
vn -0.0000 -0.7071 -0.7071
vn -0.5199 0.5149 0.6817
vn -1.0000 -0.0048 -0.0015
vn -1.0000 -0.0049 -0.0015
vn -0.0004 -1.0000 -0.0000
vn -0.0001 -1.0000 0.0003
vn -0.0003 -1.0000 0.0001
vn -0.0005 -1.0000 -0.0001
vn -0.0005 -1.0000 -0.0000
vn -0.0005 -1.0000 0.0001
vn -0.0004 -1.0000 0.0004
vn -0.0004 -1.0000 -0.0001
vn -0.0004 -1.0000 0.0001
vn 0.9994 -0.0002 0.0332
vn 0.9994 0.0011 0.0335
vn 0.9994 0.0008 0.0333
vn 0.9994 -0.0000 0.0332
vn 0.9994 0.0014 -0.0336
vn 0.9994 0.0016 -0.0332
vn 0.9994 0.0010 -0.0337
vn 0.9994 0.0013 -0.0336
vn 0.9994 -0.0000 -0.0332
vn -0.7108 0.7034 -0.0004
vn -0.7108 0.7034 0.0004
vn -0.7109 0.7033 0.0004
vn -0.0004 0.7034 0.7108
vn 0.7108 0.7034 0.0004
vn -0.0000 0.7008 -0.7134
vn -0.0000 0.7008 0.7134
vn 0.7136 0.7006 -0.0002
vn 0.7134 0.7007 -0.0001
vn -0.7135 0.7007 -0.0002
vn -0.7136 0.7006 -0.0001
vn -0.0003 1.0000 0.0001
vn 0.0006 1.0000 -0.0002
vn -0.0000 1.0000 -0.0001
vn 0.0006 1.0000 -0.0003
vn 0.7134 0.7008 -0.0000
vn -0.5615 0.4970 -0.6616
vn -0.5575 0.5000 -0.6627
vn -0.5616 0.4969 -0.6616
vn -0.5656 0.4939 -0.6604
vn -0.3030 -0.8081 -0.5051
vn -0.3028 -0.8081 -0.5052
vn -0.2777 -0.8080 -0.5196
vn -0.3586 -0.8081 -0.4673
vn -0.4165 -0.8081 -0.4165
vn -0.4673 -0.8081 -0.3586
vn -0.5051 -0.8081 -0.3030
vn -0.5052 -0.8081 -0.3029
vn -0.5196 -0.8080 -0.2777
vn -0.5054 -0.8081 0.3025
vn -0.5052 -0.8081 0.3028
vn -0.5196 -0.8080 0.2777
vn -0.4673 -0.8081 0.3586
vn -0.4165 -0.8081 0.4165
vn -0.3586 -0.8081 0.4673
vn -0.3027 -0.8081 0.5053
vn -0.3029 -0.8081 0.5052
vn -0.2777 -0.8080 0.5196
vn -0.9999 0.0106 -0.0000
vn -0.9999 0.0110 -0.0001
vn -0.9999 0.0109 -0.0001
vn -0.7134 0.7008 -0.0000
vn 0.1144 0.5752 -0.8099
vn 0.0765 0.5821 -0.8095
vn 0.0384 0.5881 -0.8079
vn -0.0000 0.5885 -0.8085
vn -0.0000 0.5886 -0.8084
vn -0.0384 0.5881 -0.8079
vn -0.0765 0.5821 -0.8095
vn -0.0765 0.5822 -0.8095
vn -0.1144 0.5752 -0.8099
vn -0.0003 -1.0000 0.0004
vn 0.0004 -1.0000 0.0004
vn 1.0000 0.0001 0.0001
vn 1.0000 -0.0002 0.0002
vn 0.0002 1.0000 -0.0052
vn 0.0010 1.0000 -0.0048
vn 0.0008 1.0000 -0.0050
vn -0.0002 1.0000 -0.0054
vn -0.0006 1.0000 -0.0055
vn -0.0000 1.0000 -0.0054
vn 0.0006 1.0000 -0.0055
vn 0.0001 1.0000 -0.0054
vn -0.0006 1.0000 -0.0048
vn -0.0009 1.0000 -0.0049
vn -0.0000 1.0000 -0.0011
vn -0.0002 1.0000 -0.0011
vn 0.0002 1.0000 -0.0012
vn 0.0003 1.0000 -0.0013
vn 0.0001 1.0000 -0.0012
vn -0.0001 1.0000 -0.0012
vn -0.0003 1.0000 -0.0013
vn -0.0000 1.0000 -0.0014
vn -0.0002 1.0000 -0.0014
vn 0.0003 1.0000 -0.0010
vn -0.5295 0.6786 -0.5090
vn 0.6574 0.5081 -0.5564
vn 0.6574 0.5080 -0.5567
vn 0.6574 0.5080 -0.5565
vn 0.6575 0.5082 -0.5563
vn -0.6339 0.5306 -0.5627
vn -0.6339 0.5307 -0.5626
vn -0.6340 0.5308 -0.5625
vn 0.5053 -0.8081 -0.3027
vn 0.5052 -0.8081 -0.3028
vn 0.5196 -0.8080 -0.2777
vn 0.4673 -0.8081 -0.3586
vn 0.4165 -0.8081 -0.4165
vn 0.3586 -0.8081 -0.4673
vn 0.3030 -0.8081 -0.5051
vn 0.3029 -0.8081 -0.5052
vn 0.2777 -0.8080 -0.5196
vn 0.3027 -0.8081 0.5053
vn 0.3028 -0.8081 0.5052
vn 0.2777 -0.8080 0.5196
vn 0.3586 -0.8081 0.4673
vn 0.4165 -0.8081 0.4165
vn 0.4673 -0.8081 0.3586
vn 0.5051 -0.8081 0.3030
vn 0.5052 -0.8081 0.3029
vn 0.5196 -0.8080 0.2777
vn -0.0043 1.0000 0.0001
vn -0.0038 1.0000 -0.0008
vn -0.0039 1.0000 -0.0007
vn -0.0042 1.0000 0.0002
vn -0.0042 1.0000 0.0003
vn -0.0042 1.0000 0.0001
vn -0.0042 1.0000 -0.0003
vn -0.0042 1.0000 -0.0002
vn -0.0039 1.0000 0.0008
vn -0.0039 1.0000 0.0007
vn 0.5569 0.5205 0.6472
vn 0.5643 0.5153 0.6450
vn 0.5568 0.5206 0.6473
vn 0.5495 0.5257 0.6494
vn 1.0000 -0.0060 -0.0002
vn 1.0000 -0.0053 0.0011
vn 1.0000 -0.0055 0.0010
vn 1.0000 -0.0059 -0.0001
vn 1.0000 -0.0061 -0.0007
vn 1.0000 -0.0059 -0.0004
vn 1.0000 -0.0061 0.0007
vn 1.0000 -0.0061 -0.0003
vn 1.0000 -0.0059 0.0001
vn 1.0000 -0.0059 0.0002
vn 1.0000 -0.0053 -0.0007
vn 1.0000 -0.0054 -0.0010
vn 1.0000 0.0002 -0.0048
vn 1.0000 -0.0008 -0.0043
vn 1.0000 -0.0008 -0.0044
vn 1.0000 0.0001 -0.0048
vn 1.0000 0.0002 -0.0047
vn 1.0000 -0.0000 -0.0047
vn 1.0000 0.0003 -0.0051
vn 1.0000 0.0003 -0.0047
vn 1.0000 -0.0003 -0.0047
vn 1.0000 -0.0001 -0.0047
vn 1.0000 0.0009 -0.0043
vn 1.0000 0.0008 -0.0043
vn 0.0003 -1.0000 0.0004
vn 0.0003 -1.0000 -0.0001
vn 0.0003 -1.0000 -0.0000
vn 0.0003 -1.0000 0.0001
vn 0.0001 -1.0000 -0.0001
vn 0.5880 -0.8052 -0.0771
vn 0.5811 -0.8056 -0.1156
vn 0.5880 -0.8052 -0.0769
vn 0.5940 -0.8036 -0.0384
vn 0.5944 -0.8041 -0.0000
vn 0.5944 -0.8042 -0.0000
vn 0.5880 -0.8052 0.0770
vn 0.5940 -0.8036 0.0384
vn 0.5880 -0.8052 0.0771
vn 0.5811 -0.8056 0.1156
vn -0.0002 0.0007 1.0000
vn -0.0003 0.0004 1.0000
vn -0.0002 0.0006 1.0000
vn 0.0001 0.0006 1.0000
vn 0.0003 0.0003 1.0000
vn -0.0003 0.0009 1.0000
vn -0.0001 0.0006 1.0000
vn -0.0000 0.0006 1.0000
vn -0.0000 0.0005 1.0000
vn 0.0004 0.0006 1.0000
vn 0.0001 0.0005 1.0000
vn -0.1144 -0.5752 -0.8099
vn -0.0765 -0.5821 -0.8095
vn -0.0384 -0.5881 -0.8079
vn -0.0000 -0.5885 -0.8085
vn -0.0000 -0.5886 -0.8085
vn 0.0385 -0.5881 -0.8079
vn 0.0765 -0.5821 -0.8095
vn 0.0765 -0.5822 -0.8095
vn 0.1144 -0.5752 -0.8099
vn 0.5811 -0.1156 -0.8056
vn 0.5880 -0.0771 -0.8052
vn 0.5940 -0.0387 -0.8035
vn 0.5945 0.0001 -0.8041
vn 0.5945 -0.0000 -0.8041
vn 0.5940 0.0386 -0.8035
vn 0.5880 0.0772 -0.8052
vn 0.5881 0.0772 -0.8051
vn 0.5811 0.1156 -0.8056
vn -0.4969 -0.5612 0.6619
vn -0.4968 -0.5614 0.6618
vn -0.4998 -0.5574 0.6630
vn -0.4938 -0.5654 0.6607
vn -0.5774 -0.5772 0.5774
vn 1.0000 0.0015 0.0048
vn 1.0000 0.0015 0.0047
vn 1.0000 -0.0029 0.0082
vn -0.5169 -0.5166 -0.6825
vn -0.1564 -0.0000 -0.9877
vn -0.2997 -0.0000 -0.9540
vn -0.2935 0.2019 -0.9344
vn -0.1532 0.2020 -0.9673
vn -0.0654 -0.0000 -0.9979
vn -0.0641 0.2021 -0.9773
vn -0.0000 0.2021 -0.9794
vn -0.9794 0.2021 -0.0000
vn -0.9979 -0.0000 -0.0654
vn -0.9773 0.2020 -0.0640
vn -0.9877 -0.0000 -0.1564
vn -0.9673 0.2020 -0.1532
vn -0.9540 -0.0000 -0.2997
vn -0.9344 0.2019 -0.2935
vn -0.8865 -0.0000 -0.4627
vn -0.8682 0.2020 -0.4532
vn -0.7993 -0.0000 -0.6009
vn -0.7828 0.2021 -0.5885
vn -0.6925 0.2021 -0.6925
vn -0.6009 -0.0000 -0.7993
vn -0.5885 0.2021 -0.7828
vn -0.4627 -0.0000 -0.8865
vn -0.4532 0.2019 -0.8682
vn -0.4627 -0.0000 0.8865
vn -0.2997 -0.0000 0.9540
vn -0.2935 0.2019 0.9344
vn -0.4532 0.2020 0.8682
vn -0.6009 -0.0000 0.7993
vn -0.5885 0.2021 0.7828
vn -0.6925 0.2021 0.6925
vn -0.7828 0.2021 0.5885
vn -0.7993 -0.0000 0.6009
vn -0.8682 0.2020 0.4532
vn -0.8865 -0.0000 0.4627
vn -0.9344 0.2019 0.2935
vn -0.9540 -0.0000 0.2997
vn -0.9673 0.2020 0.1532
vn -0.9877 -0.0000 0.1564
vn -0.9979 -0.0000 0.0654
vn -0.9773 0.2021 0.0640
vn 0.6009 -0.0000 0.7993
vn 0.6925 0.2021 0.6925
vn 0.5885 0.2021 0.7828
vn 0.4627 -0.0000 0.8865
vn 0.4532 0.2019 0.8682
vn 0.2997 -0.0000 0.9540
vn 0.2935 0.2019 0.9344
vn 0.1564 -0.0000 0.9877
vn 0.1532 0.2020 0.9673
vn 0.0654 -0.0000 0.9979
vn 0.0641 0.2021 0.9773
vn -0.0000 0.2021 0.9794
vn -0.0654 -0.0000 0.9979
vn -0.0640 0.2020 0.9773
vn -0.1564 -0.0000 0.9877
vn -0.1532 0.2020 0.9673
vn 0.9877 -0.0000 -0.1564
vn 0.9540 -0.0000 -0.2997
vn 0.9344 0.2019 -0.2935
vn 0.9673 0.2020 -0.1532
vn 0.9979 -0.0000 -0.0654
vn 0.9773 0.2021 -0.0640
vn 0.9794 0.2021 -0.0000
vn 0.9979 -0.0000 0.0654
vn 0.9773 0.2020 0.0640
vn 0.9877 -0.0000 0.1564
vn 0.9673 0.2020 0.1532
vn 0.9540 -0.0000 0.2997
vn 0.9344 0.2019 0.2935
vn 0.8865 -0.0000 0.4627
vn 0.8682 0.2020 0.4532
vn 0.7993 -0.0000 0.6009
vn 0.7828 0.2021 0.5885
vn 0.0654 -0.0000 -0.9979
vn 0.0640 0.2020 -0.9773
vn 0.1564 -0.0000 -0.9877
vn 0.1532 0.2020 -0.9673
vn 0.2997 -0.0000 -0.9540
vn 0.2935 0.2019 -0.9344
vn 0.4627 -0.0000 -0.8865
vn 0.4532 0.2020 -0.8682
vn 0.6009 -0.0000 -0.7993
vn 0.5885 0.2021 -0.7828
vn 0.7071 -0.0000 -0.7071
vn 0.6925 0.2021 -0.6925
vn 0.7993 -0.0000 -0.6009
vn 0.7828 0.2021 -0.5885
vn 0.8865 -0.0000 -0.4627
vn 0.8682 0.2019 -0.4532
vn 0.6778 0.5276 -0.5121
vn -0.6786 -0.5294 -0.5092
vn -0.0044 1.0000 -0.0002
vn -0.0040 1.0000 -0.0008
vn -0.0042 1.0000 -0.0007
vn -0.0045 1.0000 0.0001
vn -0.0045 1.0000 0.0003
vn -0.0045 1.0000 -0.0000
vn -0.0045 1.0000 -0.0003
vn -0.0040 1.0000 0.0002
vn -0.0041 1.0000 0.0008
vn -0.3026 0.8081 0.5053
vn -0.3028 0.8081 0.5052
vn -0.2777 0.8080 0.5196
vn -0.3586 0.8081 0.4673
vn -0.4165 0.8081 0.4165
vn -0.4673 0.8081 0.3586
vn -0.5053 0.8081 0.3026
vn -0.5052 0.8081 0.3029
vn -0.5196 0.8080 0.2777
vn -0.5866 0.5811 -0.5641
vn -0.0000 0.1564 -0.9877
vn -0.0000 0.2997 -0.9540
vn 0.2019 0.2935 -0.9344
vn 0.2020 0.1532 -0.9673
vn -0.0000 0.0654 -0.9979
vn 0.2021 0.0641 -0.9773
vn 0.2021 -0.0000 -0.9794
vn 0.2021 0.9794 -0.0000
vn -0.0000 0.9979 -0.0654
vn 0.2020 0.9773 -0.0640
vn -0.0000 0.9877 -0.1564
vn 0.2020 0.9673 -0.1532
vn -0.0000 0.9540 -0.2997
vn 0.2019 0.9344 -0.2935
vn -0.0000 0.8865 -0.4627
vn 0.2020 0.8682 -0.4532
vn -0.0000 0.7993 -0.6009
vn 0.2021 0.7828 -0.5885
vn 0.2021 0.6925 -0.6925
vn -0.0000 0.6009 -0.7993
vn 0.2021 0.5885 -0.7828
vn -0.0000 0.4627 -0.8865
vn 0.2019 0.4532 -0.8682
vn -0.0000 0.4627 0.8865
vn -0.0000 0.2997 0.9540
vn 0.2019 0.2935 0.9344
vn 0.2020 0.4532 0.8682
vn -0.0000 0.6009 0.7993
vn 0.2021 0.5885 0.7828
vn 0.2021 0.6925 0.6925
vn 0.2021 0.7828 0.5885
vn -0.0000 0.7993 0.6009
vn 0.2020 0.8682 0.4532
vn -0.0000 0.8865 0.4627
vn 0.2019 0.9344 0.2935
vn -0.0000 0.9540 0.2997
vn 0.2020 0.9673 0.1532
vn -0.0000 0.9877 0.1564
vn -0.0000 0.9979 0.0654
vn 0.2021 0.9773 0.0640
vn -0.0000 -0.6009 0.7993
vn 0.2021 -0.6925 0.6925
vn 0.2021 -0.5885 0.7828
vn -0.0000 -0.4627 0.8865
vn 0.2019 -0.4532 0.8682
vn -0.0000 -0.2997 0.9540
vn 0.2019 -0.2935 0.9344
vn -0.0000 -0.1564 0.9877
vn 0.2020 -0.1532 0.9673
vn -0.0000 -0.0654 0.9979
vn 0.2021 -0.0641 0.9773
vn 0.2021 -0.0000 0.9794
vn -0.0000 0.0654 0.9979
vn 0.2020 0.0640 0.9773
vn -0.0000 0.1564 0.9877
vn 0.2020 0.1532 0.9673
vn -0.0000 -0.9877 -0.1564
vn -0.0000 -0.9540 -0.2997
vn 0.2019 -0.9344 -0.2935
vn 0.2020 -0.9673 -0.1532
vn -0.0000 -0.9979 -0.0654
vn 0.2021 -0.9773 -0.0641
vn 0.2021 -0.9794 -0.0000
vn -0.0000 -0.9979 0.0654
vn 0.2020 -0.9773 0.0641
vn -0.0000 -0.9877 0.1564
vn 0.2020 -0.9673 0.1532
vn -0.0000 -0.9540 0.2997
vn 0.2019 -0.9344 0.2935
vn -0.0000 -0.8865 0.4627
vn 0.2020 -0.8682 0.4532
vn -0.0000 -0.7993 0.6009
vn 0.2021 -0.7828 0.5885
vn -0.0000 -0.0654 -0.9979
vn 0.2020 -0.0640 -0.9773
vn -0.0000 -0.1564 -0.9877
vn 0.2020 -0.1532 -0.9673
vn -0.0000 -0.2997 -0.9540
vn 0.2019 -0.2935 -0.9344
vn -0.0000 -0.4627 -0.8865
vn 0.2020 -0.4532 -0.8682
vn -0.0000 -0.6009 -0.7993
vn 0.2021 -0.5885 -0.7828
vn 0.2021 -0.6925 -0.6925
vn -0.0000 -0.7993 -0.6009
vn 0.2021 -0.7828 -0.5885
vn -0.0000 -0.8865 -0.4627
vn 0.2019 -0.8682 -0.4532
vn -0.6778 0.5276 -0.5121
vn 0.0025 0.0002 -1.0000
vn 0.0023 0.0005 -1.0000
vn 0.0025 0.0003 -1.0000
vn 0.0027 -0.0002 -1.0000
vn 0.0027 -0.0005 -1.0000
vn 0.0026 -0.0002 -1.0000
vn 0.0027 0.0004 -1.0000
vn 0.0024 0.0001 -1.0000
vn 0.0024 -0.0005 -1.0000
vn 0.0023 -0.0004 -1.0000
vn -0.7073 -0.7054 0.0462
vn -0.2022 -0.9772 0.0641
vn -0.2021 -0.9673 0.1532
vn -0.7073 -0.6982 0.1106
vn -0.9794 -0.2015 0.0132
vn -0.9794 -0.1995 0.0316
vn -0.7075 -0.6743 0.2118
vn -0.2021 -0.9343 0.2935
vn -0.2021 -0.8682 0.4532
vn -0.9794 -0.2019 -0.0000
vn -0.9794 -0.1927 0.0605
vn -0.7075 -0.6265 0.3270
vn -0.2022 -0.7828 0.5885
vn -0.7075 -0.5649 0.4247
vn -0.2022 -0.6925 0.6925
vn -0.7074 -0.4998 0.4998
vn -0.2022 -0.5885 0.7828
vn -0.7075 -0.4247 0.5649
vn -0.2021 -0.4531 0.8682
vn -0.7075 -0.3270 0.6265
vn -0.2021 -0.2935 0.9344
vn -0.9794 -0.1213 -0.1614
vn -0.9794 -0.1427 -0.1427
vn -0.9794 -0.1614 -0.1213
vn -0.9794 -0.1790 -0.0934
vn -0.9794 -0.1927 -0.0605
vn -0.9794 -0.1995 -0.0316
vn -0.9794 -0.2015 -0.0132
vn -0.9794 0.2019 -0.0000
vn -0.9794 0.2015 0.0132
vn -0.9794 0.2015 -0.0132
vn -0.9794 0.1995 -0.0316
vn -0.9794 0.1927 -0.0605
vn -0.9794 0.1792 -0.0933
vn -0.9794 0.1614 -0.1213
vn -0.9794 0.1427 -0.1427
vn -0.9794 0.1213 -0.1614
vn -0.9794 0.0934 -0.1790
vn -0.9794 0.0605 -0.1927
vn -0.9794 0.0316 -0.1995
vn -0.9794 0.0132 -0.2015
vn -0.9794 -0.0000 -0.2019
vn -0.9794 -0.0132 -0.2015
vn -0.9794 -0.0316 -0.1995
vn -0.9794 -0.0605 -0.1927
vn -0.9794 -0.0933 -0.1792
vn -0.7073 -0.1106 -0.6982
vn -0.7075 -0.2118 -0.6743
vn -0.7073 -0.0462 -0.7054
vn -0.7073 -0.0000 -0.7069
vn -0.7073 0.0462 -0.7054
vn -0.7073 0.1106 -0.6982
vn -0.7075 0.2118 -0.6743
vn -0.7075 0.3270 -0.6265
vn -0.7075 0.4247 -0.5649
vn -0.7075 0.4997 -0.4997
vn -0.9794 -0.1427 0.1427
vn -0.9794 -0.1614 0.1213
vn -0.9794 -0.1213 0.1614
vn -0.9794 -0.0934 0.1790
vn -0.9794 -0.0605 0.1927
vn -0.9794 -0.0316 0.1995
vn -0.9794 -0.0132 0.2015
vn -0.9794 -0.0000 0.2019
vn -0.9794 0.0132 0.2014
vn -0.9794 0.0316 0.1995
vn -0.9794 0.0605 0.1927
vn -0.9794 0.0933 0.1792
vn -0.9794 0.1213 0.1614
vn -0.9794 0.1427 0.1427
vn -0.9794 0.1614 0.1213
vn -0.9794 0.1790 0.0934
vn -0.9794 0.1927 0.0605
vn -0.9794 0.1995 0.0316
vn -0.7075 0.6265 0.3270
vn -0.7075 0.6743 0.2118
vn -0.7075 0.5649 0.4247
vn -0.7074 0.4998 0.4998
vn -0.7075 0.4247 0.5649
vn -0.7075 0.3270 0.6265
vn -0.7075 0.2118 0.6743
vn -0.7073 0.1106 0.6982
vn -0.7073 0.0462 0.7054
vn -0.7073 -0.0000 0.7069
vn -0.7075 -0.2118 0.6743
vn -0.2022 -0.1532 0.9673
vn -0.7073 -0.1106 0.6982
vn -0.2023 -0.0640 0.9772
vn -0.7073 -0.0462 0.7054
vn -0.2023 -0.0000 0.9793
vn -0.2023 0.0641 0.9772
vn -0.2021 0.1532 0.9673
vn -0.2021 0.2935 0.9343
vn -0.2021 0.4532 0.8682
vn -0.2022 0.5885 0.7828
vn -0.2022 0.6925 0.6925
vn -0.9794 -0.1791 0.0934
vn -0.2022 0.7828 0.5885
vn -0.2021 0.8682 0.4531
vn -0.2021 0.9344 0.2935
vn -0.2022 0.9673 0.1532
vn -0.7073 0.6982 0.1106
vn -0.2022 0.9772 0.0640
vn -0.7073 0.7054 0.0462
vn -0.2023 0.9793 -0.0000
vn -0.7073 0.7069 -0.0000
vn -0.2022 0.9772 -0.0641
vn -0.7073 0.7054 -0.0462
vn -0.2021 0.9673 -0.1532
vn -0.7073 0.6982 -0.1106
vn -0.2021 0.9343 -0.2935
vn -0.7075 0.5649 -0.4247
vn -0.7075 0.6265 -0.3270
vn -0.7075 0.6743 -0.2118
vn -0.2021 0.8682 -0.4532
vn -0.2022 0.7828 -0.5885
vn -0.2022 0.6925 -0.6925
vn -0.2022 0.5885 -0.7828
vn -0.2021 0.4531 -0.8682
vn -0.2021 0.2935 -0.9344
vn -0.2022 0.1532 -0.9673
vn -0.2023 0.0640 -0.9772
vn -0.2023 -0.0000 -0.9793
vn -0.2023 -0.0641 -0.9772
vn -0.2021 -0.1532 -0.9673
vn -0.2021 -0.2935 -0.9343
vn -0.2021 -0.4532 -0.8682
vn -0.7075 -0.3270 -0.6265
vn -0.2022 -0.5885 -0.7828
vn -0.7075 -0.4247 -0.5649
vn -0.2022 -0.6925 -0.6925
vn -0.7075 -0.4997 -0.4997
vn -0.2022 -0.7828 -0.5885
vn -0.7075 -0.5649 -0.4247
vn -0.2021 -0.8682 -0.4531
vn -0.7075 -0.6265 -0.3270
vn -0.2021 -0.9344 -0.2935
vn -0.7073 -0.7054 -0.0462
vn -0.7073 -0.6982 -0.1106
vn -0.7075 -0.6743 -0.2118
vn -0.2022 -0.9673 -0.1532
vn -0.2022 -0.9772 -0.0640
vn -0.2023 -0.9793 -0.0000
vn -0.0041 -0.0003 1.0000
vn -0.0034 0.0007 1.0000
vn -0.0036 0.0006 1.0000
vn -0.0038 -0.0001 1.0000
vn -0.0039 -0.0003 1.0000
vn -0.0038 -0.0000 1.0000
vn -0.0039 0.0003 1.0000
vn -0.0038 0.0001 1.0000
vn -0.0035 -0.0008 1.0000
vn -0.0035 -0.0006 1.0000
vn -0.2935 0.9344 0.2019
vn -0.1532 0.9673 0.2020
vn -0.0640 0.9773 0.2021
vn -0.0000 0.9794 0.2021
vn -0.9794 -0.0000 0.2021
vn -0.9773 0.0640 0.2020
vn -0.9673 0.1532 0.2020
vn -0.9344 0.2935 0.2019
vn -0.8682 0.4532 0.2020
vn -0.7828 0.5885 0.2021
vn -0.6925 0.6925 0.2021
vn -0.5885 0.7828 0.2021
vn -0.4532 0.8682 0.2019
vn -0.2935 -0.9344 0.2019
vn -0.4532 -0.8682 0.2020
vn -0.5885 -0.7828 0.2021
vn -0.6925 -0.6925 0.2021
vn -0.7828 -0.5885 0.2021
vn -0.8682 -0.4532 0.2020
vn -0.9344 -0.2935 0.2019
vn -0.9673 -0.1532 0.2020
vn -0.9773 -0.0641 0.2021
vn 0.6925 -0.6925 0.2021
vn 0.5885 -0.7828 0.2021
vn 0.4532 -0.8682 0.2019
vn 0.2935 -0.9344 0.2019
vn 0.1532 -0.9673 0.2020
vn 0.0641 -0.9773 0.2021
vn -0.0000 -0.9794 0.2021
vn -0.0640 -0.9773 0.2020
vn -0.1532 -0.9673 0.2020
vn 0.9344 0.2935 0.2019
vn 0.9673 0.1532 0.2020
vn 0.9773 0.0641 0.2021
vn 0.9794 -0.0000 0.2021
vn 0.9773 -0.0640 0.2020
vn 0.9673 -0.1532 0.2020
vn 0.9344 -0.2935 0.2019
vn 0.8682 -0.4532 0.2020
vn 0.7828 -0.5885 0.2021
vn 0.0640 0.9773 0.2020
vn 0.1532 0.9673 0.2020
vn 0.2935 0.9344 0.2019
vn 0.4532 0.8682 0.2020
vn 0.5885 0.7828 0.2021
vn 0.6925 0.6925 0.2021
vn 0.7828 0.5885 0.2021
vn 0.8682 0.4532 0.2019
vn -0.5053 -0.3026 -0.8081
vn -0.5052 -0.3028 -0.8081
vn -0.5196 -0.2777 -0.8080
vn -0.4673 -0.3586 -0.8081
vn -0.4165 -0.4165 -0.8081
vn -0.3586 -0.4673 -0.8081
vn -0.3026 -0.5054 -0.8081
vn -0.3029 -0.5052 -0.8081
vn -0.2777 -0.5196 -0.8080
vn -0.3026 -0.5053 0.8081
vn -0.3028 -0.5052 0.8081
vn -0.2777 -0.5196 0.8080
vn -0.3586 -0.4673 0.8081
vn -0.4165 -0.4165 0.8081
vn -0.4673 -0.3586 0.8081
vn -0.5053 -0.3028 0.8081
vn -0.5052 -0.3029 0.8081
vn -0.5196 -0.2777 0.8080
vn 0.8081 -0.3025 -0.5054
vn 0.8081 -0.3028 -0.5052
vn 0.8080 -0.2777 -0.5196
vn 0.8081 -0.3586 -0.4673
vn 0.8081 -0.4165 -0.4165
vn 0.8081 -0.4673 -0.3586
vn 0.8081 -0.5051 -0.3030
vn 0.8081 -0.5052 -0.3029
vn 0.8080 -0.5196 -0.2777
vn 0.7073 0.7069 -0.0000
vn 0.7073 0.7054 -0.0462
vn 0.2023 0.9793 -0.0000
vn 0.2023 0.9772 0.0641
vn 0.7073 0.7054 0.0462
vn 0.2021 0.9673 0.1532
vn 0.7073 0.6982 0.1106
vn 0.9794 0.2015 -0.0132
vn 0.9794 0.2019 -0.0000
vn 0.9794 0.2015 0.0132
vn 0.9794 0.1995 0.0316
vn 0.7075 0.6743 0.2118
vn 0.9794 0.1927 0.0605
vn 0.7075 0.6265 0.3270
vn 0.9794 0.1791 0.0934
vn 0.7075 0.5649 0.4247
vn 0.9794 0.1614 0.1213
vn 0.7075 0.4997 0.4997
vn 0.9794 0.1427 0.1427
vn 0.7075 0.4247 0.5649
vn 0.9794 0.1213 0.1614
vn 0.7075 0.3270 0.6265
vn 0.9794 0.0934 0.1790
vn 0.2021 0.9343 0.2935
vn 0.2021 0.8682 0.4532
vn 0.2022 0.7828 0.5885
vn 0.2022 0.6925 0.6925
vn 0.2022 0.5885 0.7828
vn 0.2021 0.4531 0.8682
vn 0.2021 0.2935 0.9344
vn 0.7075 0.2118 0.6743
vn 0.2022 0.1532 0.9673
vn 0.7073 0.1106 0.6982
vn 0.2023 0.0640 0.9772
vn 0.7073 0.0462 0.7054
vn 0.9794 0.0605 0.1927
vn 0.9794 0.0316 0.1995
vn 0.9794 0.0132 0.2015
vn 0.7073 -0.0000 0.7069
vn 0.9794 -0.0000 0.2019
vn 0.7073 -0.0462 0.7054
vn 0.9794 -0.0132 0.2015
vn 0.7073 -0.1106 0.6982
vn 0.9794 -0.0316 0.1995
vn 0.7075 -0.2118 0.6743
vn 0.9794 -0.0605 0.1927
vn 0.7075 -0.3270 0.6265
vn 0.9794 -0.0934 0.1791
vn 0.7075 -0.4247 0.5649
vn 0.9794 -0.1213 0.1614
vn 0.2023 -0.0000 0.9793
vn 0.2023 -0.0641 0.9772
vn 0.2021 -0.1532 0.9673
vn 0.2021 -0.2935 0.9343
vn 0.2021 -0.4532 0.8682
vn 0.2022 -0.5885 0.7828
vn 0.2022 -0.6925 0.6925
vn 0.7074 -0.4998 0.4998
vn 0.2022 -0.7828 0.5885
vn 0.7075 -0.5649 0.4247
vn 0.2021 -0.8682 0.4531
vn 0.7075 -0.6265 0.3270
vn 0.9794 -0.1427 0.1427
vn 0.9794 -0.1614 0.1213
vn 0.9794 -0.1790 0.0934
vn 0.7075 -0.6743 0.2118
vn 0.9794 -0.1927 0.0605
vn 0.7073 -0.6982 0.1106
vn 0.9794 -0.1995 0.0316
vn 0.7073 -0.7054 0.0462
vn 0.9794 -0.2015 0.0132
vn 0.7073 -0.7069 -0.0000
vn 0.9794 -0.2019 -0.0000
vn 0.7073 -0.7054 -0.0462
vn 0.9794 -0.2015 -0.0132
vn 0.7073 -0.6982 -0.1106
vn 0.9794 -0.1995 -0.0316
vn 0.2021 -0.9344 0.2935
vn 0.2022 -0.9673 0.1532
vn 0.2023 -0.9772 0.0640
vn 0.2023 -0.9793 -0.0000
vn 0.2023 -0.9772 -0.0641
vn 0.2021 -0.9673 -0.1532
vn 0.2021 -0.9343 -0.2935
vn 0.7075 -0.6743 -0.2118
vn 0.2021 -0.8682 -0.4532
vn 0.7075 -0.6265 -0.3270
vn 0.2022 -0.7828 -0.5885
vn 0.7075 -0.5649 -0.4247
vn 0.9794 -0.1927 -0.0605
vn 0.9794 -0.1791 -0.0934
vn 0.9794 -0.1614 -0.1213
vn 0.7074 -0.4998 -0.4998
vn 0.9794 -0.1427 -0.1427
vn 0.7075 -0.4247 -0.5649
vn 0.9794 -0.1213 -0.1614
vn 0.7075 -0.3270 -0.6265
vn 0.9794 -0.0934 -0.1790
vn 0.7075 -0.2118 -0.6743
vn 0.9794 -0.0605 -0.1927
vn 0.7073 -0.1106 -0.6982
vn 0.9794 -0.0316 -0.1995
vn 0.7073 -0.0462 -0.7054
vn 0.9794 -0.0132 -0.2015
vn 0.2022 -0.6925 -0.6925
vn 0.2022 -0.5885 -0.7828
vn 0.2021 -0.4531 -0.8682
vn 0.2021 -0.2935 -0.9344
vn 0.2022 -0.1532 -0.9673
vn 0.2023 -0.0640 -0.9772
vn 0.2023 -0.0000 -0.9793
vn 0.7073 -0.0000 -0.7069
vn 0.2023 0.0641 -0.9772
vn 0.7073 0.0462 -0.7054
vn 0.2021 0.1532 -0.9673
vn 0.7074 0.1106 -0.6982
vn 0.9794 -0.0000 -0.2019
vn 0.9794 0.0132 -0.2015
vn 0.9794 0.0316 -0.1995
vn 0.9794 0.0605 -0.1927
vn 0.9794 0.0933 -0.1792
vn 0.9794 0.1213 -0.1614
vn 0.9794 0.1427 -0.1427
vn 0.9794 0.1614 -0.1213
vn 0.9794 0.1790 -0.0934
vn 0.9794 0.1927 -0.0605
vn 0.9794 0.1995 -0.0316
vn 0.5742 -0.5900 -0.5676
vn 0.2022 0.2935 -0.9343
vn 0.7075 0.2118 -0.6743
vn 0.2021 0.4532 -0.8682
vn 0.7075 0.3270 -0.6265
vn 0.2022 0.5885 -0.7828
vn 0.7075 0.4247 -0.5649
vn 0.2022 0.6925 -0.6925
vn 0.7074 0.4998 -0.4998
vn 0.2022 0.7828 -0.5885
vn 0.7075 0.5649 -0.4247
vn 0.2021 0.8682 -0.4531
vn 0.7075 0.6265 -0.3270
vn 0.2021 0.9344 -0.2935
vn 0.7075 0.6743 -0.2118
vn 0.2022 0.9673 -0.1532
vn 0.7073 0.6982 -0.1106
vn 0.2023 0.9772 -0.0640
vn 0.1213 0.1614 0.9794
vn 0.0934 0.1790 0.9794
vn 0.0605 0.1927 0.9794
vn 0.0316 0.1995 0.9794
vn 0.0132 0.2015 0.9794
vn -0.0000 0.2019 0.9794
vn -0.0132 0.2015 0.9794
vn -0.0316 0.1995 0.9794
vn -0.0605 0.1927 0.9794
vn -0.0933 0.1792 0.9794
vn -0.1213 0.1614 0.9794
vn -0.1427 0.1427 0.9794
vn -0.1614 0.1213 0.9794
vn -0.1790 0.0934 0.9794
vn -0.1927 0.0605 0.9794
vn -0.1995 0.0316 0.9794
vn -0.2015 0.0132 0.9794
vn -0.2019 -0.0000 0.9794
vn -0.2015 -0.0132 0.9794
vn -0.1995 -0.0316 0.9794
vn -0.1927 -0.0605 0.9794
vn -0.1792 -0.0933 0.9794
vn -0.1614 -0.1213 0.9794
vn -0.1427 -0.1427 0.9794
vn -0.1213 -0.1614 0.9794
vn -0.0934 -0.1790 0.9794
vn -0.0605 -0.1927 0.9794
vn -0.0316 -0.1995 0.9794
vn -0.0132 -0.2015 0.9794
vn -0.0000 -0.2019 0.9794
vn 0.0132 -0.2015 0.9794
vn 0.0316 -0.1995 0.9794
vn 0.0605 -0.1927 0.9794
vn 0.0933 -0.1792 0.9794
vn 0.1213 -0.1614 0.9794
vn 0.1427 -0.1427 0.9794
vn 0.1614 -0.1213 0.9794
vn 0.1790 -0.0934 0.9794
vn 0.1927 -0.0605 0.9794
vn 0.1995 -0.0316 0.9794
vn 0.2015 -0.0132 0.9794
vn 0.2019 -0.0000 0.9794
vn 0.2015 0.0132 0.9794
vn 0.1995 0.0316 0.9794
vn 0.1927 0.0605 0.9794
vn 0.1792 0.0933 0.9794
vn 0.1614 0.1213 0.9794
vn 0.1427 0.1427 0.9794
vn 0.7054 0.0462 0.7073
vn 0.7069 -0.0000 0.7073
vn 0.7054 -0.0462 0.7073
vn 0.6982 -0.1106 0.7073
vn 0.6743 -0.2118 0.7075
vn 0.6265 -0.3270 0.7075
vn 0.5649 -0.4247 0.7075
vn 0.4998 -0.4998 0.7074
vn 0.4247 -0.5649 0.7075
vn 0.3270 -0.6265 0.7075
vn 0.8682 -0.4531 0.2021
vn 0.7828 -0.5885 0.2022
vn 0.6925 -0.6925 0.2022
vn 0.5885 -0.7828 0.2023
vn 0.4532 -0.8682 0.2021
vn 0.2118 -0.6743 0.7075
vn 0.2935 -0.9343 0.2021
vn 0.1106 -0.6982 0.7073
vn 0.1532 -0.9673 0.2021
vn 0.0462 -0.7054 0.7073
vn 0.0641 -0.9772 0.2023
vn -0.0000 -0.7069 0.7073
vn -0.0000 -0.9793 0.2023
vn -0.0462 -0.7054 0.7073
vn -0.0640 -0.9772 0.2023
vn -0.1106 -0.6982 0.7073
vn -0.1532 -0.9673 0.2022
vn -0.2118 -0.6743 0.7075
vn -0.2935 -0.9344 0.2021
vn -0.3270 -0.6265 0.7075
vn -0.4531 -0.8682 0.2021
vn -0.4247 -0.5649 0.7075
vn -0.4997 -0.4997 0.7075
vn -0.5649 -0.4247 0.7075
vn -0.6265 -0.3270 0.7075
vn -0.5885 -0.7828 0.2022
vn -0.6925 -0.6925 0.2022
vn -0.7828 -0.5885 0.2022
vn -0.8682 -0.4532 0.2021
vn -0.6743 -0.2118 0.7075
vn -0.9343 -0.2935 0.2021
vn -0.6982 -0.1106 0.7073
vn -0.9673 -0.1532 0.2021
vn -0.7054 -0.0462 0.7073
vn -0.9772 -0.0641 0.2023
vn -0.7069 -0.0000 0.7073
vn -0.9793 -0.0000 0.2022
vn -0.7054 0.0462 0.7073
vn -0.9772 0.0640 0.2023
vn -0.6982 0.1106 0.7073
vn -0.6743 0.2118 0.7075
vn -0.6265 0.3270 0.7075
vn -0.5649 0.4247 0.7075
vn -0.9673 0.1532 0.2022
vn -0.9344 0.2935 0.2021
vn -0.8682 0.4531 0.2021
vn -0.7828 0.5885 0.2022
vn -0.4998 0.4998 0.7074
vn -0.6925 0.6925 0.2022
vn -0.4247 0.5649 0.7075
vn -0.5885 0.7828 0.2022
vn -0.3270 0.6265 0.7075
vn -0.4532 0.8682 0.2021
vn -0.2118 0.6743 0.7075
vn -0.2935 0.9343 0.2021
vn -0.1106 0.6982 0.7073
vn -0.1532 0.9673 0.2021
vn -0.0462 0.7054 0.7073
vn -0.0000 0.7069 0.7073
vn 0.0462 0.7054 0.7073
vn 0.1106 0.6982 0.7073
vn -0.0641 0.9772 0.2023
vn -0.0000 0.9793 0.2023
vn 0.0640 0.9772 0.2022
vn 0.1532 0.9673 0.2022
vn 0.2118 0.6743 0.7075
vn 0.2935 0.9344 0.2021
vn 0.3270 0.6265 0.7075
vn 0.4531 0.8682 0.2021
vn 0.4247 0.5649 0.7075
vn 0.5885 0.7828 0.2022
vn 0.4998 0.4998 0.7074
vn 0.6925 0.6925 0.2022
vn 0.5649 0.4247 0.7075
vn 0.7828 0.5885 0.2022
vn 0.6265 0.3270 0.7075
vn 0.6743 0.2118 0.7075
vn 0.6982 0.1106 0.7073
vn 0.8682 0.4532 0.2021
vn 0.9343 0.2935 0.2021
vn 0.9673 0.1532 0.2021
vn 0.9772 0.0641 0.2023
vn 0.9793 -0.0000 0.2023
vn 0.9772 -0.0640 0.2023
vn 0.9673 -0.1532 0.2022
vn 0.9344 -0.2935 0.2021
vn -0.5295 -0.6786 -0.5091
vn 0.9794 -0.2021 -0.0000
vn 0.9773 -0.2020 -0.0640
vn 0.9673 -0.2020 -0.1532
vn 0.9344 -0.2019 -0.2935
vn 0.8682 -0.2020 -0.4532
vn 0.7828 -0.2021 -0.5885
vn 0.6925 -0.2021 -0.6925
vn 0.5885 -0.2021 -0.7828
vn 0.4532 -0.2020 -0.8682
vn 0.2935 -0.2019 -0.9344
vn 0.1532 -0.2020 -0.9673
vn 0.0640 -0.2021 -0.9773
vn -0.0000 -0.2021 -0.9794
vn -0.5849 -0.5846 -0.5623
vn -0.6925 -0.2021 0.6925
vn -0.5885 -0.2021 0.7828
vn -0.4532 -0.2020 0.8682
vn -0.2935 -0.2019 0.9344
vn -0.1532 -0.2020 0.9673
vn -0.0640 -0.2021 0.9773
vn -0.0000 -0.2021 0.9794
vn 0.0640 -0.2020 0.9773
vn 0.1532 -0.2020 0.9673
vn 0.2935 -0.2019 0.9344
vn 0.4532 -0.2020 0.8682
vn 0.5885 -0.2021 0.7828
vn 0.6925 -0.2021 0.6925
vn 0.7828 -0.2021 0.5885
vn 0.8685 -0.2014 0.4530
vn 0.9346 -0.2008 0.2936
vn 0.9674 -0.2015 0.1536
vn 0.9773 -0.2021 0.0640
vn 0.5759 0.5866 -0.5694
vn -0.0640 -0.2020 -0.9773
vn -0.1532 -0.2020 -0.9673
vn -0.2935 -0.2019 -0.9344
vn -0.4532 -0.2020 -0.8682
vn -0.5885 -0.2021 -0.7828
vn -0.6925 -0.2021 -0.6925
vn -0.7828 -0.2021 -0.5885
vn -0.8682 -0.2019 -0.4532
vn -0.9344 -0.2020 -0.2935
vn -0.9673 -0.2020 -0.1532
vn -0.9773 -0.2021 -0.0641
vn -0.9794 -0.2021 -0.0000
vn -0.9773 -0.2020 0.0640
vn -0.9673 -0.2020 0.1532
vn -0.9344 -0.2019 0.2935
vn -0.8682 -0.2020 0.4532
vn -0.7828 -0.2021 0.5885
vn 0.5145 0.5239 0.6788
vn 0.6818 0.5148 0.5197
vn -0.2019 -0.2935 -0.9344
vn -0.2020 -0.1532 -0.9673
vn -0.2021 -0.0640 -0.9773
vn -0.2021 -0.0000 -0.9794
vn -0.2021 -0.9794 -0.0000
vn -0.2020 -0.9773 -0.0641
vn -0.2020 -0.9673 -0.1532
vn -0.2019 -0.9344 -0.2935
vn -0.2020 -0.8682 -0.4532
vn -0.2021 -0.7828 -0.5885
vn -0.2021 -0.6925 -0.6925
vn -0.2021 -0.5885 -0.7828
vn -0.2019 -0.4532 -0.8682
vn -0.2019 -0.2935 0.9344
vn -0.2020 -0.4532 0.8682
vn -0.2021 -0.5885 0.7828
vn -0.2021 -0.6925 0.6925
vn -0.2021 -0.7828 0.5885
vn -0.2020 -0.8682 0.4532
vn -0.2019 -0.9344 0.2935
vn -0.2020 -0.9673 0.1532
vn -0.2021 -0.9773 0.0641
vn -0.2021 0.6925 0.6925
vn -0.2021 0.5885 0.7828
vn -0.2019 0.4532 0.8682
vn -0.2019 0.2935 0.9344
vn -0.2020 0.1532 0.9673
vn -0.2021 0.0640 0.9773
vn -0.2021 -0.0000 0.9794
vn -0.2020 -0.0640 0.9773
vn -0.2020 -0.1532 0.9673
vn -0.2019 0.9344 -0.2935
vn -0.2020 0.9673 -0.1532
vn -0.2021 0.9773 -0.0640
vn -0.2021 0.9794 -0.0000
vn -0.2020 0.9773 0.0640
vn -0.2020 0.9673 0.1532
vn -0.2019 0.9344 0.2935
vn -0.2020 0.8682 0.4532
vn -0.2021 0.7828 0.5885
vn -0.2020 0.0640 -0.9773
vn -0.2020 0.1532 -0.9673
vn -0.2019 0.2935 -0.9344
vn -0.2020 0.4532 -0.8682
vn -0.2021 0.5885 -0.7828
vn -0.2021 0.6925 -0.6925
vn -0.2021 0.7828 -0.5885
vn -0.2019 0.8682 -0.4532
vn -0.1532 -0.9673 -0.2021
vn -0.0641 -0.9772 -0.2023
vn -0.0000 -0.9793 -0.2023
vn 0.0640 -0.9772 -0.2022
vn 0.1532 -0.9673 -0.2022
vn 0.2935 -0.9344 -0.2021
vn 0.4531 -0.8682 -0.2021
vn 0.5885 -0.7828 -0.2022
vn -0.5180 -0.6467 0.5599
vn -0.5182 -0.6468 0.5595
vn -0.5183 -0.6468 0.5594
vn -0.5176 -0.6465 0.5604
vn -0.5119 0.6528 0.5584
vn -0.5118 0.6528 0.5585
vn -0.5121 0.6529 0.5581
vn -0.5113 0.6525 0.5593
vn -0.5811 0.1156 -0.8056
vn -0.5880 0.0770 -0.8052
vn -0.5940 0.0384 -0.8036
vn -0.5944 -0.0000 -0.8042
vn -0.5940 -0.0384 -0.8036
vn -0.5880 -0.0770 -0.8052
vn -0.5880 -0.0771 -0.8052
vn -0.5811 -0.1156 -0.8056
vn 0.1144 0.8099 0.5752
vn 0.0765 0.8095 0.5821
vn 0.0384 0.8079 0.5881
vn -0.0000 0.8085 0.5885
vn -0.0384 0.8079 0.5881
vn -0.0764 0.8095 0.5821
vn -0.0765 0.8095 0.5822
vn -0.1144 0.8099 0.5752
vn -0.5051 0.3030 0.8081
vn -0.5052 0.3028 0.8081
vn -0.5196 0.2777 0.8080
vn -0.4673 0.3586 0.8081
vn -0.4165 0.4165 0.8081
vn -0.3586 0.4673 0.8081
vn -0.3026 0.5053 0.8081
vn -0.3029 0.5052 0.8081
vn -0.2777 0.5196 0.8080
vn -0.5792 0.5737 0.5792
vn -0.3024 0.5055 -0.8081
vn -0.3028 0.5052 -0.8081
vn -0.2777 0.5196 -0.8080
vn -0.3586 0.4673 -0.8081
vn -0.4165 0.4165 -0.8081
vn -0.4673 0.3586 -0.8081
vn -0.5051 0.3030 -0.8081
vn -0.5052 0.3029 -0.8081
vn -0.5196 0.2777 -0.8080
vn -0.5199 0.5149 -0.6816
vn -0.5053 0.8081 -0.3027
vn -0.5052 0.8081 -0.3028
vn -0.5196 0.8080 -0.2777
vn -0.4673 0.8081 -0.3586
vn -0.4165 0.8081 -0.4165
vn -0.3586 0.8081 -0.4673
vn -0.3030 0.8081 -0.5051
vn -0.3029 0.8081 -0.5052
vn -0.2777 0.8080 -0.5196
vn 0.5685 0.5790 0.5845
vn -0.0000 -0.0007 1.0000
vn -0.0000 -0.0005 1.0000
vn -0.5616 0.6616 0.4969
vn -0.5656 0.6604 0.4939
vn -0.5575 0.6627 0.5000
vn -0.5612 0.4969 0.6619
vn -0.5615 0.4967 0.6618
vn -0.5574 0.4998 0.6630
vn -0.5654 0.4938 0.6607
vn 0.8056 0.5811 0.1156
vn 0.8052 0.5880 0.0771
vn 0.8052 0.5880 0.0769
vn 0.8036 0.5940 0.0384
vn 0.8042 0.5944 0.0001
vn 0.8041 0.5944 -0.0000
vn 0.8036 0.5940 -0.0384
vn 0.8052 0.5880 -0.0770
vn 0.8052 0.5879 -0.0771
vn 0.8056 0.5811 -0.1156
vn -1.0000 -0.0015 0.0059
vn -1.0000 -0.0015 0.0060
vn -1.0000 -0.0083 0.0030
vn 0.8056 -0.5811 -0.1156
vn 0.8052 -0.5880 -0.0772
vn 0.8052 -0.5880 -0.0771
vn 0.8035 -0.5940 -0.0387
vn 0.8041 -0.5945 0.0001
vn 0.8041 -0.5945 -0.0000
vn 0.8035 -0.5940 0.0386
vn 0.8052 -0.5880 0.0771
vn 0.8051 -0.5881 0.0772
vn 0.8056 -0.5811 0.1156
vn 0.8099 0.1144 -0.5752
vn 0.8095 0.0765 -0.5821
vn 0.8079 0.0384 -0.5881
vn 0.8085 -0.0000 -0.5885
vn 0.8085 -0.0000 -0.5886
vn 0.8079 -0.0385 -0.5881
vn 0.8095 -0.0764 -0.5821
vn 0.8095 -0.0765 -0.5822
vn 0.8099 -0.1144 -0.5752
vn -0.5207 0.5571 -0.6470
vn -0.5208 0.5570 -0.6470
vn -0.5155 0.5644 -0.6448
vn -0.5259 0.5496 -0.6491
vn 0.5120 -0.6528 0.5583
vn 0.5116 -0.6526 0.5589
vn 0.5121 -0.6529 0.5581
vn 0.5113 -0.6525 0.5593
vn -1.0000 -0.0003 -0.0000
vn -1.0000 -0.0001 -0.0001
vn -0.9999 0.0106 -0.0001
vn -0.9999 0.0106 0.0106
vn -1.0000 -0.0001 0.0001
vn 0.6467 -0.5181 0.5597
vn 0.6468 -0.5183 0.5594
vn 0.6466 -0.5179 0.5601
vn 0.6465 -0.5176 0.5604
vn 0.6467 -0.5181 0.5598
vn -0.5811 -0.8056 0.1156
vn -0.5880 -0.8052 0.0772
vn -0.5880 -0.8052 0.0771
vn -0.5945 -0.8041 -0.0000
vn -0.5940 -0.8035 0.0386
vn -0.5940 -0.8035 -0.0386
vn -0.5880 -0.8052 -0.0771
vn -0.5881 -0.8051 -0.0772
vn -0.5811 -0.8056 -0.1156
vn 0.5614 -0.4971 -0.6616
vn 0.5616 -0.4969 -0.6616
vn 0.5656 -0.4939 -0.6604
vn 0.5575 -0.5000 -0.6627
vn -1.0000 0.0001 -0.0001
vn -0.6467 0.5599 -0.5180
vn -0.6468 0.5595 -0.5183
vn -0.6468 0.5594 -0.5183
vn -0.6465 0.5604 -0.5176
vn 0.6527 0.5588 -0.5117
vn 0.6526 0.5589 -0.5116
vn 0.6529 0.5581 -0.5121
vn 0.6525 0.5593 -0.5113
vn 0.5053 0.3026 -0.8081
vn 0.5052 0.3028 -0.8081
vn 0.5196 0.2777 -0.8080
vn 0.4673 0.3586 -0.8081
vn 0.4165 0.4165 -0.8081
vn 0.3586 0.4673 -0.8081
vn 0.3027 0.5053 -0.8081
vn 0.3029 0.5052 -0.8081
vn 0.2777 0.5196 -0.8080
vn -0.5571 -0.5207 -0.6470
vn -0.5570 -0.5208 -0.6470
vn -0.5644 -0.5155 -0.6448
vn -0.5496 -0.5259 -0.6491
vn -0.0014 -1.0000 0.0015
vn -0.0123 -0.9999 0.0018
vn -0.0015 -1.0000 0.0015
vn -0.0015 -1.0000 0.0013
vn -0.0015 -1.0000 0.0017
vn -0.0014 -1.0000 0.0014
vn 0.5571 -0.6470 -0.5207
vn 0.5570 -0.6470 -0.5207
vn 0.5644 -0.6448 -0.5155
vn 0.5496 -0.6491 -0.5259
vn 0.1144 -0.5752 0.8099
vn 0.0765 -0.5821 0.8095
vn 0.0384 -0.5881 0.8079
vn -0.0000 -0.5885 0.8085
vn -0.0384 -0.5881 0.8079
vn -0.0765 -0.5821 0.8095
vn -0.0765 -0.5822 0.8095
vn -0.1144 -0.5752 0.8099
vn 0.5811 0.8056 -0.1156
vn 0.5880 0.8052 -0.0772
vn 0.5880 0.8052 -0.0771
vn 0.5940 0.8035 -0.0387
vn 0.5945 0.8041 -0.0000
vn 0.5940 0.8035 0.0386
vn 0.5880 0.8052 0.0771
vn 0.5881 0.8051 0.0772
vn 0.5811 0.8056 0.1156
vn 0.0102 -0.9999 0.0099
vn 0.0029 -1.0000 0.0062
vn 0.5207 -0.5570 -0.6470
vn 0.5259 -0.5496 -0.6491
vn 0.5155 -0.5644 -0.6448
vn 0.5205 -0.5570 0.6472
vn 0.5205 -0.5569 0.6472
vn 0.5257 -0.5495 0.6494
vn 0.5153 -0.5643 0.6450
vn 0.3025 0.5054 0.8081
vn 0.3028 0.5052 0.8081
vn 0.2777 0.5196 0.8080
vn 0.3586 0.4673 0.8081
vn 0.4165 0.4165 0.8081
vn 0.4673 0.3586 0.8081
vn 0.5053 0.3026 0.8081
vn 0.5052 0.3029 0.8081
vn 0.5196 0.2777 0.8080
vn -0.5570 -0.5205 0.6472
vn -0.5569 -0.5205 0.6472
vn -0.5495 -0.5257 0.6494
vn -0.5643 -0.5153 0.6450
vn -0.5613 0.6619 -0.4969
vn -0.5615 0.6618 -0.4967
vn -0.5574 0.6630 -0.4998
vn -0.5654 0.6607 -0.4938
vn -0.1144 0.5752 0.8099
vn -0.0766 0.5821 0.8095
vn -0.0765 0.5821 0.8095
vn -0.0384 0.5881 0.8079
vn -0.0000 0.5885 0.8085
vn -0.0000 0.5886 0.8085
vn 0.0385 0.5881 0.8079
vn 0.0766 0.5821 0.8095
vn 0.0765 0.5822 0.8095
vn 0.1144 0.5752 0.8099
vn 0.5811 0.1156 0.8056
vn 0.5880 0.0771 0.8052
vn 0.5940 0.0387 0.8035
vn 0.5945 -0.0000 0.8041
vn 0.5940 -0.0386 0.8035
vn 0.5880 -0.0770 0.8052
vn 0.5881 -0.0772 0.8051
vn 0.5811 -0.1156 0.8056
vn -0.5811 -0.1156 0.8056
vn -0.5880 -0.0770 0.8052
vn -0.5940 -0.0384 0.8036
vn -0.5944 -0.0001 0.8042
vn -0.5944 -0.0000 0.8041
vn -0.5939 0.0384 0.8036
vn -0.5880 0.0770 0.8052
vn -0.5880 0.0771 0.8052
vn -0.5811 0.1156 0.8056
vn 1.0000 0.0015 -0.0047
vn 1.0000 -0.0025 -0.0081
vn 1.0000 0.0015 -0.0048
vn 0.5614 -0.4968 0.6619
vn 0.5615 -0.4967 0.6618
vn 0.5574 -0.4998 0.6630
vn 0.5654 -0.4938 0.6607
vn 0.5242 0.6758 -0.5182
vn -0.9999 -0.0000 -0.0106
vn -0.9999 0.0001 -0.0112
vn -0.9999 0.0001 -0.0109
vn -0.9999 -0.0000 -0.0108
vn -0.9999 0.0111 -0.0111
vn 0.0014 1.0000 0.0013
vn 0.0123 0.9999 0.0015
vn 0.0013 1.0000 0.0013
vn 0.0014 1.0000 0.0014
vn 0.0015 1.0000 0.0018
vn 0.0014 1.0000 0.0012
vn -0.1144 0.8099 -0.5752
vn -0.0765 0.8095 -0.5821
vn -0.0384 0.8079 -0.5881
vn -0.0000 0.8085 -0.5885
vn -0.0000 0.8085 -0.5886
vn 0.0385 0.8079 -0.5881
vn 0.0765 0.8095 -0.5821
vn 0.0765 0.8095 -0.5822
vn 0.1144 0.8099 -0.5752
vn 0.5571 0.6470 0.5207
vn 0.5570 0.6470 0.5208
vn 0.5644 0.6448 0.5155
vn 0.5496 0.6491 0.5259
vn -0.0003 -0.0000 1.0000
vn 0.0001 -0.0003 1.0000
vn -0.0002 -0.0000 1.0000
vn 0.0007 -0.0000 1.0000
vn -0.0001 0.0001 1.0000
vn -0.0005 0.0001 1.0000
vn -0.0005 -0.0000 1.0000
vn 0.8099 -0.1144 0.5752
vn 0.8095 -0.0765 0.5821
vn 0.8079 -0.0384 0.5881
vn 0.8085 -0.0000 0.5885
vn 0.8079 0.0384 0.5881
vn 0.8095 0.0764 0.5821
vn 0.8095 0.0765 0.5822
vn 0.8099 0.1144 0.5752
vn -0.6467 0.5180 0.5599
vn -0.6468 0.5182 0.5596
vn -0.6468 0.5183 0.5594
vn -0.6465 0.5176 0.5604
vn 0.6528 0.5120 0.5582
vn 0.6528 0.5118 0.5585
vn 0.6529 0.5121 0.5581
vn 0.6525 0.5113 0.5593
vn -0.5811 0.8056 0.1156
vn -0.5880 0.8052 0.0771
vn -0.5880 0.8052 0.0770
vn -0.5940 0.8036 0.0384
vn -0.5944 0.8042 0.0001
vn -0.5944 0.8041 -0.0000
vn -0.5940 0.8036 -0.0384
vn -0.5880 0.8052 -0.0770
vn -0.5811 0.8056 -0.1156
vn -0.5613 -0.6619 0.4969
vn -0.5614 -0.6618 0.4968
vn -0.5574 -0.6630 0.4998
vn -0.5654 -0.6607 0.4938
vn 0.5570 0.5207 -0.6470
vn 0.5644 0.5155 -0.6448
vn 0.5496 0.5259 -0.6491
vn 0.1144 -0.8099 0.5752
vn 0.0765 -0.8095 0.5821
vn 0.0384 -0.8079 0.5881
vn -0.0000 -0.8085 0.5885
vn -0.0384 -0.8079 0.5881
vn -0.0763 -0.8095 0.5821
vn -0.0765 -0.8095 0.5822
vn -0.1144 -0.8099 0.5752
vn 0.0001 -1.0000 -0.0003
vn -0.8056 -0.5811 0.1156
vn -0.8052 -0.5880 0.0771
vn -0.8052 -0.5880 0.0770
vn -0.8036 -0.5940 0.0384
vn -0.8042 -0.5944 0.0001
vn -0.8041 -0.5944 -0.0000
vn -0.8036 -0.5940 -0.0384
vn -0.8052 -0.5880 -0.0770
vn -0.8052 -0.5879 -0.0771
vn -0.8056 -0.5811 -0.1156
vn 1.0000 -0.0001 -0.0001
vn -0.8056 0.5811 -0.1156
vn -0.8052 0.5880 -0.0772
vn -0.8052 0.5880 -0.0771
vn -0.8035 0.5940 -0.0387
vn -0.8041 0.5945 -0.0000
vn -0.8035 0.5940 0.0386
vn -0.8052 0.5880 0.0771
vn -0.8051 0.5881 0.0772
vn -0.8056 0.5811 0.1156
vn -0.8099 -0.1144 -0.5752
vn -0.8095 -0.0765 -0.5821
vn -0.8079 -0.0384 -0.5881
vn -0.8085 -0.0000 -0.5885
vn -0.8085 -0.0000 -0.5886
vn -0.8079 0.0385 -0.5881
vn -0.8095 0.0764 -0.5821
vn -0.8095 0.0765 -0.5822
vn -0.8099 0.1144 -0.5752
vn -0.8099 0.1144 0.5752
vn -0.8095 0.0765 0.5821
vn -0.8079 0.0384 0.5881
vn -0.8085 -0.0000 0.5885
vn -0.8079 -0.0384 0.5881
vn -0.8095 -0.0764 0.5821
vn -0.8095 -0.0765 0.5821
vn -0.8099 -0.1144 0.5752
vn -0.6526 -0.5116 0.5589
vn -0.6528 -0.5119 0.5584
vn -0.6525 -0.5113 0.5593
vn -0.6529 -0.5121 0.5581
vn 1.0000 -0.0002 -0.0001
vn 0.8081 -0.5053 0.3026
vn 0.8081 -0.5052 0.3028
vn 0.8080 -0.5196 0.2777
vn 0.8081 -0.4673 0.3586
vn 0.8081 -0.4165 0.4165
vn 0.8081 -0.3586 0.4673
vn 0.8081 -0.3027 0.5053
vn 0.8081 -0.3029 0.5052
vn 0.8080 -0.2777 0.5196
vn 0.0004 -1.0000 -0.0000
vn 0.0001 -1.0000 -0.0000
vn 0.4969 0.5612 0.6619
vn 0.4967 0.5615 0.6618
vn 0.4998 0.5574 0.6630
vn 0.4938 0.5654 0.6607
vn 0.6526 -0.5589 0.5116
vn 0.6527 -0.5588 0.5117
vn 0.6525 -0.5593 0.5113
vn 0.6529 -0.5581 0.5121
vn 0.0029 -1.0000 -0.0060
vn 0.0095 -0.9999 -0.0094
vn 0.0029 -1.0000 -0.0061
vt 0.987982 0.209030
vt 0.983364 0.213662
vt 0.978740 0.209030
vt 0.987982 0.218241
vt 0.983364 0.218241
vt 0.992601 0.213662
vt 0.997225 0.209030
vt 0.992601 0.218241
vt 0.499426 0.686154
vt 0.499426 0.691924
vt 0.488925 0.691580
vt 0.509550 0.685823
vt 0.509927 0.691580
vt 0.508674 0.672460
vt 0.499426 0.672762
vt 0.489302 0.685823
vt 0.478469 0.690551
vt 0.362989 0.604294
vt 0.357903 0.607013
vt 0.351383 0.576275
vt 0.372048 0.629108
vt 0.376625 0.625595
vt 0.385895 0.644898
vt 0.389975 0.640818
vt 0.401685 0.658746
vt 0.405198 0.654168
vt 0.423781 0.672890
vt 0.426499 0.667804
vt 0.452844 0.684928
vt 0.454518 0.679410
vt 0.479222 0.684830
vt 0.490178 0.672460
vt 0.499426 0.531367
vt 0.517882 0.391181
vt 0.508674 0.390274
vt 0.540449 0.396132
vt 0.566044 0.406734
vt 0.585502 0.419191
vt 0.599408 0.431385
vt 0.611603 0.445291
vt 0.624059 0.464749
vt 0.634661 0.490344
vt 0.639612 0.512911
vt 0.652889 0.511163
vt 0.647469 0.486459
vt 0.635863 0.458440
vt 0.622227 0.437139
vt 0.608877 0.421916
vt 0.593654 0.408566
vt 0.572353 0.394930
vt 0.544334 0.383324
vt 0.519630 0.377904
vt 0.626805 0.433626
vt 0.612957 0.417836
vt 0.597167 0.403988
vt 0.575072 0.389844
vt 0.546008 0.377806
vt 0.520383 0.372183
vt 0.509550 0.376911
vt 0.499426 0.389972
vt 0.490178 0.390274
vt 0.480970 0.391181
vt 0.489302 0.376911
vt 0.488925 0.371154
vt 0.499426 0.370810
vt 0.499426 0.376580
vt 0.509927 0.371154
vt 0.519630 0.684830
vt 0.517882 0.671553
vt 0.540449 0.666602
vt 0.566044 0.656000
vt 0.585502 0.643544
vt 0.599408 0.631349
vt 0.611603 0.617443
vt 0.624059 0.597985
vt 0.634661 0.572390
vt 0.639612 0.549823
vt 0.640519 0.540615
vt 0.652889 0.551571
vt 0.647469 0.576275
vt 0.635863 0.604294
vt 0.622227 0.625595
vt 0.608877 0.640818
vt 0.593654 0.654168
vt 0.572353 0.667804
vt 0.544334 0.679410
vt 0.520383 0.690551
vt 0.546008 0.684928
vt 0.575072 0.672890
vt 0.597167 0.658746
vt 0.612957 0.644898
vt 0.626805 0.629108
vt 0.640949 0.607013
vt 0.652987 0.577949
vt 0.658609 0.552324
vt 0.653882 0.541491
vt 0.640821 0.531367
vt 0.640519 0.522119
vt 0.653882 0.521244
vt 0.659639 0.520866
vt 0.658609 0.510410
vt 0.652987 0.484785
vt 0.640949 0.455722
vt 0.659983 0.531367
vt 0.654213 0.531367
vt 0.659639 0.541868
vt 0.344971 0.541491
vt 0.344639 0.531367
vt 0.358333 0.540615
vt 0.358031 0.531367
vt 0.359240 0.549823
vt 0.364191 0.572390
vt 0.374793 0.597985
vt 0.387250 0.617443
vt 0.399444 0.631349
vt 0.413350 0.643544
vt 0.432808 0.656000
vt 0.458403 0.666602
vt 0.480970 0.671553
vt 0.345963 0.551571
vt 0.345865 0.484785
vt 0.357903 0.455722
vt 0.362989 0.458440
vt 0.351383 0.486459
vt 0.364192 0.490344
vt 0.359240 0.512911
vt 0.358333 0.522119
vt 0.344971 0.521244
vt 0.339213 0.520866
vt 0.338869 0.531367
vt 0.339213 0.541868
vt 0.340243 0.552324
vt 0.345865 0.577949
vt 0.340243 0.510410
vt 0.345963 0.511163
vt 0.387250 0.445291
vt 0.374793 0.464749
vt 0.399444 0.431385
vt 0.389975 0.421916
vt 0.405198 0.408566
vt 0.413350 0.419191
vt 0.426499 0.394930
vt 0.432808 0.406734
vt 0.454518 0.383324
vt 0.458403 0.396132
vt 0.479222 0.377904
vt 0.376625 0.437139
vt 0.478469 0.372183
vt 0.452844 0.377806
vt 0.423781 0.389844
vt 0.401685 0.403988
vt 0.385895 0.417836
vt 0.372048 0.433626
vt 0.330241 0.809343
vt 0.358555 0.833161
vt 0.325120 0.826226
vt 0.432166 0.833161
vt 0.432166 0.858809
vt 0.311624 0.858809
vt 0.970801 0.192313
vt 0.966182 0.192313
vt 0.970801 0.096635
vt 0.966182 0.096635
vt 0.961564 0.192313
vt 0.961564 0.096635
vt 0.940680 0.775622
vt 0.997177 0.775622
vt 0.997177 0.995740
vt 0.940680 0.995740
vt 0.579711 0.065373
vt 0.579711 0.086707
vt 0.493154 0.065373
vt 0.493154 0.086707
vt 0.406472 0.065373
vt 0.406472 0.086707
vt 0.006387 0.080464
vt 0.062601 0.080464
vt 0.062600 0.299963
vt 0.006387 0.299963
vt 0.238923 0.930750
vt 0.238923 0.986324
vt 0.018921 0.986323
vt 0.018921 0.930751
vt 0.579997 0.948274
vt 0.603802 0.976588
vt 0.586918 0.981709
vt 0.554336 0.995206
vt 0.579997 0.874663
vt 0.554336 0.874663
vt 0.795887 0.696208
vt 0.924358 0.696140
vt 0.854009 0.775556
vt 0.923778 0.407952
vt 0.796409 0.407952
vt 0.853053 0.315295
vt 0.939580 0.315295
vt 0.488813 0.262099
vt 0.494162 0.261924
vt 0.494162 0.370982
vt 0.230158 0.541981
vt 0.229983 0.536631
vt 0.339041 0.536631
vt 0.510040 0.262099
vt 0.504690 0.370982
vt 0.504690 0.261924
vt 0.510040 0.800635
vt 0.504690 0.800810
vt 0.504690 0.691752
vt 0.957057 0.192313
vt 0.957057 0.096635
vt 0.975308 0.096635
vt 0.975308 0.192313
vt 0.983364 0.313924
vt 0.978857 0.313924
vt 0.978857 0.218241
vt 0.997108 0.218241
vt 0.997108 0.313924
vt 0.992601 0.313924
vt 0.983374 0.192640
vt 0.978866 0.192640
vt 0.978866 0.096949
vt 0.983374 0.096949
vt 0.992612 0.096949
vt 0.997119 0.096949
vt 0.997119 0.192640
vt 0.992612 0.192640
vt 0.961518 0.313631
vt 0.957011 0.313631
vt 0.957011 0.217945
vt 0.961518 0.217945
vt 0.970756 0.217945
vt 0.975263 0.217945
vt 0.975263 0.313631
vt 0.970756 0.313631
vt 0.357765 0.097653
vt 0.357765 0.226365
vt 0.282777 0.167206
vt 0.282777 0.080464
vt 0.310297 0.788228
vt 0.310304 0.916942
vt 0.238923 0.844035
vt 0.768694 0.541981
vt 0.659811 0.536631
vt 0.768869 0.536631
vt 0.768694 0.520754
vt 0.768869 0.526103
vt 0.659811 0.526103
vt 0.488813 0.800635
vt 0.494162 0.691752
vt 0.494162 0.800810
vt 0.230158 0.520754
vt 0.339041 0.526103
vt 0.229983 0.526103
vt 0.032303 0.630426
vt 0.160900 0.630444
vt 0.105405 0.710523
vt 0.018921 0.710523
vt 0.545181 0.896116
vt 0.545181 0.972353
vt 0.532540 0.972353
vt 0.532540 0.910881
vt 0.406646 0.150749
vt 0.391308 0.166746
vt 0.391308 0.086707
vt 0.423028 0.174996
vt 0.417439 0.200442
vt 0.591495 0.166746
vt 0.568165 0.200919
vt 0.563283 0.174996
vt 0.579515 0.150191
vt 0.023876 0.508794
vt 0.023876 0.421661
vt 0.045863 0.421661
vt 0.045863 0.508794
vt 0.023876 0.595947
vt 0.045863 0.595947
vt 0.897868 0.677990
vt 0.869628 0.657144
vt 0.893157 0.646077
vt 0.911149 0.662246
vt 0.960318 0.677972
vt 0.960318 0.662246
vt 0.635021 0.980125
vt 0.635027 0.851590
vt 0.720497 0.909074
vt 0.720497 0.995740
vt 0.202375 0.382151
vt 0.073691 0.382152
vt 0.149260 0.300718
vt 0.898685 0.479180
vt 0.960318 0.479180
vt 0.960318 0.494990
vt 0.911149 0.494990
vt 0.966137 0.318114
vt 0.970756 0.318114
vt 0.975394 0.322754
vt 0.966137 0.322754
vt 0.966137 0.313631
vt 0.961518 0.318114
vt 0.956881 0.322754
vt 0.966137 0.217945
vt 0.961518 0.213426
vt 0.966137 0.208861
vt 0.970756 0.213426
vt 0.975317 0.208861
vt 0.956957 0.208861
vt 0.987993 0.197145
vt 0.992612 0.197145
vt 0.997274 0.201797
vt 0.987993 0.201797
vt 0.987993 0.192640
vt 0.983374 0.197145
vt 0.978711 0.201797
vt 0.987993 0.096949
vt 0.983374 0.092415
vt 0.987993 0.087831
vt 0.992612 0.092415
vt 0.997189 0.087831
vt 0.978796 0.087831
vt 0.987982 0.318463
vt 0.992601 0.318463
vt 0.997296 0.323147
vt 0.987982 0.323147
vt 0.987982 0.313924
vt 0.983364 0.318463
vt 0.978669 0.323147
vt 0.961564 0.196875
vt 0.966182 0.201487
vt 0.970801 0.196875
vt 0.975406 0.201487
vt 0.956959 0.201487
vt 0.966182 0.092204
vt 0.961564 0.092204
vt 0.956983 0.087620
vt 0.966182 0.087620
vt 0.970801 0.092204
vt 0.975382 0.087620
vt 0.976147 0.479400
vt 0.243104 0.193714
vt 0.207229 0.225174
vt 0.175769 0.261046
vt 0.131915 0.750195
vt 0.163375 0.786067
vt 0.199250 0.817527
vt 0.330801 0.972353
vt 0.330804 0.896223
vt 0.343801 0.910881
vt 0.343801 0.972353
vt 0.641169 0.237876
vt 0.641168 0.109238
vt 0.719444 0.094985
vt 0.719541 0.181778
vt 0.591499 0.086707
vt 0.591581 0.074757
vt 0.760169 0.882565
vt 0.796042 0.851104
vt 0.827501 0.815230
vt 0.391308 0.074757
vt 0.115680 0.407435
vt 0.149088 0.429957
vt 0.120797 0.438451
vt 0.100264 0.421561
vt 0.045863 0.407436
vt 0.115564 0.610536
vt 0.045863 0.610535
vt 0.100264 0.596040
vt 0.354135 0.861383
vt 0.361694 0.890193
vt 0.183798 0.655406
vt 0.170657 0.642161
vt 0.203580 0.688559
vt 0.228329 0.717932
vt 0.257509 0.742910
vt 0.290507 0.762951
vt 0.303648 0.776195
vt 0.330537 0.248258
vt 0.347806 0.236758
vt 0.297409 0.268220
vt 0.268081 0.293134
vt 0.243165 0.322461
vt 0.223202 0.355587
vt 0.213923 0.370636
vt 0.807463 0.490377
vt 0.831057 0.516799
vt 0.814174 0.521920
vt 0.781591 0.535417
vt 0.807463 0.414942
vt 0.781591 0.414942
vt 0.775109 0.369404
vt 0.783817 0.385920
vt 0.754666 0.338398
vt 0.826545 0.275622
vt 0.729923 0.309239
vt 0.795086 0.239747
vt 0.700765 0.284495
vt 0.759213 0.208287
vt 0.668460 0.262748
vt 0.650644 0.252741
vt 0.665251 0.830242
vt 0.646107 0.838219
vt 0.698290 0.810365
vt 0.727531 0.785537
vt 0.752358 0.756295
vt 0.772233 0.723253
vt 0.779624 0.704695
vt 0.412761 0.786674
vt 0.380178 0.773178
vt 0.429644 0.791795
vt 0.464234 0.798675
vt 0.232118 0.566559
vt 0.238998 0.601148
vt 0.244119 0.618032
vt 0.257616 0.650615
vt 0.265933 0.666175
vt 0.285526 0.695498
vt 0.308779 0.722014
vt 0.335295 0.745267
vt 0.364619 0.764861
vt 0.939580 0.094985
vt 0.595000 0.872312
vt 0.571182 0.845103
vt 0.588066 0.839982
vt 0.620649 0.826486
vt 0.595000 0.947029
vt 0.620649 0.947028
vt 0.807463 0.671022
vt 0.781591 0.671022
vt 0.807463 0.596324
vt 0.781591 0.550489
vt 0.814174 0.563985
vt 0.831057 0.569107
vt 0.031306 0.407364
vt 0.309177 0.039363
vt 0.586091 0.786674
vt 0.569207 0.791795
vt 0.534618 0.798675
vt 0.766735 0.566559
vt 0.759854 0.601148
vt 0.754733 0.618032
vt 0.741236 0.650615
vt 0.732920 0.666175
vt 0.713326 0.695498
vt 0.690073 0.722014
vt 0.663557 0.745267
vt 0.634234 0.764861
vt 0.618674 0.773178
vt 0.528522 0.168082
vt 0.493155 0.165764
vt 0.457789 0.168082
vt 0.642058 0.067380
vt 0.719251 0.039118
vt 0.960318 0.578601
vt 0.980388 0.494990
vt 0.980388 0.578601
vt 0.980388 0.662246
vt 0.034193 0.370352
vt 0.946866 0.031396
vt 0.946866 0.009442
vt 0.972433 0.031396
vt 0.972433 0.009442
vt 0.982659 0.031396
vt 0.982659 0.009442
vt 0.992886 0.031396
vt 0.992886 0.009463
vt 0.747448 0.031396
vt 0.747448 0.009463
vt 0.757675 0.009442
vt 0.757675 0.031396
vt 0.767901 0.031396
vt 0.767901 0.009442
vt 0.793468 0.031396
vt 0.793468 0.009442
vt 0.824147 0.031396
vt 0.824147 0.009442
vt 0.849714 0.031396
vt 0.849714 0.009442
vt 0.870167 0.031396
vt 0.870167 0.009442
vt 0.890620 0.031396
vt 0.890620 0.009442
vt 0.916187 0.031396
vt 0.916187 0.009442
vt 0.548030 0.031396
vt 0.548030 0.009442
vt 0.578709 0.031396
vt 0.578709 0.009442
vt 0.604276 0.031396
vt 0.604276 0.009442
vt 0.624729 0.031396
vt 0.624729 0.009442
vt 0.645182 0.031396
vt 0.645182 0.009442
vt 0.670749 0.031396
vt 0.670749 0.009442
vt 0.701428 0.031396
vt 0.701428 0.009442
vt 0.726995 0.031396
vt 0.726995 0.009442
vt 0.737221 0.031396
vt 0.737221 0.009442
vt 0.379291 0.031396
vt 0.379291 0.009442
vt 0.399744 0.031396
vt 0.399744 0.009442
vt 0.425311 0.031396
vt 0.425311 0.009442
vt 0.455991 0.031396
vt 0.455991 0.009442
vt 0.481557 0.031396
vt 0.481557 0.009442
vt 0.491784 0.031396
vt 0.491784 0.009442
vt 0.502010 0.031396
vt 0.502010 0.009463
vt 0.512237 0.009442
vt 0.512237 0.031396
vt 0.522463 0.031396
vt 0.522463 0.009442
vt 0.210553 0.031396
vt 0.210553 0.009442
vt 0.236119 0.031396
vt 0.236119 0.009442
vt 0.246346 0.031396
vt 0.246346 0.009442
vt 0.256572 0.031396
vt 0.256572 0.009463
vt 0.266799 0.009442
vt 0.266799 0.031396
vt 0.277025 0.031396
vt 0.277025 0.009442
vt 0.302592 0.009442
vt 0.302592 0.031396
vt 0.333272 0.009442
vt 0.333272 0.031396
vt 0.358838 0.009442
vt 0.358838 0.031396
vt 0.011134 0.031396
vt 0.011134 0.009463
vt 0.021361 0.009442
vt 0.021361 0.031396
vt 0.031587 0.031396
vt 0.031587 0.009442
vt 0.057154 0.031396
vt 0.057154 0.009442
vt 0.087834 0.031396
vt 0.087834 0.009442
vt 0.113400 0.031396
vt 0.113400 0.009442
vt 0.133853 0.031396
vt 0.133853 0.009442
vt 0.154306 0.031396
vt 0.154306 0.009442
vt 0.179873 0.031396
vt 0.179873 0.009442
vt 0.996800 0.352226
vt 0.834627 0.458457
vt 0.811363 0.431240
vt 0.828247 0.426118
vt 0.860830 0.412622
vt 0.834627 0.533155
vt 0.860829 0.533155
vt 0.835019 0.571752
vt 0.861221 0.571752
vt 0.835020 0.646115
vt 0.861222 0.692226
vt 0.828639 0.678730
vt 0.811756 0.673609
vt 0.899808 0.612639
vt 0.902038 0.578620
vt 0.899808 0.544600
vt 0.893157 0.511163
vt 0.364204 0.830292
vt 0.364204 0.804631
vt 0.438920 0.830292
vt 0.484747 0.804631
vt 0.471251 0.837213
vt 0.466129 0.854097
vt 0.939580 0.039118
vt 0.969243 0.696947
vt 0.976147 0.677817
vt 0.311647 0.958388
vt 0.534618 0.264058
vt 0.569207 0.270939
vt 0.586091 0.276060
vt 0.618674 0.289557
vt 0.634234 0.297873
vt 0.663557 0.317467
vt 0.690073 0.340720
vt 0.713326 0.367236
vt 0.732920 0.396560
vt 0.741236 0.412119
vt 0.754733 0.444702
vt 0.759854 0.461585
vt 0.766735 0.496175
vt 0.113862 0.473319
vt 0.111537 0.508794
vt 0.113862 0.544270
vt 0.120797 0.579138
vt 0.438288 0.972353
vt 0.399633 0.896573
vt 0.438232 0.899103
vt 0.476833 0.896573
vt 0.514772 0.890193
vt 0.330734 0.985696
vt 0.438289 0.972353
vt 0.983731 0.067025
vt 0.563283 0.200457
vt 0.528522 0.193542
vt 0.503904 0.191804
vt 0.493155 0.191219
vt 0.482407 0.191804
vt 0.457789 0.193542
vt 0.423028 0.200457
vt 0.532540 0.995416
vt 0.438289 0.995416
vt 0.343801 0.995416
vt 0.361693 0.863899
vt 0.399632 0.870589
vt 0.426508 0.872270
vt 0.438233 0.872837
vt 0.449957 0.872270
vt 0.476833 0.870589
vt 0.514772 0.863899
vt 0.875297 0.544600
vt 0.868472 0.511162
vt 0.877013 0.568271
vt 0.877632 0.578619
vt 0.877013 0.588967
vt 0.875297 0.612639
vt 0.868472 0.646077
vt 0.148753 0.438450
vt 0.141817 0.473319
vt 0.140074 0.497965
vt 0.139492 0.508794
vt 0.140074 0.519623
vt 0.141817 0.544269
vt 0.148753 0.579138
vt 0.865283 0.500939
vt 0.036127 0.034354
vt 0.412761 0.276060
vt 0.429644 0.270939
vt 0.464234 0.264058
vt 0.232118 0.496175
vt 0.238998 0.461585
vt 0.244119 0.444702
vt 0.257616 0.412119
vt 0.265933 0.396560
vt 0.285526 0.367236
vt 0.308779 0.340720
vt 0.335295 0.317467
vt 0.364619 0.297873
vt 0.380178 0.289557
vt 0.522567 0.861518
vt 0.148820 0.586917
vt 0.031306 0.610322
vt 0.545181 0.985696
s 0
usemtl materials/models/props/metal_box
f 4/1/1 2/2/1 1/3/1
s 1
f 6/4/2 5/5/3 3/2/4
f 7/1/5 6/4/2 3/2/4
f 6/4/2 7/1/5 8/6/6
f 7/1/5 9/7/7 8/6/6
f 10/8/8 6/4/2 8/6/6
f 13/9/9 12/10/10 11/11/11
f 15/12/12 14/13/13 12/10/10
f 13/9/9 15/12/12 12/10/10
f 15/12/12 13/9/9 16/14/14
f 13/9/9 17/15/15 16/14/14
f 13/9/9 18/16/16 17/15/15
f 18/16/16 13/9/9 11/11/11
f 18/16/16 11/11/11 19/17/17
f 22/18/18 21/19/19 20/20/20
f 23/21/21 21/19/19 22/18/18
f 24/22/22 23/21/21 22/18/18
f 25/23/23 23/21/21 24/22/22
f 26/24/24 25/23/23 24/22/22
f 27/25/25 25/23/23 26/24/24
f 28/26/26 27/25/25 26/24/24
f 29/27/27 27/25/25 28/26/26
f 30/28/28 29/27/27 28/26/26
f 31/29/29 29/27/27 30/28/28
f 32/30/30 31/29/29 30/28/28
f 19/17/17 31/29/29 32/30/30
f 33/31/31 19/17/17 32/30/30
f 33/31/31 18/16/16 19/17/17
f 18/16/16 33/31/31 34/32/32
f 18/16/16 34/32/32 17/15/15
f 34/32/32 35/33/33 17/15/15
f 17/15/15 35/33/33 16/14/14
f 37/34/34 35/33/33 36/35/35
f 35/33/33 37/34/34 38/36/36
f 35/33/33 38/36/36 39/37/37
f 35/33/33 39/37/37 40/38/38
f 35/33/33 40/38/38 41/39/39
f 35/33/33 41/39/39 42/40/40
f 35/33/33 42/40/40 43/41/41
f 35/33/33 43/41/41 44/42/42
f 35/33/33 44/42/42 45/43/43
f 46/44/44 45/43/43 44/42/42
f 47/45/45 46/44/44 44/42/42
f 47/45/45 44/42/42 43/41/41
f 48/46/46 47/45/45 43/41/41
f 48/46/46 43/41/41 42/40/40
f 49/47/47 48/46/46 42/40/40
f 49/47/47 42/40/40 41/39/39
f 50/48/48 49/47/47 41/39/39
f 50/48/48 41/39/39 40/38/38
f 51/49/49 50/48/48 40/38/38
f 51/49/49 40/38/38 39/37/37
f 52/50/50 51/49/49 39/37/37
f 52/50/50 39/37/37 38/36/36
f 53/51/51 52/50/50 38/36/36
f 53/51/51 38/36/36 37/34/34
f 54/52/52 53/51/51 37/34/34
f 54/52/52 37/34/34 36/35/35
f 49/47/47 55/53/53 48/46/46
f 56/54/54 55/53/53 49/47/47
f 50/48/48 56/54/54 49/47/47
f 57/55/55 56/54/54 50/48/48
f 51/49/49 57/55/55 50/48/48
f 58/56/56 57/55/55 51/49/49
f 52/50/50 58/56/56 51/49/49
f 59/57/57 58/56/56 52/50/50
f 53/51/51 59/57/57 52/50/50
f 60/58/58 59/57/57 53/51/51
f 54/52/52 60/58/58 53/51/51
f 54/52/52 61/59/59 60/58/58
f 61/59/59 54/52/52 36/35/35
f 61/59/59 36/35/35 62/60/60
f 36/35/35 35/33/33 62/60/60
f 62/60/60 35/33/33 63/61/61
f 63/61/61 35/33/33 64/62/62
f 65/63/63 63/61/61 64/62/62
f 65/63/63 67/64/64 66/65/65
f 68/66/66 65/63/63 66/65/65
f 65/63/63 68/66/66 63/61/61
f 68/66/66 62/60/60 63/61/61
f 68/66/66 61/59/59 62/60/60
f 61/59/59 68/66/66 69/67/67
f 61/59/59 69/67/67 60/58/58
f 68/66/66 66/65/65 69/67/67
f 72/68/68 71/69/69 70/70/70
f 35/33/33 70/70/70 71/69/69
f 35/33/33 73/71/71 70/70/70
f 35/33/33 74/72/72 73/71/71
f 35/33/33 75/73/73 74/72/72
f 35/33/33 76/74/74 75/73/73
f 35/33/33 77/75/75 76/74/74
f 35/33/33 78/76/76 77/75/75
f 35/33/33 79/77/77 78/76/76
f 79/77/77 35/33/33 80/78/78
f 81/79/79 79/77/77 80/78/78
f 81/79/79 82/80/80 79/77/77
f 82/80/80 78/76/76 79/77/77
f 82/80/80 83/81/81 78/76/76
f 83/81/81 77/75/75 78/76/76
f 83/81/81 84/82/82 77/75/75
f 84/82/82 76/74/74 77/75/75
f 84/82/82 85/83/83 76/74/74
f 85/83/83 75/73/73 76/74/74
f 85/83/83 86/84/84 75/73/73
f 86/84/84 74/72/72 75/73/73
f 86/84/84 87/85/85 74/72/72
f 87/85/85 73/71/71 74/72/72
f 87/85/85 88/86/86 73/71/71
f 88/86/86 70/70/70 73/71/71
f 88/86/86 72/68/68 70/70/70
f 16/14/14 35/33/33 71/69/69
f 15/12/12 16/14/14 71/69/69
f 72/68/68 15/12/12 71/69/69
f 15/12/12 72/68/68 14/13/13
f 72/68/68 89/87/87 14/13/13
f 90/88/88 89/87/87 72/68/68
f 88/86/86 90/88/88 72/68/68
f 91/89/89 90/88/88 88/86/86
f 87/85/85 91/89/89 88/86/86
f 92/90/90 91/89/89 87/85/85
f 86/84/84 92/90/90 87/85/85
f 93/91/91 92/90/90 86/84/84
f 85/83/83 93/91/91 86/84/84
f 94/92/92 93/91/91 85/83/83
f 84/82/82 94/92/92 85/83/83
f 95/93/93 94/92/92 84/82/82
f 83/81/81 95/93/93 84/82/82
f 96/94/94 95/93/93 83/81/81
f 82/80/80 96/94/94 83/81/81
f 97/95/95 96/94/94 82/80/80
f 81/79/79 97/95/95 82/80/80
f 81/79/79 98/96/96 97/95/95
f 98/96/96 81/79/79 80/78/78
f 98/96/96 80/78/78 99/97/97
f 80/78/78 35/33/33 99/97/97
f 99/97/97 35/33/33 100/98/98
f 100/98/98 35/33/33 45/43/43
f 101/99/99 100/98/98 45/43/43
f 46/44/44 101/99/99 45/43/43
f 101/99/99 46/44/44 102/100/100
f 46/44/44 103/101/101 102/100/100
f 104/102/102 103/101/101 46/44/44
f 47/45/45 104/102/102 46/44/44
f 105/103/103 104/102/102 47/45/45
f 48/46/46 105/103/103 47/45/45
f 55/53/53 105/103/103 48/46/46
f 101/99/99 102/100/100 106/104/104
f 107/105/105 101/99/99 106/104/104
f 101/99/99 107/105/105 100/98/98
f 107/105/105 99/97/97 100/98/98
f 107/105/105 98/96/96 99/97/97
f 98/96/96 107/105/105 108/106/106
f 98/96/96 108/106/106 97/95/95
f 107/105/105 106/104/104 108/106/106
f 111/107/107 110/108/108 109/109/109
f 110/108/108 112/110/110 109/109/109
f 112/110/110 35/33/33 109/109/109
f 109/109/109 35/33/33 113/111/111
f 35/33/33 114/112/112 113/111/111
f 35/33/33 115/113/113 114/112/112
f 35/33/33 116/114/114 115/113/113
f 35/33/33 117/115/115 116/114/114
f 35/33/33 118/116/116 117/115/115
f 35/33/33 119/117/117 118/116/116
f 35/33/33 120/118/118 119/117/117
f 35/33/33 121/119/119 120/118/118
f 121/119/119 35/33/33 34/32/32
f 33/31/31 121/119/119 34/32/32
f 33/31/31 32/30/30 121/119/119
f 32/30/30 120/118/118 121/119/119
f 32/30/30 30/28/28 120/118/118
f 30/28/28 119/117/117 120/118/118
f 30/28/28 28/26/26 119/117/117
f 28/26/26 118/116/116 119/117/117
f 28/26/26 26/24/24 118/116/116
f 26/24/24 117/115/115 118/116/116
f 26/24/24 24/22/22 117/115/115
f 24/22/22 116/114/114 117/115/115
f 24/22/22 22/18/18 116/114/114
f 22/18/18 115/113/113 116/114/114
f 22/18/18 20/20/20 115/113/113
f 20/20/20 114/112/112 115/113/113
f 20/20/20 122/120/120 114/112/112
f 122/120/120 113/111/111 114/112/112
f 122/120/120 111/107/107 113/111/111
f 111/107/107 109/109/109 113/111/111
f 125/121/121 124/122/122 123/123/123
f 126/124/124 125/121/121 123/123/123
f 126/124/124 123/123/123 127/125/125
f 126/124/124 127/125/125 128/126/126
f 127/125/125 35/33/33 128/126/126
f 128/126/126 35/33/33 129/127/127
f 129/127/127 35/33/33 112/110/110
f 130/128/128 129/127/127 112/110/110
f 110/108/108 130/128/128 112/110/110
f 130/128/128 110/108/108 131/129/129
f 110/108/108 132/130/130 131/129/129
f 110/108/108 111/107/107 132/130/130
f 111/107/107 133/131/131 132/130/130
f 111/107/107 122/120/120 133/131/131
f 122/120/120 134/132/132 133/131/131
f 135/133/133 134/132/132 122/120/120
f 20/20/20 135/133/133 122/120/120
f 21/19/19 135/133/133 20/20/20
f 130/128/128 131/129/129 136/134/134
f 137/135/135 130/128/128 136/134/134
f 130/128/128 137/135/135 129/127/127
f 137/135/135 128/126/126 129/127/127
f 137/135/135 126/124/124 128/126/126
f 137/135/135 136/134/134 126/124/124
f 136/134/134 125/121/121 126/124/124
f 139/136/136 35/33/33 138/137/137
f 140/138/138 35/33/33 139/136/136
f 141/139/139 140/138/138 139/136/136
f 141/139/139 142/140/140 140/138/138
f 142/140/140 143/141/141 140/138/138
f 142/140/140 144/142/142 143/141/141
f 144/142/142 145/143/143 143/141/141
f 144/142/142 146/144/144 145/143/143
f 146/144/144 147/145/145 145/143/143
f 146/144/144 148/146/146 147/145/145
f 148/146/146 64/62/62 147/145/145
f 64/62/62 35/33/33 147/145/145
f 147/145/145 35/33/33 145/143/143
f 145/143/143 35/33/33 143/141/141
f 143/141/141 35/33/33 140/138/138
f 149/147/147 141/139/139 139/136/136
f 149/147/147 139/136/136 138/137/137
f 148/146/146 65/63/63 64/62/62
f 65/63/63 148/146/146 67/64/64
f 148/146/146 150/148/148 67/64/64
f 151/149/149 150/148/148 148/146/146
f 146/144/144 151/149/149 148/146/146
f 152/150/150 151/149/149 146/144/144
f 144/142/142 152/150/150 146/144/144
f 153/151/151 152/150/150 144/142/142
f 142/140/140 153/151/151 144/142/142
f 154/152/152 153/151/151 142/140/140
f 141/139/139 154/152/152 142/140/140
f 155/153/153 154/152/152 141/139/139
f 149/147/147 155/153/153 141/139/139
f 124/122/122 155/153/153 149/147/147
f 123/123/123 124/122/122 149/147/147
f 123/123/123 149/147/147 138/137/137
f 123/123/123 138/137/137 127/125/125
f 138/137/137 35/33/33 127/125/125
s 0
f 158/154/154 157/155/154 156/156/154
f 157/155/155 160/157/155 159/158/155
s 1
f 156/156/156 157/155/157 159/158/156
s 0
f 161/159/155 156/156/155 159/158/155
f 164/160/158 163/161/158 162/162/158
f 163/161/158 165/163/158 162/162/158
f 165/163/158 163/161/158 166/164/158
f 167/165/158 165/163/158 166/164/158
f 170/166/159 169/167/159 168/168/159
f 171/169/160 170/166/160 168/168/160
f 174/170/161 173/171/161 172/172/161
f 173/171/161 175/173/161 172/172/161
f 176/174/161 172/172/161 175/173/161
f 177/175/161 176/174/161 175/173/161
f 180/176/162 179/177/162 178/178/162
f 181/179/162 180/176/162 178/178/162
f 184/180/162 183/181/162 182/182/162
f 185/183/163 184/180/163 182/182/163
f 188/184/154 187/185/154 186/186/154
f 188/184/154 186/186/154 189/187/154
f 190/188/164 188/184/165 189/187/166
f 191/189/155 190/188/155 189/187/155
f 194/190/167 193/191/167 192/166/167
f 195/192/168 194/190/168 192/166/168
f 198/193/169 197/194/169 196/195/169
f 199/196/170 198/193/170 196/195/170
s 1
f 202/64/171 201/197/171 200/198/172
f 203/199/171 202/64/171 200/198/172
f 206/131/173 205/200/173 204/201/173
f 207/202/173 206/131/173 204/201/173
f 210/203/174 209/67/174 208/204/174
f 211/205/175 210/203/174 208/204/174
f 214/13/176 213/206/177 212/207/176
f 215/208/176 214/13/176 212/207/176
s 0
f 218/164/178 217/209/178 216/210/178
f 219/165/178 218/164/178 216/210/178
f 222/162/33 221/211/33 220/212/33
f 223/160/33 222/162/33 220/212/33
f 226/213/179 225/214/179 224/215/179
f 227/5/179 226/213/179 224/215/179
f 230/8/154 229/216/154 228/217/154
f 231/218/154 230/8/154 228/217/154
f 234/219/154 233/220/154 232/221/154
f 235/222/154 234/219/154 232/221/154
f 238/223/179 237/224/179 236/225/179
f 239/226/179 238/223/179 236/225/179
f 242/227/178 241/228/178 240/229/178
f 243/230/178 242/227/178 240/229/178
f 246/231/33 245/232/33 244/233/33
f 247/234/33 246/231/33 244/233/33
f 250/235/180 249/236/180 248/237/180
f 251/238/180 250/235/180 248/237/180
f 254/239/181 253/240/181 252/180/181
f 255/241/181 254/239/181 252/180/181
s 1
f 258/242/182 257/106/182 256/243/182
f 259/244/183 258/242/182 256/243/182
f 262/100/184 261/245/184 260/246/184
f 263/247/184 262/100/184 260/246/184
f 266/248/185 265/11/185 264/249/185
f 267/250/186 266/248/185 264/249/185
f 270/251/187 269/129/187 268/252/187
f 271/253/188 270/251/187 268/252/187
s 0
f 274/254/189 273/255/189 272/256/189
f 275/257/189 274/254/189 272/256/189
s 1
f 278/258/190 277/259/191 276/260/190
f 279/261/191 278/258/190 276/260/190
f 282/262/192 281/263/192 280/264/193
s 0
f 283/175/194 282/262/194 280/264/194
s 1
f 286/263/195 285/262/196 284/265/197
f 287/266/198 286/263/195 284/265/197
s 0
f 290/267/199 289/268/199 288/269/199
s 1
f 288/269/200 291/270/200 290/267/201
f 294/254/202 293/255/202 292/256/202
s 0
f 295/257/203 294/254/203 292/256/203
f 298/239/204 297/240/204 296/180/204
f 299/241/204 298/239/204 296/180/204
s 1
f 302/235/205 301/236/205 300/237/205
s 0
f 303/238/205 302/235/205 300/237/205
f 306/271/206 305/272/206 304/273/206
f 307/274/206 306/271/206 304/273/206
f 308/275/206 306/271/206 307/274/206
f 309/276/206 308/275/206 307/274/206
f 312/175/207 311/174/207 310/173/207
f 311/174/207 313/172/207 310/173/207
f 314/171/207 310/173/207 313/172/207
f 315/170/207 314/171/207 313/172/207
f 318/274/208 317/276/208 316/275/208
f 319/271/208 318/274/208 316/275/208
f 320/273/208 318/274/208 319/271/208
f 321/272/208 320/273/208 319/271/208
f 324/219/179 323/220/179 322/221/179
f 325/222/179 324/219/179 322/221/179
s 1
f 328/277/209 327/278/210 326/279/211
f 328/277/209 326/279/211 329/280/212
s 0
f 332/281/213 331/277/213 330/280/213
f 333/282/213 332/281/213 330/280/213
s 1
f 336/283/214 335/284/214 334/285/214
f 337/286/214 336/283/214 334/285/214
s 0
f 340/287/215 339/288/215 338/178/215
f 341/289/215 340/287/215 338/178/215
f 344/290/158 343/291/158 342/292/158
f 345/293/158 344/290/158 342/292/158
s 1
f 348/190/205 347/191/205 346/166/205
s 0
f 349/192/205 348/190/205 346/166/205
f 352/223/154 351/224/154 350/225/154
f 353/226/154 352/223/154 350/225/154
f 356/227/158 355/228/158 354/229/158
f 357/230/158 356/227/158 354/229/158
s 1
f 360/251/216 359/129/216 358/252/216
f 361/253/217 360/251/216 358/252/216
f 364/248/218 363/11/218 362/249/218
f 365/250/219 364/248/218 362/249/218
f 368/100/220 367/245/220 366/246/220
f 369/247/220 368/100/220 366/246/220
f 372/242/221 371/106/221 370/243/221
f 373/244/222 372/242/221 370/243/221
f 376/294/223 375/295/224 374/296/225
f 377/297/226 376/294/223 374/296/225
f 379/298/178 378/234/227 375/295/224
f 376/294/223 379/298/178 375/295/224
f 379/298/178 376/294/223 380/299/228
f 376/294/223 381/297/229 380/299/228
f 381/297/229 382/300/230 380/299/228
f 383/227/231 379/298/178 380/299/228
s 0
f 386/231/213 385/232/213 384/233/213
f 387/234/213 386/231/213 384/233/213
s 1
f 390/301/232 389/230/233 388/302/234
f 391/303/232 390/301/232 388/302/234
f 390/301/232 391/303/232 392/304/235
f 391/303/232 393/305/236 392/304/235
f 391/303/232 388/302/234 394/306/237
f 395/231/238 390/301/232 392/304/235
s 0
f 398/227/158 397/228/158 396/229/158
f 399/230/158 398/227/158 396/229/158
s 1
f 402/307/239 401/308/240 400/309/241
f 403/310/242 402/307/239 400/309/241
f 405/311/158 404/226/243 401/308/240
f 402/307/239 405/311/158 401/308/240
f 405/311/158 402/307/239 406/312/244
f 402/307/239 407/310/245 406/312/244
f 407/310/245 408/313/246 406/312/244
f 409/219/247 405/311/158 406/312/244
s 0
f 412/223/178 411/224/178 410/225/178
f 413/226/178 412/223/178 410/225/178
s 1
f 416/314/213 415/222/248 414/315/248
f 417/316/213 416/314/213 414/315/248
f 416/314/213 417/316/213 418/317/249
f 417/316/213 419/318/249 418/317/249
f 417/316/213 414/315/248 420/319/248
f 421/223/249 416/314/213 418/317/249
s 0
f 424/219/33 423/220/33 422/221/33
f 425/222/33 424/219/33 422/221/33
s 1
f 428/320/250 427/321/251 426/322/252
f 429/323/253 428/320/250 426/322/252
f 431/324/213 430/218/254 427/321/251
f 428/320/250 431/324/213 427/321/251
f 431/324/213 428/320/250 432/325/255
f 428/320/250 433/323/256 432/325/255
s 0
f 433/323/257 434/326/257 432/325/257
s 1
f 435/213/258 431/324/213 432/325/255
s 0
f 438/8/33 437/216/33 436/217/33
f 439/218/33 438/8/33 436/217/33
s 1
f 442/4/259 441/5/260 440/2/261
f 443/1/259 442/4/259 440/2/261
f 442/4/259 443/1/259 444/6/262
f 443/1/259 445/7/263 444/6/262
f 443/1/259 440/2/261 446/3/264
f 447/8/265 442/4/259 444/6/262
s 0
f 450/213/178 449/214/178 448/215/178
f 451/5/178 450/213/178 448/215/178
s 1
f 454/161/266 453/164/267 452/327/268
f 455/328/266 454/161/266 452/327/268
f 454/161/266 455/328/266 456/329/269
f 455/328/266 457/330/270 456/329/269
f 455/328/266 452/327/268 458/331/271
f 459/160/272 454/161/266 456/329/269
s 0
f 462/162/213 461/211/213 460/212/213
f 463/160/213 462/162/213 460/212/213
s 1
f 466/332/33 465/333/273 464/334/274
f 467/335/275 466/332/33 464/334/274
f 469/163/33 468/165/276 465/333/273
f 466/332/33 469/163/33 465/333/273
f 469/163/33 466/332/33 470/336/277
f 466/332/33 471/335/278 470/336/277
f 471/335/278 472/337/279 470/336/277
f 473/162/280 469/163/33 470/336/277
s 0
f 476/164/158 475/209/158 474/210/158
f 477/165/158 476/164/158 474/210/158
s 1
f 480/13/281 479/206/281 478/207/281
f 481/208/281 480/13/281 478/207/281
f 484/203/282 483/67/282 482/204/282
f 485/205/283 484/203/282 482/204/282
f 488/131/284 487/200/284 486/201/284
f 489/202/284 488/131/284 486/201/284
f 492/64/285 491/197/285 490/198/285
f 493/199/285 492/64/285 490/198/285
s 0
f 496/193/286 495/194/286 494/195/286
f 497/196/286 496/193/286 494/195/286
s 1
f 500/190/287 499/191/287 498/166/287
s 0
f 501/192/287 500/190/287 498/166/287
f 504/287/288 503/288/288 502/178/288
f 505/289/288 504/287/288 502/178/288
s 1
f 508/283/289 507/284/289 506/285/289
s 0
f 509/286/289 508/283/289 506/285/289
f 512/235/287 511/236/287 510/237/287
s 1
f 513/238/287 512/235/287 510/237/287
s 0
f 516/239/286 515/240/286 514/180/286
f 517/241/286 516/239/286 514/180/286
s 1
f 520/254/288 519/255/288 518/256/288
s 0
f 521/257/288 520/254/288 518/256/288
s 1
f 524/277/290 523/278/291 522/279/292
f 524/277/290 522/279/292 525/280/293
s 0
f 528/291/158 527/338/158 526/292/158
f 529/290/158 528/291/158 526/292/158
f 530/293/158 529/290/158 526/292/158
f 533/177/213 532/238/213 531/237/213
f 533/177/213 531/237/213 534/339/213
f 533/177/213 534/339/213 535/340/213
f 533/177/213 535/340/213 536/341/213
f 533/177/213 536/341/213 537/289/213
f 538/178/213 533/177/213 537/289/213
f 541/183/213 540/257/213 539/256/213
f 541/183/213 539/256/213 542/342/213
f 541/183/213 542/342/213 543/343/213
f 541/183/213 543/343/213 544/344/213
f 541/183/213 544/344/213 545/241/213
f 541/183/213 545/241/213 546/180/213
f 549/218/158 548/324/158 547/8/158
f 548/324/158 550/4/158 547/8/158
f 550/4/158 548/324/158 551/213/158
f 552/5/158 550/4/158 551/213/158
s 1
f 555/345/294 554/346/295 553/347/296
f 556/348/297 555/345/294 553/347/296
s 0
f 559/349/289 558/350/289 557/351/289
f 560/352/289 559/349/289 557/351/289
s 1
f 563/353/298 562/267/299 561/270/300
f 564/171/298 563/353/298 561/270/300
f 563/353/298 564/171/298 565/354/301
s 0
f 568/226/158 567/311/158 566/223/158
f 567/311/158 569/314/158 566/223/158
f 569/314/158 567/311/158 570/219/158
f 571/222/158 569/314/158 570/219/158
f 574/269/302 573/270/302 572/267/302
s 1
f 572/267/302 575/268/303 574/269/303
f 578/263/304 577/262/305 576/265/306
f 579/266/307 578/263/304 576/265/306
f 582/258/308 581/259/309 580/260/309
f 583/261/308 582/258/308 580/260/309
s 0
f 586/169/213 585/286/213 584/285/213
f 586/169/213 584/285/213 587/355/213
f 586/169/213 587/355/213 588/356/213
f 586/169/213 588/356/213 589/357/213
f 586/169/213 589/357/213 590/192/213
f 591/166/213 586/169/213 590/192/213
f 594/193/204 593/194/204 592/195/204
s 1
f 595/196/204 594/193/204 592/195/204
s 0
f 598/258/154 597/259/154 596/260/154
f 599/261/157 598/258/157 596/260/157
s 1
f 602/251/310 601/129/310 600/252/310
f 603/253/311 602/251/310 600/252/310
f 606/248/312 605/11/312 604/249/312
f 607/250/313 606/248/312 604/249/312
s 0
f 610/264/314 609/358/314 608/175/314
s 1
f 608/175/314 611/262/315 610/264/314
f 611/262/315 612/263/315 610/264/314
s 0
f 615/234/158 614/298/158 613/231/158
f 614/298/158 616/301/158 613/231/158
f 616/301/158 614/298/158 617/227/158
f 618/230/158 616/301/158 617/227/158
s 1
f 621/359/316 620/360/317 619/361/318
f 621/359/316 619/361/318 622/362/319
f 625/100/320 624/245/320 623/246/320
f 626/247/320 625/100/320 623/246/320
f 629/242/321 628/106/321 627/243/321
f 630/244/322 629/242/321 627/243/321
f 633/64/323 632/197/323 631/198/324
f 634/199/323 633/64/323 631/198/324
f 637/131/325 636/200/326 635/201/325
f 638/202/325 637/131/325 635/201/325
f 641/203/327 640/67/327 639/204/327
f 642/205/328 641/203/327 639/204/327
f 645/13/329 644/206/329 643/207/329
f 646/208/329 645/13/329 643/207/329
s 0
f 649/363/158 648/359/158 647/362/158
f 650/273/158 649/363/158 647/362/158
f 653/364/213 652/365/213 651/276/213
f 654/366/213 653/364/213 651/276/213
s 1
f 657/294/330 656/295/331 655/296/332
f 658/297/333 657/294/330 655/296/332
f 660/298/33 659/234/334 656/295/331
f 657/294/330 660/298/33 656/295/331
f 660/298/33 657/294/330 661/299/335
f 657/294/330 662/297/336 661/299/335
f 662/297/336 663/300/337 661/299/335
f 664/227/338 660/298/33 661/299/335
s 0
f 667/231/213 666/232/213 665/233/213
f 668/234/213 667/231/213 665/233/213
s 1
f 671/301/339 670/230/340 669/302/341
f 672/303/339 671/301/339 669/302/341
f 671/301/339 672/303/339 673/304/271
f 672/303/339 674/305/271 673/304/271
f 672/303/339 669/302/341 675/306/270
f 676/231/342 671/301/339 673/304/271
s 0
f 679/227/158 678/228/158 677/229/158
f 680/230/158 679/227/158 677/229/158
s 1
f 683/307/343 682/308/344 681/309/345
f 684/310/346 683/307/343 681/309/345
f 686/311/158 685/226/247 682/308/344
f 683/307/343 686/311/158 682/308/344
f 686/311/158 683/307/343 687/312/347
f 683/307/343 688/310/348 687/312/347
f 688/310/348 689/313/349 687/312/347
f 690/219/243 686/311/158 687/312/347
s 0
f 693/223/33 692/224/33 691/225/33
f 694/226/33 693/223/33 691/225/33
s 1
f 697/314/213 696/222/249 695/315/249
f 698/316/213 697/314/213 695/315/249
f 697/314/213 698/316/213 699/317/248
f 698/316/213 700/318/248 699/317/248
f 698/316/213 695/315/249 701/319/249
f 702/223/248 697/314/213 699/317/248
s 0
f 705/219/178 704/220/178 703/221/178
f 706/222/178 705/219/178 703/221/178
s 1
f 709/320/350 708/321/351 707/322/352
f 710/323/353 709/320/350 707/322/352
f 712/324/213 711/218/258 708/321/351
f 709/320/350 712/324/213 708/321/351
f 712/324/213 709/320/350 713/325/354
f 709/320/350 714/323/355 713/325/354
f 714/323/355 715/326/356 713/325/354
f 716/213/254 712/324/213 713/325/354
s 0
f 719/8/178 718/216/178 717/217/178
f 720/218/178 719/8/178 717/217/178
s 1
f 723/4/357 722/5/265 721/2/358
f 724/1/357 723/4/357 721/2/358
f 723/4/357 724/1/357 725/6/359
f 724/1/357 726/7/264 725/6/359
f 724/1/357 721/2/358 727/3/263
f 728/8/260 723/4/357 725/6/359
s 0
f 731/349/360 730/350/360 729/351/360
f 732/352/360 731/349/360 729/351/360
f 735/213/33 734/214/33 733/215/33
f 736/5/33 735/213/33 733/215/33
s 1
f 739/161/361 738/164/362 737/327/363
f 740/328/361 739/161/361 737/327/363
f 739/161/361 740/328/361 741/329/364
f 740/328/361 742/330/237 741/329/364
f 740/328/361 737/327/363 743/331/236
f 744/160/365 739/161/361 741/329/364
s 0
f 747/162/213 746/211/213 745/212/213
f 748/160/213 747/162/213 745/212/213
s 1
f 751/353/366 750/267/367 749/270/367
f 752/171/366 751/353/366 749/270/367
s 0
f 755/349/368 754/350/368 753/351/368
f 756/352/369 755/349/369 753/351/369
f 759/287/370 758/288/370 757/178/370
s 1
f 760/289/371 759/287/371 757/178/371
s 0
f 763/283/372 762/284/372 761/285/372
f 764/286/373 763/283/373 761/285/373
s 1
f 767/346/374 766/367/375 765/368/376
f 767/346/374 765/368/376 768/347/377
f 771/369/378 770/256/379 769/370/380
f 770/256/379 771/369/378 772/371/381
f 773/342/381 770/256/379 772/371/381
f 773/342/381 772/371/381 774/372/382
f 775/343/382 773/342/381 774/372/382
f 775/343/382 774/372/382 776/373/383
f 777/344/383 775/343/382 776/373/383
f 777/344/383 776/373/383 778/374/384
f 779/241/385 777/344/383 778/374/384
f 780/375/386 779/241/385 778/374/384
f 783/376/387 782/237/388 781/377/389
f 782/237/388 783/376/387 784/378/390
f 785/339/390 782/237/388 784/378/390
f 785/339/390 784/378/390 786/379/391
f 787/340/391 785/339/390 786/379/391
f 787/340/391 786/379/391 788/380/392
f 789/341/392 787/340/391 788/380/392
f 789/341/392 788/380/392 790/381/393
f 791/289/394 789/341/392 790/381/393
f 792/382/395 791/289/394 790/381/393
s 0
f 795/383/179 794/384/179 793/385/179
f 795/383/179 793/385/179 796/386/179
f 797/387/396 795/383/396 796/386/396
f 798/388/397 797/387/397 796/386/397
s 1
f 801/389/398 800/195/399 799/390/400
f 800/195/399 801/389/398 802/391/401
f 803/392/401 800/195/399 802/391/401
f 803/392/401 802/391/401 804/393/402
f 805/394/402 803/392/401 804/393/402
f 805/394/402 804/393/402 806/395/403
f 807/396/403 805/394/402 806/395/403
f 807/396/403 806/395/403 808/397/404
f 809/352/405 807/396/403 808/397/404
f 810/398/406 809/352/405 808/397/404
f 813/399/407 812/285/408 811/400/409
f 812/285/408 813/399/407 814/401/410
f 815/355/410 812/285/408 814/401/410
f 815/355/410 814/401/410 816/402/411
f 817/356/411 815/355/410 816/402/411
f 817/356/411 816/402/411 818/403/412
f 819/357/412 817/356/411 818/403/412
f 819/357/412 818/403/412 820/404/413
f 821/192/414 819/357/412 820/404/413
f 822/405/415 821/192/414 820/404/413
s 0
f 825/235/416 824/236/416 823/237/416
f 826/238/417 825/235/417 823/237/417
f 829/239/418 828/240/418 827/180/418
f 830/241/419 829/239/419 827/180/419
f 833/8/179 832/216/179 831/217/179
f 834/218/179 833/8/179 831/217/179
f 837/406/179 836/407/179 835/29/179
f 837/406/179 835/29/179 838/408/179
f 838/408/179 835/29/179 839/17/179
f 840/409/179 838/408/179 839/17/179
f 840/409/179 839/17/179 841/11/179
f 842/248/179 840/409/179 841/11/179
f 845/200/179 844/131/179 843/132/179
f 846/410/179 845/200/179 843/132/179
f 846/410/179 843/132/179 847/133/179
f 848/411/179 846/410/179 847/133/179
f 848/411/179 847/133/179 849/412/179
f 849/412/179 847/133/179 850/19/179
f 851/413/179 849/412/179 850/19/179
f 851/413/179 850/19/179 852/414/179
f 852/414/179 850/19/179 853/21/179
f 854/415/179 852/414/179 853/21/179
f 854/415/179 853/21/179 855/23/179
f 856/416/179 854/415/179 855/23/179
f 856/416/179 855/23/179 857/25/179
f 858/417/179 856/416/179 857/25/179
f 858/417/179 857/25/179 859/27/179
f 860/418/179 858/417/179 859/27/179
f 860/418/179 859/27/179 836/407/179
f 836/407/179 859/27/179 835/29/179
s 1
f 863/161/420 862/164/421 861/327/422
f 865/328/420 861/327/422 864/331/423
f 865/328/420 863/161/420 861/327/422
f 863/161/420 865/328/420 866/329/424
f 867/160/425 863/161/420 866/329/424
f 865/328/420 868/330/426 866/329/424
f 871/4/427 870/5/428 869/2/429
f 873/1/427 869/2/429 872/3/430
f 873/1/427 871/4/427 869/2/429
f 871/4/427 873/1/427 874/6/431
f 875/8/432 871/4/427 874/6/431
f 873/1/427 876/7/433 874/6/431
f 879/314/33 878/222/434 877/315/434
f 881/316/33 877/315/434 880/319/434
f 881/316/33 879/314/33 877/315/434
f 879/314/33 881/316/33 882/317/435
f 883/223/435 879/314/33 882/317/435
f 881/316/33 884/318/435 882/317/435
f 887/301/156 886/230/436 885/302/437
f 889/303/156 885/302/437 888/306/438
f 889/303/156 887/301/156 885/302/437
f 887/301/156 889/303/156 890/304/439
f 891/231/440 887/301/156 890/304/439
f 889/303/156 892/305/441 890/304/439
f 895/310/442 894/307/443 893/309/444
f 894/307/443 896/308/444 893/309/444
f 894/307/443 897/311/178 896/308/444
f 897/311/178 898/226/445 896/308/444
f 901/310/446 900/313/447 899/312/448
f 894/307/443 901/310/446 899/312/448
f 897/311/178 894/307/443 899/312/448
f 902/219/448 897/311/178 899/312/448
f 905/262/449 904/263/449 903/264/450
f 906/175/450 905/262/449 903/264/450
s 0
f 909/193/181 908/194/181 907/195/181
f 910/196/451 909/193/451 907/195/451
f 913/289/179 912/178/179 911/177/179
f 911/177/179 914/341/179 913/289/179
f 915/340/179 914/341/179 911/177/179
f 911/177/179 916/339/179 915/340/179
f 911/177/179 917/237/179 916/339/179
f 911/177/179 918/238/179 917/237/179
f 921/183/179 920/257/179 919/256/179
f 921/183/179 919/256/179 922/342/179
f 921/183/179 922/342/179 923/343/179
f 921/183/179 923/343/179 924/344/179
f 921/183/179 924/344/179 925/241/179
f 921/183/179 925/241/179 926/180/179
s 1
f 929/335/452 928/332/154 927/334/453
f 928/332/154 930/333/454 927/334/453
f 928/332/154 931/163/154 930/333/454
f 931/163/154 932/165/455 930/333/454
f 935/335/456 934/337/457 933/336/458
f 928/332/154 935/335/456 933/336/458
f 931/163/154 928/332/154 933/336/458
f 936/162/459 931/163/154 933/336/458
s 0
f 939/195/179 938/419/179 937/196/179
f 938/419/179 939/195/179 940/392/179
f 938/419/179 940/392/179 941/394/179
f 938/419/179 941/394/179 942/396/179
f 938/419/179 942/396/179 943/352/179
f 944/351/179 938/419/179 943/352/179
s 1
f 947/323/460 946/320/461 945/322/462
f 946/320/461 948/321/463 945/322/462
f 946/320/461 949/324/33 948/321/463
f 949/324/33 950/218/464 948/321/463
f 953/323/465 952/326/466 951/325/467
f 946/320/461 953/323/465 951/325/467
f 949/324/33 946/320/461 951/325/467
f 954/213/468 949/324/33 951/325/467
s 0
f 957/192/179 956/166/179 955/169/179
f 955/169/179 958/357/179 957/192/179
f 955/169/179 959/356/179 958/357/179
f 955/169/179 960/355/179 959/356/179
f 961/285/179 960/355/179 955/169/179
f 961/285/179 955/169/179 962/286/179
f 965/420/469 964/421/179 963/422/179
f 965/420/179 963/422/179 966/423/179
f 967/424/470 965/420/470 966/423/470
f 968/425/471 967/424/471 966/423/471
s 1
f 971/294/472 970/295/473 969/296/474
f 972/297/475 971/294/472 969/296/474
f 975/297/476 974/300/477 973/299/477
f 971/294/472 975/297/476 973/299/477
f 976/298/179 971/294/472 973/299/477
f 971/294/472 976/298/179 970/295/473
f 976/298/179 977/234/478 970/295/473
f 978/227/479 976/298/179 973/299/477
s 0
f 981/231/178 980/232/178 979/233/178
f 982/234/178 981/231/178 979/233/178
s 1
f 985/301/480 984/230/481 983/302/482
f 986/303/480 985/301/480 983/302/482
f 985/301/480 986/303/480 987/304/437
f 986/303/480 988/305/438 987/304/437
f 986/303/480 983/302/482 989/306/441
f 990/231/483 985/301/480 987/304/437
s 0
f 993/227/33 992/228/33 991/229/33
f 994/230/33 993/227/33 991/229/33
s 1
f 997/307/484 996/308/485 995/309/486
f 998/310/487 997/307/484 995/309/486
f 1000/311/33 999/226/488 996/308/485
f 997/307/484 1000/311/33 996/308/485
f 1000/311/33 997/307/484 1001/312/489
f 997/307/484 1002/310/490 1001/312/489
f 1002/310/490 1003/313/491 1001/312/489
f 1004/219/492 1000/311/33 1001/312/489
s 0
f 1007/223/179 1006/224/179 1005/225/179
f 1008/226/179 1007/223/179 1005/225/179
s 1
f 1011/314/178 1010/222/433 1009/315/433
f 1012/316/178 1011/314/178 1009/315/433
f 1011/314/178 1012/316/178 1013/317/430
f 1012/316/178 1014/318/430 1013/317/430
f 1012/316/178 1009/315/433 1015/319/433
f 1016/223/430 1011/314/178 1013/317/430
s 0
f 1019/219/154 1018/220/154 1017/221/154
f 1020/222/154 1019/219/154 1017/221/154
s 1
f 1023/320/493 1022/321/494 1021/322/495
f 1024/323/496 1023/320/493 1021/322/495
f 1026/324/178 1025/218/497 1022/321/494
f 1023/320/493 1026/324/178 1022/321/494
f 1026/324/178 1023/320/493 1027/325/498
f 1023/320/493 1028/323/499 1027/325/498
f 1028/323/499 1029/326/500 1027/325/498
f 1030/213/501 1026/324/178 1027/325/498
s 0
f 1033/8/154 1032/216/154 1031/217/154
f 1034/218/154 1033/8/154 1031/217/154
s 1
f 1037/4/502 1036/5/503 1035/2/504
f 1038/1/502 1037/4/502 1035/2/504
f 1037/4/502 1038/1/502 1039/6/505
f 1038/1/502 1040/7/434 1039/6/505
f 1038/1/502 1035/2/504 1041/3/435
f 1042/8/506 1037/4/502 1039/6/505
s 0
f 1045/213/179 1044/214/179 1043/215/179
f 1046/5/179 1045/213/179 1043/215/179
s 1
f 1049/161/397 1048/164/425 1047/327/507
f 1050/328/397 1049/161/397 1047/327/507
f 1049/161/397 1050/328/397 1051/329/508
f 1050/328/397 1052/330/423 1051/329/508
f 1050/328/397 1047/327/507 1053/331/426
f 1054/160/421 1049/161/397 1051/329/508
s 0
f 1057/162/178 1056/211/178 1055/212/178
f 1058/160/178 1057/162/178 1055/212/178
f 1061/426/213 1060/427/213 1059/428/213
f 1060/427/213 1062/429/213 1059/428/213
f 1062/429/213 1063/430/213 1059/428/213
f 1064/431/213 1059/428/213 1063/430/213
f 1067/383/213 1066/384/213 1065/385/213
f 1067/383/213 1065/385/213 1068/386/213
f 1069/387/213 1067/383/213 1068/386/213
f 1070/388/213 1069/387/213 1068/386/213
s 1
f 1073/363/509 1072/359/509 1071/362/510
f 1074/273/509 1073/363/509 1071/362/510
f 1073/363/509 1074/273/509 1075/432/511
f 1078/297/512 1077/294/513 1076/296/514
f 1077/294/513 1079/295/515 1076/296/514
f 1077/294/513 1080/298/179 1079/295/515
f 1080/298/179 1081/234/479 1079/295/515
f 1084/297/516 1083/300/517 1082/299/518
f 1077/294/513 1084/297/516 1082/299/518
f 1080/298/179 1077/294/513 1082/299/518
f 1085/227/478 1080/298/179 1082/299/518
f 1088/369/519 1087/256/520 1086/370/521
f 1087/256/520 1088/369/519 1089/371/522
f 1090/342/522 1087/256/520 1089/371/522
f 1090/342/522 1089/371/522 1091/372/523
f 1092/343/523 1090/342/522 1091/372/523
f 1092/343/523 1091/372/523 1093/373/524
f 1094/344/524 1092/343/523 1093/373/524
f 1094/344/524 1093/373/524 1095/374/525
f 1096/241/526 1094/344/524 1095/374/525
f 1097/375/527 1096/241/526 1095/374/525
f 1100/248/528 1099/11/528 1098/249/528
f 1101/250/529 1100/248/528 1098/249/528
f 1104/251/530 1103/129/530 1102/252/530
f 1105/253/531 1104/251/530 1102/252/530
s 0
f 1108/363/158 1107/359/158 1106/362/158
f 1109/273/158 1108/363/158 1106/362/158
f 1108/363/158 1109/273/158 1110/432/158
f 1113/235/532 1112/238/532 1111/433/532
f 1116/434/213 1115/88/213 1114/89/213
f 1117/435/213 1115/88/213 1116/434/213
f 1117/435/213 1118/436/213 1115/88/213
f 1118/436/213 1119/87/213 1115/88/213
f 1118/436/213 1120/206/213 1119/87/213
f 1120/206/213 1121/13/213 1119/87/213
f 1124/106/213 1123/242/213 1122/437/213
f 1125/95/213 1124/106/213 1122/437/213
f 1126/94/213 1125/95/213 1122/437/213
f 1127/438/213 1126/94/213 1122/437/213
f 1128/439/213 1126/94/213 1127/438/213
f 1128/439/213 1129/440/213 1126/94/213
f 1129/440/213 1130/93/213 1126/94/213
f 1131/441/213 1130/93/213 1129/440/213
f 1131/441/213 1132/442/213 1130/93/213
f 1132/442/213 1133/92/213 1130/93/213
f 1132/442/213 1134/443/213 1133/92/213
f 1134/443/213 1135/91/213 1133/92/213
f 1134/443/213 1136/444/213 1135/91/213
f 1136/444/213 1137/90/213 1135/91/213
f 1136/444/213 1138/445/213 1137/90/213
f 1138/445/213 1114/89/213 1137/90/213
f 1139/446/213 1114/89/213 1138/445/213
f 1139/446/213 1116/434/213 1114/89/213
s 1
f 1142/171/533 1141/270/534 1140/173/535
f 1141/270/534 1143/269/536 1140/173/535
f 1144/447/537 1140/173/535 1143/269/536
f 1145/448/538 1140/173/535 1144/447/537
f 1146/449/539 1140/173/535 1145/448/538
f 1147/265/535 1140/173/535 1146/449/539
f 1148/175/540 1140/173/535 1147/265/535
f 1149/262/541 1148/175/540 1147/265/535
s 0
f 1153/335/542 1152/337/542 1151/336/542
s 1
f 1154/332/543 1153/335/544 1151/336/545
f 1157/163/179 1156/165/546 1155/333/547
f 1158/332/547 1157/163/179 1155/333/547
f 1157/163/179 1158/332/547 1150/336/548
f 1159/162/549 1157/163/179 1150/336/548
f 1158/332/547 1155/333/547 1160/334/550
f 1161/335/551 1158/332/547 1160/334/550
s 0
f 1164/450/552 1163/451/552 1162/351/552
f 1167/412/213 1166/133/213 1165/19/213
f 1168/411/213 1166/133/213 1167/412/213
f 1168/411/213 1169/410/213 1166/133/213
f 1169/410/213 1170/132/213 1166/133/213
f 1169/410/213 1171/200/213 1170/132/213
f 1171/200/213 1172/131/213 1170/132/213
f 1175/248/213 1174/409/213 1173/11/213
f 1174/409/213 1176/17/213 1173/11/213
f 1174/409/213 1177/408/213 1176/17/213
f 1177/408/213 1178/29/213 1176/17/213
f 1179/406/213 1178/29/213 1177/408/213
f 1179/406/213 1180/407/213 1178/29/213
f 1180/407/213 1181/27/213 1178/29/213
f 1182/418/213 1181/27/213 1180/407/213
f 1182/418/213 1183/417/213 1181/27/213
f 1183/417/213 1184/25/213 1181/27/213
f 1183/417/213 1185/416/213 1184/25/213
f 1185/416/213 1186/23/213 1184/25/213
f 1185/416/213 1187/415/213 1186/23/213
f 1187/415/213 1188/21/213 1186/23/213
f 1187/415/213 1189/414/213 1188/21/213
f 1189/414/213 1165/19/213 1188/21/213
f 1190/413/213 1165/19/213 1189/414/213
f 1190/413/213 1167/412/213 1165/19/213
s 1
f 1193/345/553 1192/346/554 1191/347/554
f 1194/348/555 1193/345/553 1191/347/554
s 0
f 1197/267/556 1196/268/556 1195/269/556
f 1195/269/557 1198/270/557 1197/267/557
f 1201/452/558 1200/292/558 1199/453/558
f 1202/454/558 1201/452/558 1199/453/558
s 1
f 1201/452/559 1202/454/559 1203/455/559
s 0
f 1204/282/560 1201/452/560 1203/455/560
f 1207/456/561 1206/179/561 1205/178/561
s 1
f 1210/457/562 1209/458/563 1208/459/564
f 1209/458/563 1211/460/565 1208/459/564
f 1212/461/566 1208/459/564 1211/460/565
f 1213/462/567 1212/461/566 1211/460/565
f 1214/463/568 1212/461/566 1213/462/567
f 1215/464/178 1214/463/568 1213/462/567
f 1218/465/569 1217/466/154 1216/467/570
f 1219/468/571 1218/465/569 1216/467/570
f 1220/469/572 1219/468/571 1216/467/570
f 1221/470/573 1220/469/572 1216/467/570
f 1220/469/572 1221/470/573 1222/471/574
f 1221/470/573 1223/472/575 1222/471/574
f 1222/471/574 1223/472/575 1224/473/576
f 1223/472/575 1225/474/577 1224/473/576
f 1224/473/576 1225/474/577 1226/475/578
f 1225/474/577 1227/476/579 1226/475/578
f 1226/475/578 1227/476/579 1228/477/580
f 1227/476/579 1229/478/581 1228/477/580
f 1228/477/580 1229/478/581 1230/479/582
f 1229/478/581 1231/480/583 1230/479/582
f 1230/479/582 1231/480/583 1232/481/584
f 1231/480/583 1233/482/585 1232/481/584
f 1232/481/584 1233/482/585 1210/457/562
f 1233/482/585 1209/458/563 1210/457/562
f 1236/483/586 1235/484/587 1234/485/588
f 1235/484/587 1237/486/589 1234/485/588
f 1234/485/588 1237/486/589 1238/487/590
f 1237/486/589 1239/488/591 1238/487/590
f 1238/487/590 1239/488/591 1240/489/592
f 1239/488/591 1241/490/208 1240/489/592
f 1240/489/592 1241/490/208 1242/491/593
f 1241/490/208 1243/492/594 1242/491/593
f 1242/491/593 1243/492/594 1244/493/595
f 1243/492/594 1245/494/596 1244/493/595
f 1244/493/595 1245/494/596 1246/495/597
f 1245/494/596 1247/496/598 1246/495/597
f 1246/495/597 1247/496/598 1248/497/599
f 1247/496/598 1249/498/600 1248/497/599
f 1250/499/601 1248/497/599 1249/498/600
f 1251/500/602 1250/499/601 1249/498/600
f 1218/465/569 1250/499/601 1251/500/602
f 1217/466/154 1218/465/569 1251/500/602
f 1254/501/603 1253/502/604 1252/503/605
f 1253/502/604 1255/504/606 1252/503/605
f 1252/503/605 1255/504/606 1256/505/607
f 1255/504/606 1257/506/608 1256/505/607
f 1256/505/607 1257/506/608 1258/507/609
f 1257/506/608 1259/508/610 1258/507/609
f 1258/507/609 1259/508/610 1260/509/611
f 1259/508/610 1261/510/612 1260/509/611
f 1262/511/613 1260/509/611 1261/510/612
f 1263/512/614 1262/511/613 1261/510/612
f 1264/513/615 1262/511/613 1263/512/614
f 1265/514/33 1264/513/615 1263/512/614
f 1264/513/615 1265/514/33 1266/515/616
f 1267/516/617 1264/513/615 1266/515/616
f 1268/517/618 1267/516/617 1266/515/616
f 1269/518/619 1268/517/618 1266/515/616
f 1268/517/618 1269/518/619 1236/483/586
f 1269/518/619 1235/484/587 1236/483/586
f 1272/519/620 1271/520/621 1270/521/622
f 1271/520/621 1273/522/623 1270/521/622
f 1274/523/624 1270/521/622 1273/522/623
f 1275/524/625 1274/523/624 1273/522/623
f 1276/525/626 1274/523/624 1275/524/625
f 1277/526/179 1276/525/626 1275/524/625
f 1276/525/626 1277/526/179 1278/527/627
f 1279/528/628 1276/525/626 1278/527/627
f 1280/529/629 1279/528/628 1278/527/627
f 1281/530/630 1280/529/629 1278/527/627
f 1280/529/629 1281/530/630 1282/531/631
f 1283/532/632 1280/529/629 1282/531/631
f 1283/532/632 1282/531/631 1284/533/633
f 1285/534/634 1283/532/632 1284/533/633
f 1285/534/634 1284/533/633 1286/535/635
f 1287/536/636 1285/534/634 1286/535/635
f 1287/536/636 1286/535/635 1253/502/604
f 1254/501/603 1287/536/636 1253/502/604
f 1290/537/568 1289/538/178 1288/539/637
f 1291/540/638 1290/537/568 1288/539/637
f 1292/541/639 1291/540/638 1288/539/637
f 1293/542/640 1292/541/639 1288/539/637
f 1292/541/639 1293/542/640 1294/543/641
f 1293/542/640 1295/544/642 1294/543/641
f 1294/543/641 1295/544/642 1296/545/643
f 1295/544/642 1297/546/644 1296/545/643
f 1296/545/643 1297/546/644 1298/547/645
f 1297/546/644 1299/548/646 1298/547/645
f 1298/547/645 1299/548/646 1300/549/647
f 1299/548/646 1301/550/648 1300/549/647
f 1300/549/647 1301/550/648 1302/551/649
f 1301/550/648 1303/552/650 1302/551/649
f 1302/551/649 1303/552/650 1304/553/651
f 1303/552/650 1305/554/652 1304/553/651
f 1304/553/651 1305/554/652 1272/519/620
f 1305/554/652 1271/520/621 1272/519/620
s 0
f 1308/450/653 1307/451/653 1306/351/653
s 1
f 1311/389/654 1310/195/655 1309/390/656
f 1310/195/655 1311/389/654 1312/391/657
f 1313/392/657 1310/195/655 1312/391/657
f 1313/392/657 1312/391/657 1314/393/658
f 1315/394/658 1313/392/657 1314/393/658
f 1315/394/658 1314/393/658 1316/395/659
f 1317/396/659 1315/394/658 1316/395/659
f 1317/396/659 1316/395/659 1318/397/660
f 1319/352/661 1317/396/659 1318/397/660
f 1320/398/662 1319/352/661 1318/397/660
f 1323/399/663 1322/285/664 1321/400/665
f 1322/285/664 1323/399/663 1324/401/666
f 1325/355/666 1322/285/664 1324/401/666
f 1325/355/666 1324/401/666 1326/402/667
f 1327/356/667 1325/355/666 1326/402/667
f 1327/356/667 1326/402/667 1328/403/668
f 1329/357/668 1327/356/667 1328/403/668
f 1329/357/668 1328/403/668 1330/404/669
f 1331/192/670 1329/357/668 1330/404/669
f 1332/405/671 1331/192/670 1330/404/669
s 0
f 1335/256/154 1334/183/154 1333/257/154
f 1334/183/154 1335/256/154 1336/342/154
f 1334/183/154 1336/342/154 1337/343/154
f 1337/343/154 1338/344/154 1334/183/154
f 1334/183/154 1338/344/154 1339/241/154
f 1339/241/154 1340/180/154 1334/183/154
f 1343/193/672 1342/196/672 1341/555/672
f 1346/285/154 1345/169/154 1344/286/154
f 1345/169/154 1346/285/154 1347/355/154
f 1345/169/154 1347/355/154 1348/356/154
f 1345/169/154 1348/356/154 1349/357/154
f 1345/169/154 1349/357/154 1350/192/154
f 1351/166/154 1345/169/154 1350/192/154
f 1354/556/158 1353/557/158 1352/558/158
f 1354/556/158 1352/558/158 1355/559/158
s 1
f 1356/560/673 1354/556/158 1355/559/674
f 1357/561/675 1356/560/673 1355/559/674
f 1360/364/676 1359/365/677 1358/276/677
f 1361/366/676 1360/364/676 1358/276/677
f 1364/363/678 1363/359/678 1362/362/678
f 1365/273/678 1364/363/678 1362/362/678
f 1368/16/679 1367/31/680 1366/32/681
f 1368/16/679 1366/32/681 1369/15/682
f 1370/9/683 1368/16/679 1369/15/682
f 1373/25/684 1372/23/685 1371/26/686
f 1373/25/684 1371/26/686 1374/28/687
f 1375/27/688 1373/25/684 1374/28/687
f 1375/27/688 1374/28/687 1376/30/689
f 1377/29/690 1375/27/688 1376/30/689
f 1377/29/690 1376/30/689 1367/31/680
f 1367/31/680 1376/30/689 1378/119/691
f 1367/31/680 1378/119/691 1366/32/681
f 1378/119/691 1379/33/213 1366/32/681
f 1366/32/681 1379/33/213 1369/15/682
f 1369/15/682 1379/33/213 1380/14/692
f 1370/9/683 1369/15/682 1380/14/692
f 1381/12/693 1370/9/683 1380/14/692
f 1381/12/693 1380/14/692 1382/69/694
f 1383/68/695 1381/12/693 1382/69/694
f 1383/68/695 1382/69/694 1384/70/696
f 1385/86/697 1383/68/695 1384/70/696
f 1385/86/697 1384/70/696 1386/71/698
f 1379/33/213 1388/34/699 1387/36/700
f 1379/33/213 1387/36/700 1389/37/701
f 1379/33/213 1389/37/701 1390/38/702
f 1379/33/213 1390/38/702 1391/39/703
f 1379/33/213 1391/39/703 1392/40/704
f 1379/33/213 1392/40/704 1393/41/705
f 1379/33/213 1393/41/705 1394/42/706
f 1379/33/213 1394/42/706 1395/43/707
f 1396/98/708 1379/33/213 1395/43/707
f 1397/97/709 1379/33/213 1396/98/708
f 1398/78/710 1379/33/213 1397/97/709
f 1399/77/711 1379/33/213 1398/78/710
f 1379/33/213 1399/77/711 1400/76/712
f 1379/33/213 1400/76/712 1401/75/713
f 1379/33/213 1401/75/713 1402/74/714
f 1379/33/213 1402/74/714 1403/73/715
f 1379/33/213 1403/73/715 1404/72/716
f 1379/33/213 1404/72/716 1386/71/698
f 1379/33/213 1386/71/698 1384/70/696
f 1379/33/213 1384/70/696 1382/69/694
f 1380/14/692 1379/33/213 1382/69/694
f 1405/85/717 1385/86/697 1386/71/698
f 1405/85/717 1386/71/698 1404/72/716
f 1406/84/718 1405/85/717 1404/72/716
f 1406/84/718 1404/72/716 1403/73/715
f 1407/83/719 1406/84/718 1403/73/715
f 1407/83/719 1403/73/715 1402/74/714
f 1408/82/720 1407/83/719 1402/74/714
f 1408/82/720 1402/74/714 1401/75/713
f 1409/81/721 1408/82/720 1401/75/713
f 1409/81/721 1401/75/713 1400/76/712
f 1410/80/722 1409/81/721 1400/76/712
f 1410/80/722 1400/76/712 1399/77/711
f 1411/79/723 1410/80/722 1399/77/711
f 1411/79/723 1399/77/711 1398/78/710
f 1412/96/724 1411/79/723 1398/78/710
f 1412/96/724 1398/78/710 1397/97/709
f 1413/105/725 1412/96/724 1397/97/709
f 1413/105/725 1397/97/709 1396/98/708
f 1415/92/726 1414/91/727 1408/82/720
f 1415/92/726 1408/82/720 1409/81/721
f 1416/93/728 1415/92/726 1409/81/721
f 1416/93/728 1409/81/721 1410/80/722
f 1417/94/729 1416/93/728 1410/80/722
f 1417/94/729 1410/80/722 1411/79/723
f 1418/95/730 1417/94/729 1411/79/723
f 1411/79/723 1412/96/724 1418/95/730
f 1412/96/724 1419/106/731 1418/95/730
f 1412/96/724 1413/105/725 1419/106/731
f 1413/105/725 1420/104/732 1419/106/731
f 1413/105/725 1421/99/733 1420/104/732
f 1421/99/733 1422/100/734 1420/104/732
f 1421/99/733 1423/44/735 1422/100/734
f 1423/44/735 1424/101/736 1422/100/734
f 1424/101/736 1423/44/735 1425/45/737
f 1426/102/738 1424/101/736 1425/45/737
f 1426/102/738 1425/45/737 1427/46/739
f 1421/99/733 1413/105/725 1396/98/708
f 1421/99/733 1396/98/708 1395/43/707
f 1423/44/735 1421/99/733 1395/43/707
f 1423/44/735 1395/43/707 1394/42/706
f 1425/45/737 1423/44/735 1394/42/706
f 1425/45/737 1394/42/706 1393/41/705
f 1427/46/739 1425/45/737 1393/41/705
f 1427/46/739 1393/41/705 1392/40/704
f 1428/47/740 1427/46/739 1392/40/704
f 1428/47/740 1392/40/704 1391/39/703
f 1429/48/741 1428/47/740 1391/39/703
f 1429/48/741 1391/39/703 1390/38/702
f 1430/49/742 1429/48/741 1390/38/702
f 1430/49/742 1390/38/702 1389/37/701
f 1431/50/743 1430/49/742 1389/37/701
f 1431/50/743 1389/37/701 1387/36/700
f 1432/51/744 1431/50/743 1387/36/700
f 1432/51/744 1387/36/700 1388/34/699
f 1433/103/745 1426/102/738 1427/46/739
f 1433/103/745 1427/46/739 1428/47/740
f 1434/53/746 1433/103/745 1428/47/740
f 1434/53/746 1428/47/740 1429/48/741
f 1435/54/747 1434/53/746 1429/48/741
f 1435/54/747 1429/48/741 1430/49/742
f 1436/55/748 1435/54/747 1430/49/742
f 1436/55/748 1430/49/742 1431/50/743
f 1437/56/749 1436/55/748 1431/50/743
f 1437/56/749 1431/50/743 1432/51/744
f 1438/57/750 1437/56/749 1432/51/744
f 1438/57/750 1432/51/744 1439/52/751
f 1440/58/752 1438/57/750 1439/52/751
f 1439/52/751 1441/59/753 1440/58/752
f 1441/59/753 1442/67/754 1440/58/752
f 1441/59/753 1443/66/755 1442/67/754
f 1443/66/755 1444/65/756 1442/67/754
f 1443/66/755 1445/63/757 1444/65/756
f 1439/52/751 1432/51/744 1388/34/699
f 1439/52/751 1388/34/699 1446/35/758
f 1441/59/753 1439/52/751 1446/35/758
f 1441/59/753 1446/35/758 1447/60/759
f 1443/66/755 1441/59/753 1447/60/759
f 1443/66/755 1447/60/759 1448/61/760
f 1445/63/757 1443/66/755 1448/61/760
f 1445/63/757 1448/61/760 1449/62/761
f 1450/146/762 1445/63/757 1449/62/761
f 1450/146/762 1449/62/761 1451/145/763
f 1452/144/764 1450/146/762 1451/145/763
f 1452/144/764 1451/145/763 1453/143/765
f 1454/142/766 1452/144/764 1453/143/765
f 1454/142/766 1453/143/765 1455/141/767
f 1456/140/768 1454/142/766 1455/141/767
f 1456/140/768 1455/141/767 1457/138/769
f 1458/139/770 1456/140/768 1457/138/769
f 1458/139/770 1457/138/769 1459/136/771
f 1445/63/757 1460/64/772 1444/65/756
f 1445/63/757 1450/146/762 1460/64/772
f 1450/146/762 1461/148/773 1460/64/772
f 1461/148/773 1450/146/762 1452/144/764
f 1462/149/774 1461/148/773 1452/144/764
f 1462/149/774 1452/144/764 1454/142/766
f 1463/150/775 1462/149/774 1454/142/766
f 1463/150/775 1454/142/766 1456/140/768
f 1464/151/776 1463/150/775 1456/140/768
f 1464/151/776 1456/140/768 1458/139/770
f 1465/152/777 1464/151/776 1458/139/770
f 1465/152/777 1458/139/770 1466/147/778
f 1467/153/779 1465/152/777 1466/147/778
f 1467/153/779 1466/147/778 1468/123/780
f 1469/122/781 1467/153/779 1468/123/780
f 1469/122/781 1468/123/780 1470/124/782
f 1471/121/783 1469/122/781 1470/124/782
f 1471/121/783 1470/124/782 1472/135/784
f 1466/147/778 1458/139/770 1459/136/771
f 1466/147/778 1459/136/771 1473/137/785
f 1468/123/780 1466/147/778 1473/137/785
f 1473/137/785 1474/125/786 1468/123/780
f 1474/125/786 1470/124/782 1468/123/780
f 1470/124/782 1474/125/786 1475/126/787
f 1472/135/784 1470/124/782 1475/126/787
f 1472/135/784 1475/126/787 1476/127/788
f 1477/128/789 1472/135/784 1476/127/788
f 1477/128/789 1476/127/788 1478/110/790
f 1479/108/791 1477/128/789 1478/110/790
f 1479/108/791 1478/110/790 1480/109/792
f 1481/107/793 1479/108/791 1480/109/792
f 1481/107/793 1480/109/792 1482/111/794
f 1483/120/795 1481/107/793 1482/111/794
f 1483/120/795 1482/111/794 1484/112/796
f 1485/20/797 1483/120/795 1484/112/796
f 1485/20/797 1484/112/796 1486/113/798
f 1487/134/799 1471/121/783 1472/135/784
f 1472/135/784 1477/128/789 1487/134/799
f 1477/128/789 1488/129/800 1487/134/799
f 1477/128/789 1479/108/791 1488/129/800
f 1479/108/791 1489/130/801 1488/129/800
f 1479/108/791 1481/107/793 1489/130/801
f 1481/107/793 1490/131/802 1489/130/801
f 1481/107/793 1483/120/795 1490/131/802
f 1483/120/795 1491/132/803 1490/131/802
f 1491/132/803 1483/120/795 1485/20/797
f 1492/133/804 1491/132/803 1485/20/797
f 1492/133/804 1485/20/797 1493/18/805
f 1494/19/806 1492/133/804 1493/18/805
f 1494/19/806 1493/18/805 1495/22/807
f 1496/21/808 1494/19/806 1495/22/807
f 1496/21/808 1495/22/807 1497/24/809
f 1372/23/685 1496/21/808 1497/24/809
f 1372/23/685 1497/24/809 1371/26/686
f 1493/18/805 1485/20/797 1486/113/798
f 1493/18/805 1486/113/798 1498/114/810
f 1495/22/807 1493/18/805 1498/114/810
f 1495/22/807 1498/114/810 1499/115/811
f 1497/24/809 1495/22/807 1499/115/811
f 1497/24/809 1499/115/811 1500/116/812
f 1371/26/686 1497/24/809 1500/116/812
f 1371/26/686 1500/116/812 1501/117/813
f 1374/28/687 1371/26/686 1501/117/813
f 1374/28/687 1501/117/813 1502/118/814
f 1376/30/689 1374/28/687 1502/118/814
f 1376/30/689 1502/118/814 1378/119/691
f 1379/33/213 1378/119/691 1502/118/814
f 1379/33/213 1502/118/814 1501/117/813
f 1379/33/213 1501/117/813 1500/116/812
f 1379/33/213 1500/116/812 1499/115/811
f 1379/33/213 1499/115/811 1498/114/810
f 1379/33/213 1498/114/810 1486/113/798
f 1379/33/213 1486/113/798 1484/112/796
f 1379/33/213 1484/112/796 1482/111/794
f 1480/109/792 1379/33/213 1482/111/794
f 1478/110/790 1379/33/213 1480/109/792
f 1476/127/788 1379/33/213 1478/110/790
f 1475/126/787 1379/33/213 1476/127/788
f 1474/125/786 1379/33/213 1475/126/787
f 1473/137/785 1379/33/213 1474/125/786
f 1459/136/771 1379/33/213 1473/137/785
f 1457/138/769 1379/33/213 1459/136/771
f 1455/141/767 1379/33/213 1457/138/769
f 1453/143/765 1379/33/213 1455/141/767
f 1451/145/763 1379/33/213 1453/143/765
f 1449/62/761 1379/33/213 1451/145/763
f 1448/61/760 1379/33/213 1449/62/761
f 1447/60/759 1379/33/213 1448/61/760
f 1446/35/758 1379/33/213 1447/60/759
f 1388/34/699 1379/33/213 1446/35/758
s 0
f 1506/328/815 1504/327/815 1503/331/815
s 1
f 1509/328/816 1508/330/817 1507/329/818
f 1510/161/819 1509/328/816 1507/329/818
f 1509/328/816 1510/161/819 1505/327/820
f 1510/161/819 1511/164/821 1505/327/820
f 1512/160/822 1510/161/819 1507/329/818
s 0
f 1515/235/823 1514/238/823 1513/433/823
f 1518/179/824 1517/176/824 1516/177/824
f 1519/178/824 1518/179/824 1516/177/824
f 1522/183/33 1521/257/33 1520/256/33
f 1522/183/33 1520/256/33 1523/342/33
f 1522/183/33 1523/342/33 1524/343/33
f 1522/183/33 1524/343/33 1525/344/33
f 1522/183/33 1525/344/33 1526/241/33
f 1522/183/33 1526/241/33 1527/180/33
f 1530/193/825 1529/196/825 1528/555/825
s 1
f 1533/251/826 1532/129/826 1531/252/826
f 1534/253/827 1533/251/826 1531/252/826
f 1537/248/828 1536/11/828 1535/249/828
f 1538/250/829 1537/248/828 1535/249/828
f 1541/100/830 1540/245/831 1539/246/830
f 1542/247/830 1541/100/830 1539/246/830
f 1545/242/832 1544/106/832 1543/243/832
f 1546/244/833 1545/242/832 1543/243/832
f 1549/294/834 1548/295/835 1547/296/836
f 1550/297/837 1549/294/834 1547/296/836
f 1552/298/179 1551/234/838 1548/295/835
f 1549/294/834 1552/298/179 1548/295/835
f 1552/298/179 1549/294/834 1553/299/839
f 1549/294/834 1554/297/840 1553/299/839
f 1554/297/840 1555/300/839 1553/299/839
f 1556/227/841 1552/298/179 1553/299/839
s 0
f 1559/231/213 1558/232/213 1557/233/213
f 1560/234/213 1559/231/213 1557/233/213
s 1
f 1563/301/842 1562/230/843 1561/302/844
f 1564/303/842 1563/301/842 1561/302/844
f 1563/301/842 1564/303/842 1565/304/815
f 1564/303/842 1566/305/815 1565/304/815
f 1564/303/842 1561/302/844 1567/306/817
f 1568/231/845 1563/301/842 1565/304/815
s 0
f 1571/227/158 1570/228/158 1569/229/158
f 1572/230/158 1571/227/158 1569/229/158
s 1
f 1575/307/846 1574/308/847 1573/309/848
f 1576/310/849 1575/307/846 1573/309/848
f 1578/311/158 1577/226/847 1574/308/847
f 1575/307/846 1578/311/158 1574/308/847
f 1578/311/158 1575/307/846 1579/312/850
f 1575/307/846 1580/310/851 1579/312/850
f 1580/310/851 1581/313/852 1579/312/850
f 1582/219/853 1578/311/158 1579/312/850
s 0
f 1585/223/179 1584/224/179 1583/225/179
f 1586/226/179 1585/223/179 1583/225/179
s 1
f 1589/314/213 1588/222/854 1587/315/854
f 1590/316/213 1589/314/213 1587/315/854
f 1589/314/213 1590/316/213 1591/317/855
f 1590/316/213 1592/318/855 1591/317/855
f 1590/316/213 1587/315/854 1593/319/854
f 1594/223/855 1589/314/213 1591/317/855
s 0
f 1597/219/154 1596/220/154 1595/221/154
f 1598/222/154 1597/219/154 1595/221/154
s 1
f 1601/320/856 1600/321/857 1599/322/858
f 1602/323/859 1601/320/856 1599/322/858
f 1604/324/213 1603/218/860 1600/321/857
f 1601/320/856 1604/324/213 1600/321/857
f 1604/324/213 1601/320/856 1605/325/861
f 1601/320/856 1606/323/862 1605/325/861
f 1606/323/862 1607/326/863 1605/325/861
f 1608/213/864 1604/324/213 1605/325/861
s 0
f 1611/8/154 1610/216/154 1609/217/154
f 1612/218/154 1611/8/154 1609/217/154
s 1
f 1615/4/865 1614/5/8 1613/2/866
f 1616/1/865 1615/4/865 1613/2/866
f 1615/4/865 1616/1/865 1617/6/867
f 1616/1/865 1618/7/1 1617/6/867
f 1616/1/865 1613/2/866 1619/3/7
f 1620/8/3 1615/4/865 1617/6/867
s 0
f 1623/213/179 1622/214/179 1621/215/179
f 1624/5/179 1623/213/179 1621/215/179
s 1
f 1627/161/471 1626/164/868 1625/327/869
f 1628/328/471 1627/161/471 1625/327/869
f 1627/161/471 1628/328/471 1629/329/870
f 1628/328/471 1630/330/871 1629/329/870
f 1628/328/471 1625/327/869 1631/331/872
f 1632/160/873 1627/161/471 1629/329/870
s 0
f 1635/162/213 1634/211/213 1633/212/213
f 1636/160/213 1635/162/213 1633/212/213
f 1639/562/502 1638/563/502 1637/564/502
f 1638/563/361 1640/565/361 1637/564/361
f 1640/565/33 1641/566/33 1637/564/33
f 1642/567/33 1637/564/33 1641/566/33
f 1645/196/33 1644/195/33 1643/419/33
f 1643/419/33 1644/195/33 1646/392/33
f 1643/419/33 1646/392/33 1647/394/33
f 1643/419/33 1647/394/33 1648/396/33
f 1643/419/33 1648/396/33 1649/352/33
f 1650/351/33 1643/419/33 1649/352/33
f 1653/193/874 1652/196/874 1651/555/874
f 1656/452/875 1655/282/875 1654/280/876
s 1
f 1657/279/877 1656/452/878 1654/280/878
s 0
f 1657/279/879 1658/568/879 1656/452/879
f 1659/569/875 1656/452/875 1658/568/875
s 1
f 1660/570/875 1656/452/875 1659/569/875
s 0
f 1661/571/880 1656/452/880 1660/570/880
s 1
f 1662/292/879 1656/452/881 1661/571/879
f 1663/293/882 1662/292/879 1661/571/879
f 1666/426/883 1665/427/884 1664/428/330
f 1665/427/884 1667/429/330 1664/428/330
s 0
f 1667/429/885 1668/430/33 1664/428/33
f 1669/431/33 1664/428/33 1668/430/33
f 1672/383/33 1671/384/33 1670/385/33
f 1672/383/33 1670/385/33 1673/386/33
f 1674/387/886 1672/383/886 1673/386/886
f 1675/388/33 1674/387/33 1673/386/33
f 1678/454/887 1677/455/887 1676/282/887
f 1679/452/887 1678/454/887 1676/282/887
f 1680/453/887 1678/454/887 1679/452/887
f 1681/292/887 1680/453/887 1679/452/887
f 1684/363/158 1683/359/158 1682/362/158
f 1685/273/158 1684/363/158 1682/362/158
f 1688/364/213 1687/365/213 1686/276/213
f 1689/366/213 1688/364/213 1686/276/213
f 1692/572/33 1691/573/33 1690/574/33
f 1691/573/33 1693/575/33 1690/574/33
f 1693/575/33 1694/576/33 1690/574/33
f 1695/577/33 1690/574/33 1694/576/33
s 1
f 1698/157/888 1697/158/889 1696/155/890
f 1697/158/889 1699/159/890 1696/155/890
f 1699/159/890 1700/156/158 1696/155/890
s 0
f 1701/154/158 1696/155/890 1700/156/158
f 1704/231/213 1703/232/213 1702/233/213
f 1705/234/213 1704/231/213 1702/233/213
f 1708/184/178 1707/185/178 1706/186/178
f 1708/184/178 1706/186/178 1709/187/178
f 1710/188/427 1708/184/427 1709/187/427
f 1711/189/178 1710/188/178 1709/187/178
f 1714/345/891 1713/346/891 1712/347/891
f 1715/348/891 1714/345/891 1712/347/891
s 1
f 1719/307/892 1718/310/893 1716/312/894
f 1718/310/893 1720/313/893 1716/312/894
f 1722/311/158 1721/307/895 1717/312/847
f 1723/219/847 1722/311/158 1717/312/847
f 1722/311/158 1725/226/853 1724/308/896
f 1721/307/895 1722/311/158 1724/308/896
f 1721/307/895 1724/308/896 1726/309/896
f 1727/310/897 1721/307/895 1726/309/896
s 0
f 1730/193/898 1729/196/898 1728/555/898
s 1
f 1734/294/899 1733/295/899 1731/296/900
f 1735/297/901 1734/294/899 1731/296/900
f 1738/297/902 1737/300/903 1736/299/904
f 1739/294/905 1738/297/902 1736/299/904
f 1740/298/154 1739/294/905 1736/299/904
f 1739/294/905 1740/298/154 1732/295/906
f 1740/298/154 1741/234/907 1732/295/906
f 1742/227/908 1740/298/154 1736/299/904
s 0
f 1745/349/909 1744/350/909 1743/351/909
f 1746/352/910 1745/349/910 1743/351/910
f 1749/166/911 1748/167/911 1747/168/911
f 1750/169/912 1749/166/912 1747/168/912
f 1753/578/912 1752/419/912 1751/351/912
f 1754/451/911 1753/578/911 1751/351/911
s 1
f 1758/320/913 1757/323/914 1756/325/915
f 1757/323/914 1759/326/916 1756/325/915
f 1761/324/213 1760/320/917 1755/325/914
f 1762/213/860 1761/324/213 1755/325/914
f 1761/324/213 1764/218/864 1763/321/918
f 1760/320/917 1761/324/213 1763/321/918
s 0
f 1760/320/919 1763/321/919 1765/322/919
s 1
f 1766/323/920 1760/320/921 1765/322/921
f 1769/579/922 1768/167/922 1767/166/922
s 0
f 1772/452/923 1771/282/923 1770/280/923
s 1
f 1773/279/924 1772/452/925 1770/280/166
f 1774/568/926 1772/452/925 1773/279/924
s 0
f 1775/569/927 1772/452/927 1774/568/927
f 1775/569/927 1776/570/927 1772/452/927
f 1776/570/928 1777/571/929 1772/452/928
s 1
f 1778/292/926 1772/452/927 1777/571/926
f 1779/293/930 1778/292/926 1777/571/926
s 0
f 1782/578/931 1781/419/931 1780/351/931
f 1783/451/931 1782/578/931 1780/351/931
s 1
f 1786/281/932 1785/277/933 1784/280/932
s 0
f 1787/282/934 1786/281/934 1784/280/934
s 1
f 1786/281/935 1787/282/935 1788/580/936
f 1791/303/872 1790/305/872 1789/304/937
s 0
f 1794/303/871 1793/302/938 1792/306/871
s 1
f 1794/303/871 1795/301/939 1793/302/938
f 1795/301/939 1794/303/871 1789/304/940
f 1796/231/941 1795/301/939 1789/304/940
f 1795/301/939 1797/230/942 1793/302/938
s 0
f 1800/450/943 1799/451/943 1798/351/943
f 1803/420/178 1802/421/178 1801/422/178
f 1803/420/178 1801/422/178 1804/423/178
f 1805/424/493 1803/420/493 1804/423/493
f 1806/425/178 1805/424/178 1804/423/178
s 1
f 1809/127/944 1808/128/945 1807/135/946
f 1810/126/947 1809/127/944 1807/135/946
f 1813/131/948 1812/130/949 1811/107/950
f 1812/130/949 1814/108/951 1811/107/950
f 1812/130/949 1815/129/952 1814/108/951
f 1815/129/952 1808/128/945 1814/108/951
f 1815/129/952 1816/134/953 1808/128/945
f 1816/134/953 1807/135/946 1808/128/945
f 1817/124/954 1807/135/946 1816/134/953
f 1817/124/954 1818/125/955 1807/135/946
f 1818/125/955 1810/126/947 1807/135/946
f 1819/33/178 1810/126/947 1818/125/955
f 1810/126/947 1819/33/178 1809/127/944
f 1809/127/944 1819/33/178 1820/110/956
f 1809/127/944 1820/110/956 1808/128/945
f 1820/110/956 1814/108/951 1808/128/945
f 1814/108/951 1820/110/956 1821/109/957
f 1811/107/950 1814/108/951 1821/109/957
f 1811/107/950 1821/109/957 1822/111/958
f 1823/120/959 1811/107/950 1822/111/958
f 1824/121/960 1817/124/954 1816/134/953
f 1819/33/178 1826/74/961 1825/73/962
f 1819/33/178 1825/73/962 1827/72/963
f 1819/33/178 1827/72/963 1828/71/964
f 1828/71/964 1829/70/965 1819/33/178
f 1829/70/965 1830/69/966 1819/33/178
f 1831/14/967 1819/33/178 1830/69/966
f 1832/15/968 1819/33/178 1831/14/967
f 1833/32/969 1819/33/178 1832/15/968
f 1834/119/970 1819/33/178 1833/32/969
f 1835/118/971 1819/33/178 1834/119/970
f 1836/117/972 1819/33/178 1835/118/971
f 1837/116/973 1819/33/178 1836/117/972
f 1838/115/974 1819/33/178 1837/116/973
f 1839/114/975 1819/33/178 1838/115/974
f 1840/113/976 1819/33/178 1839/114/975
f 1841/112/977 1819/33/178 1840/113/976
f 1822/111/958 1819/33/178 1841/112/977
f 1821/109/957 1819/33/178 1822/111/958
f 1820/110/956 1819/33/178 1821/109/957
f 1822/111/958 1841/112/977 1823/120/959
f 1841/112/977 1842/20/978 1823/120/959
f 1841/112/977 1840/113/976 1842/20/978
f 1840/113/976 1843/18/979 1842/20/978
f 1840/113/976 1839/114/975 1843/18/979
f 1839/114/975 1844/22/980 1843/18/979
f 1839/114/975 1838/115/974 1844/22/980
f 1838/115/974 1845/24/981 1844/22/980
f 1838/115/974 1837/116/973 1845/24/981
f 1837/116/973 1846/26/982 1845/24/981
f 1837/116/973 1836/117/972 1846/26/982
f 1836/117/972 1847/28/983 1846/26/982
f 1836/117/972 1835/118/971 1847/28/983
f 1835/118/971 1848/30/984 1847/28/983
f 1835/118/971 1834/119/970 1848/30/984
f 1834/119/970 1849/31/985 1848/30/984
f 1849/31/985 1834/119/970 1833/32/969
f 1850/16/986 1849/31/985 1833/32/969
f 1852/17/987 1851/29/988 1849/31/985
f 1851/29/988 1848/30/984 1849/31/985
f 1851/29/988 1853/27/989 1848/30/984
f 1853/27/989 1847/28/983 1848/30/984
f 1853/27/989 1854/25/990 1847/28/983
f 1854/25/990 1846/26/982 1847/28/983
f 1854/25/990 1855/23/991 1846/26/982
f 1855/23/991 1845/24/981 1846/26/982
f 1855/23/991 1856/21/992 1845/24/981
f 1856/21/992 1844/22/980 1845/24/981
f 1856/21/992 1857/19/993 1844/22/980
f 1857/19/993 1843/18/979 1844/22/980
f 1857/19/993 1858/133/994 1843/18/979
f 1858/133/994 1842/20/978 1843/18/979
f 1858/133/994 1859/132/995 1842/20/978
f 1859/132/995 1823/120/959 1842/20/978
f 1859/132/995 1813/131/948 1823/120/959
f 1813/131/948 1811/107/950 1823/120/959
f 1862/92/996 1861/91/997 1860/82/998
f 1861/91/997 1863/83/999 1860/82/998
f 1861/91/997 1864/90/1000 1863/83/999
f 1864/90/1000 1865/84/1001 1863/83/999
f 1864/90/1000 1866/89/1002 1865/84/1001
f 1866/89/1002 1867/85/1003 1865/84/1001
f 1866/89/1002 1868/88/1004 1867/85/1003
f 1868/88/1004 1869/86/1005 1867/85/1003
f 1868/88/1004 1870/87/1006 1869/86/1005
f 1870/87/1006 1871/68/1007 1869/86/1005
f 1870/87/1006 1872/13/1008 1871/68/1007
f 1872/13/1008 1873/12/1009 1871/68/1007
f 1872/13/1008 1874/10/1010 1873/12/1009
f 1874/10/1010 1875/9/1011 1873/12/1009
f 1874/10/1010 1876/11/1012 1875/9/1011
f 1876/11/1012 1850/16/986 1875/9/1011
f 1876/11/1012 1852/17/987 1850/16/986
f 1852/17/987 1849/31/985 1850/16/986
f 1850/16/986 1833/32/969 1832/15/968
f 1875/9/1011 1850/16/986 1832/15/968
f 1875/9/1011 1832/15/968 1831/14/967
f 1873/12/1009 1875/9/1011 1831/14/967
f 1873/12/1009 1831/14/967 1830/69/966
f 1871/68/1007 1873/12/1009 1830/69/966
f 1830/69/966 1829/70/965 1871/68/1007
f 1829/70/965 1869/86/1005 1871/68/1007
f 1829/70/965 1828/71/964 1869/86/1005
f 1828/71/964 1867/85/1003 1869/86/1005
f 1828/71/964 1827/72/963 1867/85/1003
f 1827/72/963 1865/84/1001 1867/85/1003
f 1827/72/963 1825/73/962 1865/84/1001
f 1825/73/962 1863/83/999 1865/84/1001
f 1825/73/962 1826/74/961 1863/83/999
f 1826/74/961 1860/82/998 1863/83/999
f 1826/74/961 1877/75/1013 1860/82/998
f 1819/33/178 1877/75/1013 1826/74/961
f 1879/35/1014 1819/33/178 1878/60/1015
f 1878/60/1015 1819/33/178 1880/61/1016
f 1880/61/1016 1819/33/178 1881/62/1017
f 1819/33/178 1882/145/1018 1881/62/1017
f 1819/33/178 1883/143/1019 1882/145/1018
f 1819/33/178 1884/141/1020 1883/143/1019
f 1819/33/178 1885/138/1021 1884/141/1020
f 1819/33/178 1886/136/1022 1885/138/1021
f 1819/33/178 1887/137/1023 1886/136/1022
f 1886/136/1022 1887/137/1023 1888/123/1024
f 1889/147/1025 1886/136/1022 1888/123/1024
f 1885/138/1021 1886/136/1022 1889/147/1025
f 1890/139/1026 1885/138/1021 1889/147/1025
f 1884/141/1020 1885/138/1021 1890/139/1026
f 1891/140/1027 1884/141/1020 1890/139/1026
f 1883/143/1019 1884/141/1020 1891/140/1027
f 1892/142/1028 1883/143/1019 1891/140/1027
f 1883/143/1019 1892/142/1028 1893/144/1029
f 1882/145/1018 1883/143/1019 1893/144/1029
f 1882/145/1018 1893/144/1029 1894/146/1030
f 1881/62/1017 1882/145/1018 1894/146/1030
f 1881/62/1017 1894/146/1030 1895/63/1031
f 1880/61/1016 1881/62/1017 1895/63/1031
f 1880/61/1016 1895/63/1031 1896/66/1032
f 1878/60/1015 1880/61/1016 1896/66/1032
f 1878/60/1015 1896/66/1032 1897/59/1033
f 1819/33/178 1818/125/955 1887/137/1023
f 1887/137/1023 1818/125/955 1817/124/954
f 1888/123/1024 1887/137/1023 1817/124/954
f 1888/123/1024 1817/124/954 1824/121/960
f 1898/122/1034 1888/123/1024 1824/121/960
f 1889/147/1025 1888/123/1024 1898/122/1034
f 1899/153/1035 1889/147/1025 1898/122/1034
f 1890/139/1026 1889/147/1025 1899/153/1035
f 1900/152/1036 1890/139/1026 1899/153/1035
f 1891/140/1027 1890/139/1026 1900/152/1036
f 1901/151/1037 1891/140/1027 1900/152/1036
f 1892/142/1028 1891/140/1027 1901/151/1037
f 1902/150/1038 1892/142/1028 1901/151/1037
f 1902/150/1038 1903/149/1039 1892/142/1028
f 1903/149/1039 1893/144/1029 1892/142/1028
f 1903/149/1039 1904/148/1040 1893/144/1029
f 1904/148/1040 1894/146/1030 1893/144/1029
f 1904/148/1040 1905/64/1041 1894/146/1030
f 1908/43/1042 1907/42/1043 1906/44/1044
f 1908/43/1042 1906/44/1044 1909/99/1045
f 1910/98/1046 1908/43/1042 1909/99/1045
f 1910/98/1046 1909/99/1045 1911/105/1047
f 1912/97/1048 1910/98/1046 1911/105/1047
f 1912/97/1048 1911/105/1047 1913/78/1049
f 1913/78/1049 1819/33/178 1912/97/1048
f 1912/97/1048 1819/33/178 1910/98/1046
f 1910/98/1046 1819/33/178 1908/43/1042
f 1819/33/178 1907/42/1043 1908/43/1042
f 1907/42/1043 1819/33/178 1914/41/1050
f 1915/40/1051 1914/41/1050 1819/33/178
f 1916/39/1052 1915/40/1051 1819/33/178
f 1917/38/1053 1916/39/1052 1819/33/178
f 1918/37/1054 1917/38/1053 1819/33/178
f 1919/36/1055 1918/37/1054 1819/33/178
f 1920/34/1056 1919/36/1055 1819/33/178
f 1920/34/1056 1819/33/178 1879/35/1014
f 1879/35/1014 1878/60/1015 1897/59/1033
f 1879/35/1014 1897/59/1033 1921/52/1057
f 1920/34/1056 1879/35/1014 1921/52/1057
f 1920/34/1056 1921/52/1057 1922/51/1058
f 1919/36/1055 1920/34/1056 1922/51/1058
f 1919/36/1055 1922/51/1058 1923/50/1059
f 1918/37/1054 1919/36/1055 1923/50/1059
f 1918/37/1054 1923/50/1059 1924/49/1060
f 1917/38/1053 1918/37/1054 1924/49/1060
f 1917/38/1053 1924/49/1060 1925/48/1061
f 1916/39/1052 1917/38/1053 1925/48/1061
f 1916/39/1052 1925/48/1061 1926/47/1062
f 1915/40/1051 1916/39/1052 1926/47/1062
f 1915/40/1051 1926/47/1062 1927/46/1063
f 1914/41/1050 1915/40/1051 1927/46/1063
f 1914/41/1050 1927/46/1063 1928/45/1064
f 1907/42/1043 1914/41/1050 1928/45/1064
f 1907/42/1043 1928/45/1064 1906/44/1044
f 1905/64/1041 1895/63/1031 1894/146/1030
f 1905/64/1041 1929/65/1065 1895/63/1031
f 1929/65/1065 1896/66/1032 1895/63/1031
f 1929/65/1065 1930/67/1066 1896/66/1032
f 1930/67/1066 1897/59/1033 1896/66/1032
f 1930/67/1066 1931/58/1067 1897/59/1033
f 1931/58/1067 1921/52/1057 1897/59/1033
f 1931/58/1067 1932/57/1068 1921/52/1057
f 1932/57/1068 1922/51/1058 1921/52/1057
f 1932/57/1068 1933/56/1069 1922/51/1058
f 1933/56/1069 1923/50/1059 1922/51/1058
f 1933/56/1069 1934/55/1070 1923/50/1059
f 1934/55/1070 1924/49/1060 1923/50/1059
f 1934/55/1070 1935/54/1071 1924/49/1060
f 1935/54/1071 1925/48/1061 1924/49/1060
f 1935/54/1071 1936/53/1072 1925/48/1061
f 1936/53/1072 1926/47/1062 1925/48/1061
f 1936/53/1072 1937/103/1073 1926/47/1062
f 1937/103/1073 1927/46/1063 1926/47/1062
f 1937/103/1073 1938/102/1074 1927/46/1063
f 1938/102/1074 1928/45/1064 1927/46/1063
f 1928/45/1064 1938/102/1074 1939/101/1075
f 1906/44/1044 1928/45/1064 1939/101/1075
f 1939/101/1075 1940/100/1076 1906/44/1044
f 1940/100/1076 1909/99/1045 1906/44/1044
f 1940/100/1076 1941/104/1077 1909/99/1045
f 1941/104/1077 1911/105/1047 1909/99/1045
f 1911/105/1047 1941/104/1077 1942/96/1078
f 1911/105/1047 1942/96/1078 1913/78/1049
f 1943/77/1079 1913/78/1049 1942/96/1078
f 1943/77/1079 1819/33/178 1913/78/1049
f 1819/33/178 1943/77/1079 1944/76/1080
f 1819/33/178 1944/76/1080 1877/75/1013
f 1877/75/1013 1944/76/1080 1945/81/1081
f 1877/75/1013 1945/81/1081 1860/82/998
f 1862/92/996 1860/82/998 1945/81/1081
f 1941/104/1077 1946/106/1082 1942/96/1078
f 1947/93/1083 1862/92/996 1945/81/1081
f 1947/93/1083 1945/81/1081 1948/94/1084
f 1945/81/1081 1949/80/1085 1948/94/1084
f 1944/76/1080 1949/80/1085 1945/81/1081
f 1950/79/1086 1949/80/1085 1944/76/1080
f 1943/77/1079 1950/79/1086 1944/76/1080
f 1950/79/1086 1943/77/1079 1942/96/1078
f 1950/79/1086 1942/96/1078 1946/106/1082
f 1951/95/1087 1950/79/1086 1946/106/1082
f 1951/95/1087 1948/94/1084 1949/80/1085
f 1950/79/1086 1951/95/1087 1949/80/1085
s 0
f 1954/564/1088 1953/562/213 1952/563/213
f 1956/565/213 1955/566/213 1952/563/213
s 1
f 1955/566/1089 1954/564/1090 1952/563/1089
s 0
f 1957/567/213 1954/564/1088 1955/566/213
f 1960/581/1091 1959/181/1091 1958/180/1091
f 1963/182/161 1962/183/161 1961/180/161
f 1964/181/161 1963/182/161 1961/180/161
f 1967/184/158 1966/185/158 1965/186/158
f 1967/184/158 1965/186/158 1968/187/158
s 1
f 1969/188/1092 1967/184/158 1968/187/1093
f 1970/189/1094 1969/188/1092 1968/187/1093
f 1973/359/1095 1972/360/1096 1971/361/1095
f 1973/359/1095 1971/361/1095 1974/362/1097
s 0
f 1977/175/1098 1976/174/1098 1975/173/1098
f 1976/174/1098 1978/172/1098 1975/173/1098
f 1979/171/1098 1975/173/1098 1978/172/1098
f 1980/170/1098 1979/171/1098 1978/172/1098
f 1983/578/931 1982/419/931 1981/351/931
f 1984/451/931 1983/578/931 1981/351/931
f 1987/176/1099 1986/177/1099 1985/178/1099
f 1988/179/1100 1987/176/1100 1985/178/1100
f 1991/167/1100 1990/168/1100 1989/169/1100
f 1992/166/1100 1991/167/1100 1989/169/1100
f 1995/454/604 1994/455/604 1993/282/604
f 1996/452/604 1995/454/604 1993/282/604
f 1997/453/604 1995/454/604 1996/452/604
f 1998/292/604 1997/453/604 1996/452/604
f 2001/176/824 2000/177/824 1999/178/824
f 2002/179/824 2001/176/824 1999/178/824
f 2005/180/1101 2004/181/1101 2003/182/1101
f 2006/183/1102 2005/180/1102 2003/182/1102
f 2009/168/1101 2008/169/1101 2007/166/1101
f 2010/167/1101 2009/168/1101 2007/166/1101
f 2013/281/213 2012/277/213 2011/280/213
f 2014/282/213 2013/281/213 2011/280/213
f 2013/281/213 2014/282/213 2015/580/213
f 2018/235/1103 2017/238/1103 2016/433/1103
s 1
f 2021/168/1104 2020/169/1104 2019/166/1104
s 0
f 2022/167/1104 2021/168/1104 2019/166/1104
f 2025/180/1104 2024/181/1104 2023/182/1104
f 2026/183/1104 2025/180/1104 2023/182/1104
f 2029/578/1105 2028/419/1105 2027/351/1105
s 1
f 2030/451/1106 2029/578/1106 2027/351/1106
s 0
f 2033/176/1107 2032/177/1107 2031/178/1107
f 2034/179/1107 2033/176/1107 2031/178/1107
s 1
f 2037/369/1108 2036/256/1109 2035/370/1110
f 2036/256/1109 2037/369/1108 2038/371/1111
f 2039/342/1111 2036/256/1109 2038/371/1111
f 2039/342/1111 2038/371/1111 2040/372/1112
f 2041/343/1112 2039/342/1111 2040/372/1112
f 2041/343/1112 2040/372/1112 2042/373/1113
f 2043/344/1113 2041/343/1112 2042/373/1113
f 2043/344/1113 2042/373/1113 2044/374/1114
f 2045/241/1115 2043/344/1113 2044/374/1114
f 2046/375/1116 2045/241/1115 2044/374/1114
s 0
f 2049/58/178 2048/67/178 2047/203/178
f 2050/582/178 2049/58/178 2047/203/178
f 2051/57/178 2049/58/178 2050/582/178
f 2052/583/178 2051/57/178 2050/582/178
f 2053/584/178 2051/57/178 2052/583/178
f 2053/584/178 2054/585/178 2051/57/178
f 2054/585/178 2055/56/178 2051/57/178
f 2056/586/178 2055/56/178 2054/585/178
f 2057/55/178 2055/56/178 2056/586/178
f 2058/587/178 2057/55/178 2056/586/178
f 2059/54/178 2057/55/178 2058/587/178
f 2060/588/178 2059/54/178 2058/587/178
f 2061/53/178 2059/54/178 2060/588/178
f 2062/589/178 2061/53/178 2060/588/178
f 2063/103/178 2061/53/178 2062/589/178
f 2064/590/178 2063/103/178 2062/589/178
f 2065/591/178 2063/103/178 2064/590/178
f 2066/102/178 2063/103/178 2065/591/178
f 2067/592/178 2066/102/178 2065/591/178
f 2068/593/178 2066/102/178 2067/592/178
f 2068/593/178 2069/594/178 2066/102/178
f 2069/594/178 2070/101/178 2066/102/178
f 2070/101/178 2069/594/178 2071/100/178
f 2069/594/178 2072/245/178 2071/100/178
s 1
f 2075/376/1117 2074/237/1118 2073/377/1119
f 2074/237/1118 2075/376/1117 2076/378/1120
f 2077/339/1121 2074/237/1118 2076/378/1120
f 2077/339/1121 2076/378/1120 2078/379/1122
f 2079/340/1122 2077/339/1121 2078/379/1122
f 2079/340/1122 2078/379/1122 2080/380/1123
f 2081/341/1124 2079/340/1122 2080/380/1123
f 2081/341/1124 2080/380/1123 2082/381/1125
f 2083/289/1126 2081/341/1124 2082/381/1125
f 2084/382/1127 2083/289/1126 2082/381/1125
f 2087/332/178 2086/333/1128 2085/334/1129
f 2088/335/1130 2087/332/178 2085/334/1129
f 2090/163/178 2089/165/1131 2086/333/1128
f 2087/332/178 2090/163/178 2086/333/1128
f 2090/163/178 2087/332/178 2091/336/1132
f 2087/332/178 2092/335/1133 2091/336/1132
s 0
f 2092/335/1134 2093/337/1135 2091/336/1136
s 1
f 2094/162/1137 2090/163/178 2091/336/1132
s 0
f 2097/164/158 2096/209/158 2095/210/158
f 2098/165/158 2097/164/158 2095/210/158
s 1
f 2101/258/1138 2100/259/1139 2099/260/1140
f 2102/261/1139 2101/258/1138 2099/260/1140
s 0
f 2105/164/158 2104/209/158 2103/210/158
f 2106/165/158 2105/164/158 2103/210/158
s 1
f 2109/13/1141 2108/206/1141 2107/207/1141
f 2110/208/1141 2109/13/1141 2107/207/1141
f 2113/203/1142 2112/67/1142 2111/204/1142
f 2114/205/1143 2113/203/1142 2111/204/1142
f 2117/131/1144 2116/200/1144 2115/201/1144
f 2118/202/1144 2117/131/1144 2115/201/1144
s 0
f 2121/162/213 2120/211/213 2119/212/213
f 2122/160/213 2121/162/213 2119/212/213
f 2125/213/154 2124/214/154 2123/215/154
f 2126/5/154 2125/213/154 2123/215/154
s 1
f 2129/64/1145 2128/197/1145 2127/198/1145
f 2130/199/1145 2129/64/1145 2127/198/1145
s 0
f 2133/439/33 2132/440/33 2131/94/33
f 2133/439/33 2131/94/33 2134/438/33
f 2134/438/33 2131/94/33 2135/437/33
f 2131/94/33 2136/95/33 2135/437/33
f 2136/95/33 2137/106/33 2135/437/33
f 2137/106/33 2138/242/33 2135/437/33
f 2141/206/33 2140/13/33 2139/87/33
f 2142/436/33 2141/206/33 2139/87/33
f 2142/436/33 2139/87/33 2143/88/33
f 2144/435/33 2142/436/33 2143/88/33
f 2144/435/33 2143/88/33 2145/434/33
f 2145/434/33 2143/88/33 2146/89/33
f 2147/446/33 2145/434/33 2146/89/33
f 2147/446/33 2146/89/33 2148/445/33
f 2148/445/33 2146/89/33 2149/90/33
f 2150/444/33 2148/445/33 2149/90/33
f 2150/444/33 2149/90/33 2151/91/33
f 2152/443/33 2150/444/33 2151/91/33
f 2152/443/33 2151/91/33 2153/92/33
f 2154/442/33 2152/443/33 2153/92/33
f 2154/442/33 2153/92/33 2155/93/33
f 2156/441/33 2154/442/33 2155/93/33
f 2156/441/33 2155/93/33 2132/440/33
f 2132/440/33 2155/93/33 2131/94/33
f 2159/165/179 2158/163/179 2157/164/179
f 2158/163/179 2160/161/179 2157/164/179
f 2160/161/179 2158/163/179 2161/162/179
f 2162/160/179 2160/161/179 2161/162/179
f 2165/184/179 2164/185/179 2163/186/179
f 2165/184/179 2163/186/179 2166/187/179
f 2167/188/1146 2165/184/1146 2166/187/1146
f 2168/189/1147 2167/188/1147 2166/187/1147
f 2171/434/179 2170/88/179 2169/89/179
f 2172/435/179 2170/88/179 2171/434/179
f 2172/435/179 2173/436/179 2170/88/179
f 2173/436/179 2174/87/179 2170/88/179
f 2173/436/179 2175/206/179 2174/87/179
f 2175/206/179 2176/13/179 2174/87/179
f 2179/106/179 2178/242/179 2177/437/179
f 2180/95/179 2179/106/179 2177/437/179
f 2181/94/179 2180/95/179 2177/437/179
f 2182/438/179 2181/94/179 2177/437/179
f 2183/439/179 2181/94/179 2182/438/179
f 2183/439/179 2184/440/179 2181/94/179
f 2184/440/179 2185/93/179 2181/94/179
f 2186/441/179 2185/93/179 2184/440/179
f 2186/441/179 2187/442/179 2185/93/179
f 2187/442/179 2188/92/179 2185/93/179
f 2187/442/179 2189/443/179 2188/92/179
f 2189/443/179 2190/91/179 2188/92/179
f 2189/443/179 2191/444/179 2190/91/179
f 2191/444/179 2192/90/179 2190/91/179
f 2191/444/179 2193/445/179 2192/90/179
f 2193/445/179 2169/89/179 2192/90/179
f 2194/446/179 2169/89/179 2193/445/179
f 2194/446/179 2171/434/179 2169/89/179
s 1
f 2197/346/1148 2196/367/1149 2195/368/1150
f 2197/346/1148 2195/368/1150 2198/347/1151
s 0
f 2201/283/360 2200/284/360 2199/285/360
f 2202/286/360 2201/283/360 2199/285/360
s 1
f 2205/263/1152 2204/262/1153 2203/265/1154
f 2206/266/1155 2205/263/1152 2203/265/1154
s 0
f 2209/287/189 2208/288/189 2207/178/189
f 2210/289/189 2209/287/189 2207/178/189
s 1
f 2213/262/1156 2212/175/1157 2211/265/1158
f 2212/175/1157 2214/173/1159 2211/265/1158
f 2215/449/1160 2211/265/1158 2214/173/1159
s 0
f 2215/449/1160 2214/173/1160 2216/448/1160
f 2216/448/1161 2214/173/1161 2217/447/1161
s 1
f 2217/447/1161 2214/173/1162 2218/269/1163
f 2219/270/1164 2218/269/1163 2214/173/1162
f 2220/171/1165 2219/270/1164 2214/173/1162
s 0
f 2223/254/1166 2222/255/1166 2221/256/1166
f 2224/257/1167 2223/254/1167 2221/256/1167
s 1
f 2227/452/1168 2226/282/1169 2225/280/1170
f 2228/279/1171 2227/452/1168 2225/280/1170
s 0
f 2228/279/1172 2229/568/1172 2227/452/1172
f 2230/569/1173 2227/452/1173 2229/568/1174
f 2231/570/1175 2227/452/1175 2230/569/1175
f 2232/571/1176 2227/452/1176 2231/570/1176
s 1
f 2233/292/1177 2227/452/1170 2232/571/1178
f 2234/293/1179 2233/292/1177 2232/571/1178
f 2237/274/1180 2236/273/1181 2235/362/1182
f 2238/361/1183 2237/274/1180 2235/362/1182
s 0
f 2239/595/1184 2237/274/1184 2238/361/1184
f 2237/274/1185 2239/595/1185 2240/596/1185
f 2237/274/1185 2240/596/1185 2241/597/1185
f 2241/597/1180 2242/598/1180 2237/274/1180
s 1
f 2243/276/1186 2237/274/1187 2242/598/1180
f 2244/366/1188 2243/276/1186 2242/598/1180
f 2247/599/1189 2246/348/1190 2245/347/1191
f 2248/368/1192 2247/599/1189 2245/347/1191
f 2247/599/1189 2248/368/1192 2249/600/1193
f 2249/600/1193 2250/601/1194 2247/599/1189
s 0
f 2251/602/1195 2247/599/1195 2250/601/1195
f 2252/603/1196 2247/599/1196 2251/602/1196
f 2253/260/1197 2247/599/1197 2252/603/1197
s 1
f 2254/261/1198 2253/260/1199 2252/603/1195
f 2257/242/1200 2256/106/1200 2255/243/1200
f 2258/244/1201 2257/242/1200 2255/243/1200
f 2261/100/1202 2260/245/1202 2259/246/1202
f 2262/247/1202 2261/100/1202 2259/246/1202
f 2265/263/1203 2264/262/1204 2263/265/1205
f 2266/266/1206 2265/263/1203 2263/265/1205
f 2269/251/1207 2268/129/1207 2267/252/1207
f 2270/253/1208 2269/251/1207 2267/252/1207
f 2273/248/1209 2272/11/1209 2271/249/1209
f 2274/250/1210 2273/248/1209 2271/249/1209
f 2277/100/1211 2276/245/1211 2275/246/1211
f 2278/247/1211 2277/100/1211 2275/246/1211
f 2281/242/1212 2280/106/1213 2279/243/1213
f 2282/244/1214 2281/242/1212 2279/243/1213
f 2285/332/154 2284/333/1215 2283/334/1216
f 2286/335/1217 2285/332/154 2283/334/1216
f 2288/163/154 2287/165/459 2284/333/1215
f 2285/332/154 2288/163/154 2284/333/1215
f 2288/163/154 2285/332/154 2289/336/1218
f 2285/332/154 2290/335/1219 2289/336/1218
f 2290/335/1219 2291/337/1220 2289/336/1218
f 2292/162/455 2288/163/154 2289/336/1218
s 0
f 2295/164/33 2294/209/33 2293/210/33
f 2296/165/33 2295/164/33 2293/210/33
s 1
f 2299/13/1221 2298/206/1221 2297/207/1222
f 2300/208/1221 2299/13/1221 2297/207/1222
f 2303/203/1223 2302/67/1223 2301/204/1223
f 2304/205/1224 2303/203/1223 2301/204/1223
f 2307/131/1225 2306/200/1225 2305/201/1225
f 2308/202/1225 2307/131/1225 2305/201/1225
f 2311/64/1226 2310/197/1226 2309/198/1226
f 2312/199/1226 2311/64/1226 2309/198/1226
f 2315/193/1227 2314/194/1227 2313/195/1227
s 0
f 2316/196/1227 2315/193/1227 2313/195/1227
f 2319/190/1228 2318/191/1228 2317/166/1228
f 2320/192/1228 2319/190/1228 2317/166/1228
f 2323/287/1229 2322/288/1229 2321/178/1229
f 2324/289/1229 2323/287/1229 2321/178/1229
f 2327/283/1230 2326/284/1230 2325/285/1230
f 2328/286/1230 2327/283/1230 2325/285/1230
f 2331/556/213 2330/557/213 2329/558/213
f 2331/556/213 2329/558/213 2332/559/213
f 2333/560/213 2331/556/213 2332/559/213
f 2334/561/213 2333/560/213 2332/559/213
f 2337/235/1228 2336/236/1228 2335/237/1228
f 2338/238/1228 2337/235/1228 2335/237/1228
f 2341/239/1227 2340/240/1227 2339/180/1227
s 1
f 2342/241/1227 2341/239/1227 2339/180/1227
s 0
f 2345/254/1229 2344/255/1229 2343/256/1229
f 2346/257/1229 2345/254/1229 2343/256/1229
s 1
f 2349/277/1231 2348/278/1232 2347/279/1233
f 2349/277/1231 2347/279/1233 2350/280/1234
s 0
f 2353/184/213 2352/185/213 2351/186/213
f 2353/184/213 2351/186/213 2354/187/213
f 2355/188/213 2353/184/213 2354/187/213
f 2356/189/213 2355/188/213 2354/187/213
f 2359/289/2 2358/178/2 2357/177/2
f 2360/341/158 2359/289/158 2357/177/158
f 2361/340/158 2360/341/158 2357/177/158
f 2357/177/158 2362/339/158 2361/340/158
f 2363/237/158 2362/339/158 2357/177/158
f 2357/177/357 2364/238/357 2363/237/357
f 2367/167/1235 2366/168/1235 2365/169/1235
f 2368/166/1235 2367/167/1235 2365/169/1235
f 2371/183/865 2370/257/865 2369/256/865
f 2371/183/158 2369/256/158 2372/342/158
f 2371/183/158 2372/342/158 2373/343/158
f 2373/343/158 2374/344/158 2371/183/158
f 2371/183/158 2374/344/158 2375/241/158
f 2375/241/357 2376/180/357 2371/183/357
f 2379/5/179 2378/4/179 2377/213/179
f 2378/4/179 2380/324/179 2377/213/179
f 2380/324/179 2378/4/179 2381/8/179
f 2382/218/179 2380/324/179 2381/8/179
s 1
f 2385/345/1236 2384/346/1236 2383/347/1237
f 2386/348/1238 2385/345/1236 2383/347/1237
f 2385/345/1236 2386/348/1238 2387/604/1239
s 0
f 2390/222/179 2389/314/179 2388/219/179
f 2389/314/179 2391/311/179 2388/219/179
f 2391/311/179 2389/314/179 2392/223/179
f 2393/226/179 2391/311/179 2392/223/179
f 2396/349/1230 2395/350/1230 2394/351/1230
f 2397/352/1230 2396/349/1230 2394/351/1230
f 2400/353/1240 2399/267/1240 2398/270/1240
f 2401/171/1240 2400/353/1240 2398/270/1240
f 2400/353/1240 2401/171/1240 2402/354/1240
f 2405/230/179 2404/301/179 2403/227/179
f 2404/301/179 2406/298/179 2403/227/179
f 2406/298/179 2404/301/179 2407/231/179
f 2408/234/179 2406/298/179 2407/231/179
s 1
f 2411/269/1241 2410/270/1241 2409/267/1241
s 0
f 2409/267/1242 2412/268/1242 2411/269/1242
f 2415/345/1243 2414/346/1244 2413/347/1244
s 1
f 2416/348/1245 2415/345/1245 2413/347/1246
f 2419/605/1247 2418/348/1248 2417/347/1249
f 2420/368/1250 2419/605/1247 2417/347/1249
f 2419/605/1247 2420/368/1250 2421/600/1251
s 0
f 2421/600/1252 2422/601/1252 2419/605/1252
f 2423/602/1247 2419/605/1247 2422/601/1247
s 1
f 2424/603/1247 2419/605/1253 2423/602/1254
f 2425/260/1255 2419/605/1253 2424/603/1247
f 2426/261/1256 2425/260/1255 2424/603/1247
f 2429/269/1257 2428/270/1258 2427/267/1259
f 2427/267/1259 2430/268/1260 2429/269/1257
f 2433/263/1261 2432/262/1262 2431/265/1263
f 2434/266/1264 2433/263/1261 2431/265/1263
f 2437/171/1265 2436/270/1266 2435/173/1267
f 2436/270/1266 2438/269/1268 2435/173/1267
f 2439/447/1269 2435/173/1267 2438/269/1268
f 2440/448/1270 2435/173/1267 2439/447/1269
f 2440/448/1270 2441/449/1271 2435/173/1267
f 2441/449/1271 2442/265/1270 2435/173/1267
f 2443/175/1272 2435/173/1267 2442/265/1270
f 2444/262/1273 2443/175/1272 2442/265/1270
s 0
f 2447/352/154 2446/351/154 2445/419/154
f 2448/396/154 2447/352/154 2445/419/154
f 2449/394/154 2448/396/154 2445/419/154
f 2445/419/154 2450/392/154 2449/394/154
f 2445/419/154 2451/195/154 2450/392/154
f 2452/196/154 2451/195/154 2445/419/154
f 2455/169/2 2454/286/2 2453/285/2
f 2453/285/158 2456/355/158 2455/169/158
f 2455/169/158 2456/355/158 2457/356/158
f 2455/169/158 2457/356/158 2458/357/158
f 2455/169/158 2458/357/158 2459/192/158
f 2460/166/259 2455/169/259 2459/192/259
f 2463/181/1274 2462/182/1274 2461/183/1274
f 2464/180/1235 2463/181/1235 2461/183/1235
s 1
f 2467/274/1275 2466/273/1275 2465/362/1276
s 0
f 2468/361/1277 2467/274/1277 2465/362/1277
f 2468/361/1088 2469/595/1088 2467/274/1088
f 2467/274/1089 2469/595/1089 2470/596/1089
f 2467/274/1089 2470/596/1089 2471/597/1089
f 2471/597/1278 2472/598/1278 2467/274/1278
f 2473/276/1089 2467/274/1089 2472/598/1089
f 2474/366/1089 2473/276/1279 2472/598/1279
s 1
f 2477/359/1280 2476/360/1281 2475/361/1282
f 2477/359/1280 2475/361/1282 2478/362/1283
s 0
f 2481/420/213 2480/421/213 2479/422/213
f 2481/420/213 2479/422/213 2482/423/213
f 2483/424/213 2481/420/213 2482/423/213
f 2484/425/213 2483/424/213 2482/423/213
f 2487/406/158 2486/407/158 2485/29/158
f 2487/406/158 2485/29/158 2488/408/158
f 2488/408/158 2485/29/158 2489/17/158
f 2490/409/158 2488/408/158 2489/17/158
f 2490/409/158 2489/17/158 2491/11/158
f 2492/248/158 2490/409/158 2491/11/158
f 2495/200/158 2494/131/158 2493/132/158
f 2496/410/158 2495/200/158 2493/132/158
f 2496/410/158 2493/132/158 2497/133/158
f 2498/411/158 2496/410/158 2497/133/158
f 2498/411/158 2497/133/158 2499/412/158
f 2499/412/158 2497/133/158 2500/19/158
f 2501/413/158 2499/412/158 2500/19/158
f 2501/413/158 2500/19/158 2502/414/158
f 2502/414/158 2500/19/158 2503/21/158
f 2504/415/158 2502/414/158 2503/21/158
f 2504/415/158 2503/21/158 2505/23/158
f 2506/416/158 2504/415/158 2505/23/158
f 2506/416/158 2505/23/158 2507/25/158
f 2508/417/158 2506/416/158 2507/25/158
f 2508/417/158 2507/25/158 2509/27/158
f 2510/418/158 2508/417/158 2509/27/158
f 2510/418/158 2509/27/158 2486/407/158
f 2486/407/158 2509/27/158 2485/29/158
f 2513/157/213 2512/158/213 2511/155/213
f 2512/158/213 2514/159/213 2511/155/213
f 2514/159/213 2515/156/213 2511/155/213
f 2516/154/213 2511/155/213 2515/156/213
f 2519/406/154 2518/407/154 2517/29/154
f 2519/406/154 2517/29/154 2520/408/154
f 2520/408/154 2517/29/154 2521/17/154
f 2522/409/154 2520/408/154 2521/17/154
f 2522/409/154 2521/17/154 2523/11/154
f 2524/248/154 2522/409/154 2523/11/154
f 2527/200/154 2526/131/154 2525/132/154
f 2528/410/154 2527/200/154 2525/132/154
f 2528/410/154 2525/132/154 2529/133/154
f 2530/411/154 2528/410/154 2529/133/154
f 2530/411/154 2529/133/154 2531/412/154
f 2531/412/154 2529/133/154 2532/19/154
f 2533/413/154 2531/412/154 2532/19/154
f 2533/413/154 2532/19/154 2534/414/154
f 2534/414/154 2532/19/154 2535/21/154
f 2536/415/154 2534/414/154 2535/21/154
f 2536/415/154 2535/21/154 2537/23/154
f 2538/416/154 2536/415/154 2537/23/154
f 2538/416/154 2537/23/154 2539/25/154
f 2540/417/154 2538/416/154 2539/25/154
f 2540/417/154 2539/25/154 2541/27/154
f 2542/418/154 2540/417/154 2541/27/154
f 2542/418/154 2541/27/154 2518/407/154
f 2518/407/154 2541/27/154 2517/29/154
f 2545/578/1284 2544/606/1284 2543/419/1284
f 2548/175/1285 2547/174/1285 2546/173/1285
f 2547/174/1285 2549/172/1285 2546/173/1285
f 2550/171/1285 2546/173/1285 2549/172/1285
f 2551/170/1285 2550/171/1285 2549/172/1285
s 1
f 2554/376/1286 2553/237/1287 2552/377/1288
f 2553/237/1287 2554/376/1286 2555/378/1289
f 2556/339/1289 2553/237/1287 2555/378/1289
f 2556/339/1289 2555/378/1289 2557/379/1290
f 2558/340/1290 2556/339/1289 2557/379/1290
f 2558/340/1290 2557/379/1290 2559/380/1291
f 2560/341/1291 2558/340/1290 2559/380/1291
f 2560/341/1291 2559/380/1291 2561/381/1292
f 2562/289/1293 2560/341/1291 2561/381/1292
f 2563/382/1294 2562/289/1293 2561/381/1292
s 0
f 2566/383/158 2565/384/158 2564/385/158
f 2566/383/158 2564/385/158 2567/386/158
s 1
f 2568/387/1295 2566/383/865 2567/386/1296
f 2569/388/1297 2568/387/1295 2567/386/1296
s 0
f 2572/383/1298 2571/384/178 2570/385/178
f 2572/383/178 2570/385/178 2573/386/178
s 1
f 2574/387/1299 2572/383/266 2573/386/1300
f 2575/388/1301 2574/387/1299 2573/386/1300
f 2578/447/1302 2577/269/1303 2576/607/1303
f 2579/608/1302 2578/447/1302 2576/607/1303
f 2579/608/1302 2580/609/1304 2578/447/1302
f 2580/609/1304 2581/610/1305 2578/447/1302
f 2582/448/1306 2578/447/1302 2581/610/1305
f 2581/610/1305 2583/611/1307 2582/448/1306
f 2583/611/1307 2584/612/1308 2582/448/1306
f 2585/449/1309 2582/448/1306 2584/612/1308
f 2586/265/1310 2585/449/1309 2584/612/1308
f 2587/613/1310 2586/265/1310 2584/612/1308
s 0
f 2590/599/1311 2589/348/1312 2588/347/1311
s 1
f 2591/368/1313 2590/599/1314 2588/347/1315
s 0
f 2591/368/1316 2592/600/1316 2590/599/1316
f 2593/601/1315 2590/599/1315 2592/600/1315
f 2590/599/1315 2593/601/1315 2594/602/1315
s 1
f 2594/602/1317 2595/603/1318 2590/599/1315
f 2596/260/1319 2590/599/1315 2595/603/1318
f 2597/261/1320 2596/260/1319 2595/603/1318
s 0
f 2600/605/1321 2599/260/1321 2598/614/1321
f 2601/615/1321 2600/605/1321 2598/614/1321
f 2602/348/1321 2600/605/1321 2601/615/1321
f 2603/616/1321 2602/348/1321 2601/615/1321
f 2606/363/158 2605/359/158 2604/362/158
f 2607/273/158 2606/363/158 2604/362/158
f 2606/363/158 2607/273/158 2608/432/158
f 2611/235/1322 2610/238/1322 2609/433/1322
s 1
f 2614/353/1323 2613/267/1323 2612/270/1324
f 2615/171/1323 2614/353/1323 2612/270/1324
s 0
f 2618/434/158 2617/88/158 2616/89/158
f 2619/435/158 2617/88/158 2618/434/158
f 2619/435/158 2620/436/158 2617/88/158
f 2620/436/158 2621/87/158 2617/88/158
f 2620/436/158 2622/206/158 2621/87/158
f 2622/206/158 2623/13/158 2621/87/158
f 2626/106/158 2625/242/158 2624/437/158
f 2627/95/158 2626/106/158 2624/437/158
f 2628/94/158 2627/95/158 2624/437/158
f 2629/438/158 2628/94/158 2624/437/158
f 2630/439/158 2628/94/158 2629/438/158
f 2630/439/158 2631/440/158 2628/94/158
f 2631/440/158 2632/93/158 2628/94/158
f 2633/441/158 2632/93/158 2631/440/158
f 2633/441/158 2634/442/158 2632/93/158
f 2634/442/158 2635/92/158 2632/93/158
f 2634/442/158 2636/443/158 2635/92/158
f 2636/443/158 2637/91/158 2635/92/158
f 2636/443/158 2638/444/158 2637/91/158
f 2638/444/158 2639/90/158 2637/91/158
f 2638/444/158 2640/445/158 2639/90/158
f 2640/445/158 2616/89/158 2639/90/158
f 2641/446/158 2616/89/158 2640/445/158
f 2641/446/158 2618/434/158 2616/89/158
s 1
f 2644/452/1325 2643/282/1326 2642/280/1327
f 2645/279/1328 2644/452/1325 2642/280/1327
f 2646/568/1328 2644/452/1325 2645/279/1328
f 2647/569/1329 2644/452/1325 2646/568/1328
s 0
f 2644/452/1329 2647/569/1329 2648/570/1329
s 1
f 2644/452/1325 2648/570/1330 2649/571/1331
f 2650/292/1332 2644/452/1325 2649/571/1331
f 2651/293/1333 2650/292/1332 2649/571/1331
f 2654/332/154 2653/333/1334 2652/334/1335
f 2655/335/1336 2654/332/154 2652/334/1335
f 2657/163/154 2656/165/1337 2653/333/1334
f 2654/332/154 2657/163/154 2653/333/1334
f 2657/163/154 2654/332/154 2658/336/1338
f 2654/332/154 2659/335/1339 2658/336/1338
s 0
f 2659/335/1340 2660/337/1340 2658/336/1341
s 1
f 2661/162/1342 2657/163/154 2658/336/1338
s 0
f 2664/164/158 2663/209/158 2662/210/158
f 2665/165/158 2664/164/158 2662/210/158
s 1
f 2668/13/1343 2667/206/1343 2666/207/1343
f 2669/208/1343 2668/13/1343 2666/207/1343
f 2672/203/1344 2671/67/1344 2670/204/1344
f 2673/205/1345 2672/203/1344 2670/204/1344
f 2676/131/1346 2675/200/1346 2674/201/1346
f 2677/202/1346 2676/131/1346 2674/201/1346
f 2680/64/1347 2679/197/1347 2678/198/1347
f 2681/199/1347 2680/64/1347 2678/198/1347
f 2684/193/1348 2683/194/1348 2682/195/1348
f 2685/196/1348 2684/193/1348 2682/195/1348
s 0
f 2688/190/1349 2687/191/1349 2686/166/1349
s 1
f 2689/192/1349 2688/190/1349 2686/166/1349
s 0
f 2692/287/1350 2691/288/1350 2690/178/1350
f 2693/289/1351 2692/287/1351 2690/178/1351
f 2696/283/1352 2695/284/1352 2694/285/1352
f 2697/286/1353 2696/283/1353 2694/285/1353
f 2700/556/33 2699/557/33 2698/558/33
f 2700/556/33 2698/558/33 2701/559/1354
s 1
f 2702/560/1355 2700/556/1356 2701/559/1354
f 2703/561/1357 2702/560/1355 2701/559/1354
s 0
f 2706/235/1349 2705/236/1349 2704/237/1349
s 1
f 2707/238/1349 2706/235/1349 2704/237/1349
s 0
f 2710/239/1348 2709/240/1348 2708/180/1348
f 2711/241/1348 2710/239/1348 2708/180/1348
s 1
f 2714/254/1358 2713/255/1358 2712/256/1358
s 0
f 2715/257/1358 2714/254/1358 2712/256/1358
s 1
f 2718/277/1359 2717/278/1360 2716/279/1361
f 2718/277/1359 2716/279/1361 2719/280/1362
s 0
f 2722/281/213 2721/277/213 2720/280/213
f 2723/282/213 2722/281/213 2720/280/213
f 2726/184/33 2725/185/33 2724/186/33
f 2726/184/33 2724/186/33 2727/187/33
f 2728/188/33 2726/184/33 2727/187/33
f 2729/189/33 2728/188/33 2727/187/33
f 2732/290/158 2731/291/158 2730/292/158
f 2733/293/158 2732/290/158 2730/292/158
s 1
f 2736/369/1363 2735/256/1364 2734/370/1365
f 2735/256/1364 2736/369/1363 2737/371/1366
f 2738/342/1366 2735/256/1364 2737/371/1366
f 2738/342/1366 2737/371/1366 2739/372/1367
f 2740/343/1367 2738/342/1366 2739/372/1367
f 2740/343/1367 2739/372/1367 2741/373/1368
f 2742/344/1368 2740/343/1367 2741/373/1368
f 2742/344/1368 2741/373/1368 2743/374/1369
f 2744/241/1370 2742/344/1368 2743/374/1369
f 2745/375/1371 2744/241/1370 2743/374/1369
f 2748/376/1372 2747/237/1373 2746/377/1374
f 2747/237/1373 2748/376/1372 2749/378/1375
f 2750/339/1375 2747/237/1373 2749/378/1375
f 2750/339/1375 2749/378/1375 2751/379/1376
f 2752/340/1376 2750/339/1375 2751/379/1376
f 2752/340/1376 2751/379/1376 2753/380/1377
f 2754/341/1377 2752/340/1376 2753/380/1377
f 2754/341/1377 2753/380/1377 2755/381/1378
f 2756/289/1379 2754/341/1377 2755/381/1378
f 2757/382/1380 2756/289/1379 2755/381/1378
f 2760/345/1381 2759/346/1382 2758/347/1381
s 0
f 2761/348/1383 2760/345/1383 2758/347/1383
f 2764/349/1384 2763/350/1384 2762/351/1384
f 2765/352/1384 2764/349/1384 2762/351/1384
f 2768/353/155 2767/267/155 2766/270/155
f 2769/171/155 2768/353/155 2766/270/155
f 2768/353/155 2769/171/155 2770/354/155
s 1
f 2773/368/1385 2772/617/1385 2771/618/1386
f 2774/600/1386 2773/368/1385 2771/618/1386
f 2774/600/1386 2771/618/1386 2775/619/1387
f 2776/601/1388 2774/600/1386 2775/619/1387
f 2777/620/1389 2776/601/1388 2775/619/1387
f 2777/620/1389 2778/621/1390 2776/601/1388
f 2778/621/1390 2779/622/1391 2776/601/1388
f 2780/602/1392 2776/601/1388 2779/622/1391
f 2780/602/1392 2779/622/1391 2781/623/1393
f 2782/603/1393 2780/602/1392 2781/623/1393
s 0
f 2785/171/1315 2784/270/1315 2783/173/1315
s 1
f 2784/270/1316 2786/269/1313 2783/173/1316
s 0
f 2787/447/1316 2783/173/1316 2786/269/1316
f 2788/448/1315 2783/173/1315 2787/447/1315
f 2789/449/1315 2783/173/1315 2788/448/1315
f 2790/265/1317 2783/173/1317 2789/449/1317
f 2791/175/1320 2783/173/1320 2790/265/1320
s 1
f 2792/262/1320 2791/175/1394 2790/265/1395
s 0
f 2795/171/156 2794/270/156 2793/173/156
f 2794/270/1396 2796/269/1396 2793/173/1396
f 2797/447/156 2793/173/156 2796/269/156
f 2798/448/156 2793/173/156 2797/447/156
f 2799/449/156 2793/173/156 2798/448/156
f 2800/265/156 2793/173/156 2799/449/156
f 2801/175/157 2793/173/157 2800/265/157
f 2802/262/1396 2801/175/1397 2800/265/1397
s 1
f 2805/605/1398 2804/348/1399 2803/347/1400
f 2806/368/1401 2805/605/1398 2803/347/1400
f 2805/605/1398 2806/368/1401 2807/600/1402
f 2807/600/1402 2808/601/1403 2805/605/1398
f 2808/601/1403 2809/602/1404 2805/605/1398
f 2810/603/1405 2805/605/1398 2809/602/1404
f 2811/260/1406 2805/605/1398 2810/603/1405
f 2812/261/1407 2811/260/1406 2810/603/1405
f 2815/262/1408 2814/175/1409 2813/265/1410
s 0
f 2814/175/1408 2816/173/1408 2813/265/1408
f 2817/449/1411 2813/265/1411 2816/173/1411
f 2818/448/1412 2817/449/1412 2816/173/1412
f 2818/448/1413 2816/173/1413 2819/447/1413
f 2819/447/1414 2816/173/1414 2820/269/1414
s 1
f 2821/270/1415 2820/269/1416 2816/173/1410
f 2822/171/1417 2821/270/1415 2816/173/1410
f 2825/235/1418 2824/238/1418 2823/433/1418
f 2828/269/1419 2827/270/1420 2826/267/1421
f 2826/267/1421 2829/268/1422 2828/269/1419
f 2832/263/1423 2831/262/1424 2830/265/1425
f 2833/266/1424 2832/263/1423 2830/265/1425
s 0
f 2836/258/154 2835/259/154 2834/260/154
f 2837/261/155 2836/258/155 2834/260/155
s 1
f 2840/389/1426 2839/195/1427 2838/390/1428
f 2839/195/1427 2840/389/1426 2841/391/1429
f 2842/392/1429 2839/195/1427 2841/391/1429
f 2842/392/1429 2841/391/1429 2843/393/1430
f 2844/394/1430 2842/392/1429 2843/393/1430
f 2844/394/1430 2843/393/1430 2845/395/1431
f 2846/396/1431 2844/394/1430 2845/395/1431
f 2846/396/1431 2845/395/1431 2847/397/1432
f 2848/352/1433 2846/396/1431 2847/397/1432
f 2849/398/1434 2848/352/1433 2847/397/1432
f 2852/399/1435 2851/285/1436 2850/400/1437
f 2851/285/1436 2852/399/1435 2853/401/1438
f 2854/355/1438 2851/285/1436 2853/401/1438
f 2854/355/1438 2853/401/1438 2855/402/1439
f 2856/356/1439 2854/355/1438 2855/402/1439
f 2856/356/1439 2855/402/1439 2857/403/1440
f 2858/357/1440 2856/356/1439 2857/403/1440
f 2858/357/1440 2857/403/1440 2859/404/1441
f 2860/192/1442 2858/357/1440 2859/404/1441
f 2861/405/1443 2860/192/1442 2859/404/1441
s 0
f 2864/289/178 2863/178/178 2862/177/178
f 2865/341/178 2864/289/178 2862/177/178
f 2866/340/178 2865/341/178 2862/177/178
f 2866/340/178 2862/177/178 2867/339/178
f 2862/177/178 2868/237/178 2867/339/178
f 2868/237/178 2862/177/178 2869/238/178
s 1
f 2872/274/1444 2871/273/1445 2870/362/1446
f 2873/361/1444 2872/274/1444 2870/362/1446
f 2874/595/1447 2872/274/1444 2873/361/1444
s 0
f 2872/274/1448 2874/595/1448 2875/596/1448
f 2872/274/1444 2875/596/1449 2876/597/1450
s 1
f 2876/597/1451 2877/598/1451 2872/274/1444
f 2878/276/1452 2872/274/1444 2877/598/1451
f 2879/366/1453 2878/276/1452 2877/598/1451
f 2882/359/1454 2881/360/1455 2880/361/1456
f 2882/359/1454 2880/361/1456 2883/362/1457
s 0
f 2886/420/33 2885/421/33 2884/422/33
f 2886/420/33 2884/422/33 2887/423/33
f 2888/424/33 2886/420/33 2887/423/33
f 2889/425/33 2888/424/33 2887/423/33
s 1
f 2892/274/1458 2891/273/1459 2890/362/1460
f 2893/361/1461 2892/274/1458 2890/362/1460
f 2894/595/1462 2892/274/1458 2893/361/1461
s 0
f 2895/596/1461 2892/274/1463 2894/595/1463
s 1
f 2896/597/1464 2892/274/1465 2895/596/1466
f 2897/598/1467 2892/274/1465 2896/597/1464
f 2898/276/1468 2892/274/1465 2897/598/1467
f 2899/366/1469 2898/276/1468 2897/598/1467
f 2902/605/1470 2901/348/1471 2900/347/1472
f 2903/368/1473 2902/605/1470 2900/347/1472
f 2904/600/1474 2902/605/1470 2903/368/1473
s 0
f 2905/601/1475 2902/605/1476 2904/600/1477
s 1
f 2906/602/1478 2902/605/1473 2905/601/1478
f 2907/603/1479 2902/605/1473 2906/602/1478
f 2908/260/1480 2902/605/1473 2907/603/1479
f 2909/261/1481 2908/260/1480 2907/603/1479
f 2912/366/339 2911/276/1482 2910/598/1482
s 0
f 2911/276/339 2913/274/339 2910/598/339
f 2910/598/1483 2913/274/1483 2914/597/1483
s 1
f 2915/596/1484 2914/597/1484 2913/274/1484
f 2916/595/1484 2915/596/1484 2913/274/1484
s 0
f 2917/361/1485 2916/595/1485 2913/274/1485
f 2917/361/1486 2913/274/1486 2918/362/1486
f 2913/274/1484 2919/273/1484 2918/362/1484
f 2922/157/33 2921/158/33 2920/155/33
f 2921/158/33 2923/159/33 2920/155/33
f 2923/159/33 2924/156/33 2920/155/33
f 2925/154/33 2920/155/33 2924/156/33
s 1
f 2928/624/1487 2927/625/1488 2926/571/1488
f 2929/570/1489 2928/624/1487 2926/571/1488
f 2928/624/1487 2929/570/1489 2930/626/1490
f 2929/570/1489 2931/569/1491 2930/626/1490
f 2931/569/1491 2932/627/1492 2930/626/1490
f 2931/569/1491 2933/568/1493 2932/627/1492
f 2934/628/1494 2932/627/1492 2933/568/1493
f 2935/629/1495 2934/628/1494 2933/568/1493
f 2935/629/1495 2933/568/1493 2936/279/1496
f 2937/630/1496 2935/629/1495 2936/279/1496
s 0
f 2940/578/1107 2939/419/1107 2938/351/1107
f 2941/451/1107 2940/578/1107 2938/351/1107
f 2944/190/180 2943/191/180 2942/166/180
f 2945/192/180 2944/190/180 2942/166/180
f 2948/439/154 2947/440/154 2946/94/154
f 2948/439/154 2946/94/154 2949/438/154
f 2949/438/154 2946/94/154 2950/437/154
f 2946/94/154 2951/95/154 2950/437/154
f 2951/95/154 2952/106/154 2950/437/154
f 2952/106/154 2953/242/154 2950/437/154
f 2956/206/154 2955/13/154 2954/87/154
f 2957/436/154 2956/206/154 2954/87/154
f 2957/436/154 2954/87/154 2958/88/154
f 2959/435/154 2957/436/154 2958/88/154
f 2959/435/154 2958/88/154 2960/434/154
f 2960/434/154 2958/88/154 2961/89/154
f 2962/446/154 2960/434/154 2961/89/154
f 2962/446/154 2961/89/154 2963/445/154
f 2963/445/154 2961/89/154 2964/90/154
f 2965/444/154 2963/445/154 2964/90/154
f 2965/444/154 2964/90/154 2966/91/154
f 2967/443/154 2965/444/154 2966/91/154
f 2967/443/154 2966/91/154 2968/92/154
f 2969/442/154 2967/443/154 2968/92/154
f 2969/442/154 2968/92/154 2970/93/154
f 2971/441/154 2969/442/154 2970/93/154
f 2971/441/154 2970/93/154 2947/440/154
f 2947/440/154 2970/93/154 2946/94/154
f 2974/406/33 2973/407/33 2972/29/33
f 2974/406/33 2972/29/33 2975/408/33
f 2975/408/33 2972/29/33 2976/17/33
f 2977/409/33 2975/408/33 2976/17/33
f 2977/409/33 2976/17/33 2978/11/33
f 2979/248/33 2977/409/33 2978/11/33
f 2982/200/33 2981/131/33 2980/132/33
f 2983/410/33 2982/200/33 2980/132/33
f 2983/410/33 2980/132/33 2984/133/33
f 2985/411/33 2983/410/33 2984/133/33
f 2985/411/33 2984/133/33 2986/412/33
f 2986/412/33 2984/133/33 2987/19/33
f 2988/413/33 2986/412/33 2987/19/33
f 2988/413/33 2987/19/33 2989/414/33
f 2989/414/33 2987/19/33 2990/21/33
f 2991/415/33 2989/414/33 2990/21/33
f 2991/415/33 2990/21/33 2992/23/33
f 2993/416/33 2991/415/33 2992/23/33
f 2993/416/33 2992/23/33 2994/25/33
f 2995/417/33 2993/416/33 2994/25/33
f 2995/417/33 2994/25/33 2996/27/33
f 2997/418/33 2995/417/33 2996/27/33
f 2997/418/33 2996/27/33 2973/407/33
f 2973/407/33 2996/27/33 2972/29/33
f 3000/420/158 2999/421/158 2998/422/158
f 3000/420/158 2998/422/158 3001/423/158
s 1
f 3002/424/1497 3000/420/158 3001/423/1498
f 3003/425/1499 3002/424/1497 3001/423/1498
s 0
f 3006/578/161 3005/419/161 3004/351/161
f 3007/451/161 3006/578/161 3004/351/161
s 1
f 3010/605/1500 3009/348/1501 3008/347/888
f 3011/368/1502 3010/605/1500 3008/347/888
s 0
f 3012/600/1503 3010/605/1503 3011/368/1502
f 3013/601/1504 3010/605/1504 3012/600/1504
f 3014/602/1504 3010/605/1504 3013/601/1504
f 3015/603/1500 3010/605/1500 3014/602/1500
s 1
f 3016/260/889 3010/605/1505 3015/603/1506
f 3017/261/1507 3016/260/889 3015/603/1506
s 0
f 3020/176/1105 3019/177/1105 3018/178/1105
f 3021/179/1106 3020/176/1106 3018/178/1106
f 3024/406/178 3023/407/178 3022/29/178
f 3024/406/178 3022/29/178 3025/408/178
f 3025/408/178 3022/29/178 3026/17/178
f 3027/409/178 3025/408/178 3026/17/178
f 3027/409/178 3026/17/178 3028/248/178
f 3026/17/178 3029/11/178 3028/248/178
f 3032/131/178 3031/132/178 3030/200/178
f 3031/132/178 3033/410/178 3030/200/178
f 3033/410/178 3031/132/178 3034/133/178
f 3035/411/178 3033/410/178 3034/133/178
f 3035/411/178 3034/133/178 3036/412/178
f 3036/412/178 3034/133/178 3037/413/178
f 3034/133/178 3038/19/178 3037/413/178
f 3037/413/178 3038/19/178 3039/414/178
f 3039/414/178 3038/19/178 3040/21/178
f 3041/415/178 3039/414/178 3040/21/178
f 3041/415/178 3040/21/178 3042/23/178
f 3043/416/178 3041/415/178 3042/23/178
f 3043/416/178 3042/23/178 3044/25/178
f 3045/417/178 3043/416/178 3044/25/178
f 3045/417/178 3044/25/178 3046/27/178
f 3047/418/178 3045/417/178 3046/27/178
f 3047/418/178 3046/27/178 3023/407/178
f 3023/407/178 3046/27/178 3022/29/178
s 1
f 3050/269/1508 3049/607/1508 3048/608/1509
f 3051/447/1509 3050/269/1508 3048/608/1509
f 3051/447/1509 3048/608/1509 3052/609/1510
f 3053/448/1511 3051/447/1509 3052/609/1510
f 3054/610/1512 3053/448/1511 3052/609/1510
f 3054/610/1512 3055/611/1513 3053/448/1511
f 3055/611/1513 3056/612/1514 3053/448/1511
f 3057/449/1515 3053/448/1511 3056/612/1514
f 3057/449/1515 3056/612/1514 3058/613/1516
f 3059/265/1516 3057/449/1515 3058/613/1516
f 3062/361/1517 3061/631/1517 3060/632/1518
f 3063/595/1518 3062/361/1517 3060/632/1518
f 3063/595/1518 3060/632/1518 3064/633/1519
f 3065/596/1520 3063/595/1518 3064/633/1519
f 3066/634/1521 3065/596/1520 3064/633/1519
f 3066/634/1521 3067/635/1522 3065/596/1520
f 3067/635/1522 3068/636/1523 3065/596/1520
f 3069/597/1524 3065/596/1520 3068/636/1523
f 3069/597/1524 3068/636/1523 3070/637/1525
f 3071/598/1525 3069/597/1524 3070/637/1525
f 3074/290/1526 3073/571/1527 3072/638/1528
f 3073/571/1527 3074/290/1526 3075/293/1529
s 0
f 3078/419/1530 3077/578/1530 3076/606/1530
f 3081/182/160 3080/183/160 3079/180/160
f 3082/181/159 3081/182/159 3079/180/159
s 1
f 3085/353/1531 3084/267/1531 3083/270/1531
f 3086/171/1532 3085/353/1531 3083/270/1531
f 3085/353/1531 3086/171/1532 3087/354/1533
s 0
f 3090/193/1534 3089/196/1534 3088/555/1534
f 3093/292/648 3092/453/648 3091/452/648
f 3092/453/648 3094/454/648 3091/452/648
f 3095/282/648 3091/452/648 3094/454/648
f 3096/455/648 3095/282/648 3094/454/648
f 3099/281/213 3098/282/213 3097/580/213
f 3098/282/213 3099/281/213 3100/280/213
f 3099/281/213 3101/277/213 3100/280/213
s 1
f 3104/542/1535 3103/544/1536 3102/543/1537
f 3105/541/1538 3104/542/1535 3102/543/1537
f 3104/542/1535 3105/541/1538 3106/539/1539
f 3105/541/1538 3107/540/1540 3106/539/1539
f 3107/540/1540 3108/537/1541 3106/539/1539
f 3108/537/1541 3109/538/213 3106/539/1539
f 3112/526/179 3111/525/1542 3110/524/1543
f 3111/525/1542 3113/523/1544 3110/524/1543
f 3110/524/1543 3113/523/1544 3114/522/1545
f 3113/523/1544 3115/521/1546 3114/522/1545
f 3116/520/1547 3114/522/1545 3115/521/1546
f 3117/519/1548 3116/520/1547 3115/521/1546
f 3118/554/1549 3116/520/1547 3117/519/1548
f 3119/553/1550 3118/554/1549 3117/519/1548
f 3120/552/1551 3118/554/1549 3119/553/1550
f 3121/551/1552 3120/552/1551 3119/553/1550
f 3122/550/206 3120/552/1551 3121/551/1552
f 3123/549/1553 3122/550/206 3121/551/1552
f 3124/548/1554 3122/550/206 3123/549/1553
f 3125/547/1555 3124/548/1554 3123/549/1553
f 3126/546/1556 3124/548/1554 3125/547/1555
f 3127/545/1557 3126/546/1556 3125/547/1555
f 3103/544/1536 3126/546/1556 3127/545/1557
f 3102/543/1537 3103/544/1536 3127/545/1557
f 3130/506/1558 3129/508/1559 3128/507/1560
f 3131/505/1561 3130/506/1558 3128/507/1560
f 3132/504/1562 3130/506/1558 3131/505/1561
f 3133/503/1563 3132/504/1562 3131/505/1561
f 3134/502/161 3132/504/1562 3133/503/1563
f 3135/501/1564 3134/502/161 3133/503/1563
f 3135/501/1564 3136/536/1565 3134/502/161
f 3136/536/1565 3137/535/1566 3134/502/161
f 3136/536/1565 3138/534/1567 3137/535/1566
f 3138/534/1567 3139/533/1568 3137/535/1566
f 3138/534/1567 3140/532/1569 3139/533/1568
f 3140/532/1569 3141/531/1570 3139/533/1568
f 3140/532/1569 3142/529/1571 3141/531/1570
f 3142/529/1571 3143/530/1572 3141/531/1570
f 3143/530/1572 3142/529/1571 3144/527/1573
f 3142/529/1571 3145/528/1574 3144/527/1573
f 3145/528/1574 3111/525/1542 3144/527/1573
f 3111/525/1542 3112/526/179 3144/527/1573
f 3148/488/1575 3147/490/887 3146/489/1576
f 3149/487/1577 3148/488/1575 3146/489/1576
f 3150/486/1578 3148/488/1575 3149/487/1577
f 3151/485/1579 3150/486/1578 3149/487/1577
f 3152/484/1580 3150/486/1578 3151/485/1579
f 3153/483/1581 3152/484/1580 3151/485/1579
f 3154/518/1582 3152/484/1580 3153/483/1581
f 3155/517/1583 3154/518/1582 3153/483/1581
f 3154/518/1582 3155/517/1583 3156/515/1584
f 3155/517/1583 3157/516/1585 3156/515/1584
f 3157/516/1585 3158/513/1586 3156/515/1584
f 3158/513/1586 3159/514/158 3156/515/1584
f 3159/514/158 3158/513/1586 3160/512/1587
f 3158/513/1586 3161/511/1588 3160/512/1587
f 3160/512/1587 3161/511/1588 3162/510/1589
f 3161/511/1588 3163/509/1590 3162/510/1589
f 3129/508/1559 3162/510/1589 3163/509/1590
f 3128/507/1560 3129/508/1559 3163/509/1590
f 3166/470/1591 3165/472/1592 3164/471/1593
f 3167/469/1594 3166/470/1591 3164/471/1593
f 3166/470/1591 3167/469/1594 3168/467/1595
f 3167/469/1594 3169/468/1596 3168/467/1595
f 3169/468/1596 3170/465/1597 3168/467/1595
f 3170/465/1597 3171/466/154 3168/467/1595
f 3171/466/154 3170/465/1597 3172/500/1598
f 3170/465/1597 3173/499/1599 3172/500/1598
f 3172/500/1598 3173/499/1599 3174/498/1600
f 3173/499/1599 3175/497/1601 3174/498/1600
f 3176/496/1602 3174/498/1600 3175/497/1601
f 3177/495/1603 3176/496/1602 3175/497/1601
f 3178/494/1604 3176/496/1602 3177/495/1603
f 3179/493/1605 3178/494/1604 3177/495/1603
f 3180/492/1606 3178/494/1604 3179/493/1605
f 3181/491/1607 3180/492/1606 3179/493/1605
f 3147/490/887 3180/492/1606 3181/491/1607
f 3146/489/1576 3147/490/887 3181/491/1607
f 3184/464/213 3183/463/1541 3182/462/1608
f 3183/463/1541 3185/461/1609 3182/462/1608
f 3182/462/1608 3185/461/1609 3186/460/1610
f 3185/461/1609 3187/459/1611 3186/460/1610
f 3188/458/1612 3186/460/1610 3187/459/1611
f 3189/457/1613 3188/458/1612 3187/459/1611
f 3190/482/1614 3188/458/1612 3189/457/1613
f 3191/481/1615 3190/482/1614 3189/457/1613
f 3192/480/1616 3190/482/1614 3191/481/1615
f 3193/479/1617 3192/480/1616 3191/481/1615
f 3194/478/1618 3192/480/1616 3193/479/1617
f 3195/477/1619 3194/478/1618 3193/479/1617
f 3196/476/1620 3194/478/1618 3195/477/1619
f 3197/475/1621 3196/476/1620 3195/477/1619
f 3198/474/1622 3196/476/1620 3197/475/1621
f 3199/473/1623 3198/474/1622 3197/475/1621
f 3165/472/1592 3198/474/1622 3199/473/1623
f 3164/471/1593 3165/472/1592 3199/473/1623
s 0
f 3202/169/1356 3201/286/1356 3200/285/1356
f 3202/169/33 3200/285/33 3203/355/33
f 3202/169/33 3203/355/33 3204/356/33
f 3202/169/33 3204/356/33 3205/357/33
f 3202/169/33 3205/357/33 3206/192/33
f 3207/166/33 3202/169/33 3206/192/33
f 3210/456/1624 3209/179/1624 3208/178/1624
f 3213/276/581 3212/275/581 3211/274/581
f 3212/275/581 3214/271/581 3211/274/581
f 3215/273/581 3211/274/581 3214/271/581
f 3216/272/581 3215/273/581 3214/271/581
f 3219/237/154 3218/177/154 3217/238/154
f 3219/237/154 3220/339/154 3218/177/154
f 3218/177/154 3220/339/154 3221/340/154
f 3221/340/154 3222/341/154 3218/177/154
f 3223/289/154 3218/177/154 3222/341/154
f 3223/289/154 3224/178/154 3218/177/154
f 3227/456/1625 3226/179/1625 3225/178/1625
s 1
f 3230/452/1626 3229/282/1627 3228/280/1628
f 3231/279/1629 3230/452/1626 3228/280/1628
f 3231/279/1629 3232/568/1630 3230/452/1626
f 3233/569/1631 3230/452/1626 3232/568/1630
f 3233/569/1631 3234/570/1632 3230/452/1626
f 3234/570/1632 3235/571/1631 3230/452/1626
f 3236/292/1633 3230/452/1626 3235/571/1631
f 3237/293/1634 3236/292/1633 3235/571/1631
f 3240/399/1635 3239/285/1636 3238/400/1637
f 3239/285/1636 3240/399/1635 3241/401/1638
f 3242/355/1638 3239/285/1636 3241/401/1638
f 3242/355/1638 3241/401/1638 3243/402/1639
f 3244/356/1639 3242/355/1638 3243/402/1639
f 3244/356/1639 3243/402/1639 3245/403/1640
f 3246/357/1640 3244/356/1639 3245/403/1640
f 3246/357/1640 3245/403/1640 3247/404/1641
f 3248/192/1642 3246/357/1640 3247/404/1641
f 3249/405/1643 3248/192/1642 3247/404/1641
s 0
f 3252/176/1644 3251/639/1644 3250/177/1644
s 1
f 3255/542/1645 3254/544/1646 3253/543/1647
f 3256/541/1648 3255/542/1645 3253/543/1647
f 3255/542/1645 3256/541/1648 3257/539/1649
f 3256/541/1648 3258/540/1650 3257/539/1649
f 3258/540/1650 3259/537/1651 3257/539/1649
f 3259/537/1651 3260/538/213 3257/539/1649
f 3263/526/33 3262/525/1652 3261/524/1653
f 3262/525/1652 3264/523/1654 3261/524/1653
f 3261/524/1653 3264/523/1654 3265/522/1655
f 3264/523/1654 3266/521/1656 3265/522/1655
f 3267/520/1657 3265/522/1655 3266/521/1656
f 3268/519/1658 3267/520/1657 3266/521/1656
f 3269/554/1659 3267/520/1657 3268/519/1658
f 3270/553/1660 3269/554/1659 3268/519/1658
f 3271/552/1661 3269/554/1659 3270/553/1660
f 3272/551/1662 3271/552/1661 3270/553/1660
f 3273/550/207 3271/552/1661 3272/551/1662
f 3274/549/1663 3273/550/207 3272/551/1662
f 3275/548/1664 3273/550/207 3274/549/1663
f 3276/547/1665 3275/548/1664 3274/549/1663
f 3277/546/1666 3275/548/1664 3276/547/1665
f 3278/545/1667 3277/546/1666 3276/547/1665
f 3254/544/1646 3277/546/1666 3278/545/1667
f 3253/543/1647 3254/544/1646 3278/545/1667
f 3281/506/1668 3280/508/1669 3279/507/1670
f 3282/505/1671 3281/506/1668 3279/507/1670
f 3283/504/1672 3281/506/1668 3282/505/1671
f 3284/503/1673 3283/504/1672 3282/505/1671
f 3285/502/1098 3283/504/1672 3284/503/1673
f 3286/501/1674 3285/502/1098 3284/503/1673
f 3286/501/1674 3287/536/1675 3285/502/1098
f 3287/536/1675 3288/535/1676 3285/502/1098
f 3287/536/1675 3289/534/1677 3288/535/1676
f 3289/534/1677 3290/533/1678 3288/535/1676
f 3289/534/1677 3291/532/1679 3290/533/1678
f 3291/532/1679 3292/531/1680 3290/533/1678
f 3291/532/1679 3293/529/1681 3292/531/1680
f 3293/529/1681 3294/530/1682 3292/531/1680
f 3294/530/1682 3293/529/1681 3295/527/1683
f 3293/529/1681 3296/528/1684 3295/527/1683
f 3296/528/1684 3262/525/1652 3295/527/1683
f 3262/525/1652 3263/526/33 3295/527/1683
f 3299/488/1685 3298/490/1285 3297/489/1686
f 3300/487/1687 3299/488/1685 3297/489/1686
f 3301/486/1688 3299/488/1685 3300/487/1687
f 3302/485/1689 3301/486/1688 3300/487/1687
f 3303/484/1690 3301/486/1688 3302/485/1689
f 3304/483/1691 3303/484/1690 3302/485/1689
f 3305/518/1692 3303/484/1690 3304/483/1691
f 3306/517/1693 3305/518/1692 3304/483/1691
f 3305/518/1692 3306/517/1693 3307/515/1694
f 3306/517/1693 3308/516/1695 3307/515/1694
f 3308/516/1695 3309/513/1696 3307/515/1694
f 3309/513/1696 3310/514/158 3307/515/1694
f 3310/514/158 3309/513/1696 3311/512/1697
f 3309/513/1696 3312/511/1698 3311/512/1697
f 3311/512/1697 3312/511/1698 3313/510/1699
f 3312/511/1698 3314/509/1700 3313/510/1699
f 3280/508/1669 3313/510/1699 3314/509/1700
f 3279/507/1670 3280/508/1669 3314/509/1700
f 3317/470/1701 3316/472/1702 3315/471/1703
f 3318/469/1704 3317/470/1701 3315/471/1703
f 3317/470/1701 3318/469/1704 3319/467/1705
f 3318/469/1704 3320/468/1706 3319/467/1705
f 3320/468/1706 3321/465/1707 3319/467/1705
f 3321/465/1707 3322/466/178 3319/467/1705
f 3322/466/178 3321/465/1707 3323/500/1708
f 3321/465/1707 3324/499/1709 3323/500/1708
f 3323/500/1708 3324/499/1709 3325/498/1710
f 3324/499/1709 3326/497/1711 3325/498/1710
f 3327/496/1712 3325/498/1710 3326/497/1711
f 3328/495/1713 3327/496/1712 3326/497/1711
f 3329/494/1714 3327/496/1712 3328/495/1713
f 3330/493/1715 3329/494/1714 3328/495/1713
f 3331/492/1716 3329/494/1714 3330/493/1715
f 3332/491/1717 3331/492/1716 3330/493/1715
f 3298/490/1285 3331/492/1716 3332/491/1717
f 3297/489/1686 3298/490/1285 3332/491/1717
f 3335/464/213 3334/463/1651 3333/462/1718
f 3334/463/1651 3336/461/1719 3333/462/1718
f 3333/462/1718 3336/461/1719 3337/460/1720
f 3336/461/1719 3338/459/1721 3337/460/1720
f 3339/458/1722 3337/460/1720 3338/459/1721
f 3340/457/1723 3339/458/1722 3338/459/1721
f 3341/482/1724 3339/458/1722 3340/457/1723
f 3342/481/1725 3341/482/1724 3340/457/1723
f 3343/480/1726 3341/482/1724 3342/481/1725
f 3344/479/1727 3343/480/1726 3342/481/1725
f 3345/478/1321 3343/480/1726 3344/479/1727
f 3346/477/1728 3345/478/1321 3344/479/1727
f 3347/476/1729 3345/478/1321 3346/477/1728
f 3348/475/1730 3347/476/1729 3346/477/1728
f 3349/474/1731 3347/476/1729 3348/475/1730
f 3350/473/1732 3349/474/1731 3348/475/1730
f 3316/472/1702 3349/474/1731 3350/473/1732
f 3315/471/1703 3316/472/1702 3350/473/1732
s 0
f 3353/192/178 3352/166/178 3351/169/178
f 3354/357/178 3353/192/178 3351/169/178
f 3355/356/178 3354/357/178 3351/169/178
f 3351/169/178 3356/355/178 3355/356/178
f 3351/169/178 3357/285/178 3356/355/178
f 3351/169/178 3358/286/178 3357/285/178
f 3361/352/213 3360/351/213 3359/419/213
f 3359/419/213 3362/396/213 3361/352/213
f 3359/419/213 3363/394/213 3362/396/213
f 3359/419/213 3364/392/213 3363/394/213
f 3359/419/213 3365/195/213 3364/392/213
f 3366/196/213 3365/195/213 3359/419/213
f 3369/177/33 3368/238/33 3367/237/33
f 3369/177/33 3367/237/33 3370/339/33
f 3370/339/1356 3371/340/1356 3369/177/1356
f 3371/340/886 3372/341/886 3369/177/886
f 3372/341/1356 3373/289/1356 3369/177/1356
f 3374/178/1356 3369/177/1356 3373/289/1356
f 3377/450/1733 3376/451/1733 3375/351/1733
s 1
f 3380/452/1734 3379/282/1735 3378/280/1736
f 3381/279/1737 3380/452/1734 3378/280/1736
f 3381/279/1737 3382/568/1738 3380/452/1734
s 0
f 3383/569/1739 3380/452/1739 3382/568/1739
s 1
f 3384/570/1740 3380/452/1741 3383/569/1739
f 3385/571/1734 3380/452/1741 3384/570/1740
f 3386/292/1742 3380/452/1741 3385/571/1734
f 3387/293/1743 3386/292/1742 3385/571/1734
f 3390/128/1744 3389/129/1745 3388/134/1746
f 3391/135/1747 3390/128/1744 3388/134/1746
f 3390/128/1744 3391/135/1747 3392/127/1748
f 3391/135/1747 3393/126/1749 3392/127/1748
f 3393/126/1749 3391/135/1747 3394/124/1750
f 3395/121/1751 3394/124/1750 3391/135/1747
f 3395/121/1751 3396/122/1752 3394/124/1750
f 3388/134/1746 3395/121/1751 3391/135/1747
f 3390/128/1744 3397/108/1101 3389/129/1745
f 3397/108/1101 3390/128/1744 3398/110/1753
f 3390/128/1744 3392/127/1748 3398/110/1753
f 3392/127/1748 3399/33/179 3398/110/1753
f 3393/126/1749 3399/33/179 3392/127/1748
f 3400/125/1754 3399/33/179 3393/126/1749
f 3400/125/1754 3393/126/1749 3394/124/1750
f 3400/125/1754 3394/124/1750 3401/123/1755
f 3396/122/1752 3401/123/1755 3394/124/1750
f 3396/122/1752 3402/153/1756 3401/123/1755
f 3402/153/1756 3403/147/1757 3401/123/1755
f 3402/153/1756 3404/152/1758 3403/147/1757
f 3404/152/1758 3405/139/1759 3403/147/1757
f 3404/152/1758 3406/151/1760 3405/139/1759
f 3406/151/1760 3407/140/1761 3405/139/1759
f 3406/151/1760 3408/150/1762 3407/140/1761
f 3408/150/1762 3409/142/1763 3407/140/1761
f 3408/150/1762 3410/149/1764 3409/142/1763
f 3399/33/179 3412/116/1765 3411/115/1766
f 3399/33/179 3411/115/1766 3413/114/1767
f 3399/33/179 3413/114/1767 3414/113/1768
f 3399/33/179 3414/113/1768 3415/112/1769
f 3399/33/179 3415/112/1769 3416/111/1770
f 3417/109/1771 3399/33/179 3416/111/1770
f 3398/110/1753 3399/33/179 3417/109/1771
f 3397/108/1101 3398/110/1753 3417/109/1771
f 3419/97/1772 3399/33/179 3418/98/1773
f 3420/78/1774 3399/33/179 3419/97/1772
f 3421/77/1775 3399/33/179 3420/78/1774
f 3399/33/179 3421/77/1775 3422/76/1776
f 3399/33/179 3422/76/1776 3423/75/1777
f 3399/33/179 3423/75/1777 3424/74/1778
f 3399/33/179 3424/74/1778 3425/73/1779
f 3399/33/179 3425/73/1779 3426/72/1780
f 3399/33/179 3426/72/1780 3427/71/1781
f 3399/33/179 3427/71/1781 3428/70/1782
f 3399/33/179 3428/70/1782 3429/69/1783
f 3430/14/1784 3399/33/179 3429/69/1783
f 3431/15/1785 3399/33/179 3430/14/1784
f 3432/32/1786 3399/33/179 3431/15/1785
f 3433/119/1787 3399/33/179 3432/32/1786
f 3399/33/179 3433/119/1787 3434/118/1788
f 3399/33/179 3434/118/1788 3435/117/1789
f 3399/33/179 3435/117/1789 3412/116/1765
f 3433/119/1787 3437/31/1790 3436/30/1791
f 3437/31/1790 3433/119/1787 3432/32/1786
f 3438/16/1792 3437/31/1790 3432/32/1786
f 3438/16/1792 3432/32/1786 3431/15/1785
f 3439/9/1793 3438/16/1792 3431/15/1785
f 3439/9/1793 3431/15/1785 3430/14/1784
f 3440/12/1794 3439/9/1793 3430/14/1784
f 3440/12/1794 3430/14/1784 3429/69/1783
f 3441/68/1795 3440/12/1794 3429/69/1783
f 3429/69/1783 3428/70/1782 3441/68/1795
f 3428/70/1782 3442/86/1796 3441/68/1795
f 3428/70/1782 3427/71/1781 3442/86/1796
f 3427/71/1781 3443/85/1797 3442/86/1796
f 3427/71/1781 3426/72/1780 3443/85/1797
f 3426/72/1780 3444/84/1798 3443/85/1797
f 3426/72/1780 3425/73/1779 3444/84/1798
f 3425/73/1779 3445/83/1799 3444/84/1798
f 3425/73/1779 3424/74/1778 3445/83/1799
f 3447/138/1800 3399/33/179 3446/136/1801
f 3448/141/1802 3399/33/179 3447/138/1800
f 3449/143/1803 3399/33/179 3448/141/1802
f 3450/145/1804 3399/33/179 3449/143/1803
f 3451/62/1805 3399/33/179 3450/145/1804
f 3452/61/1806 3399/33/179 3451/62/1805
f 3453/60/1807 3399/33/179 3452/61/1806
f 3454/35/1808 3399/33/179 3453/60/1807
f 3455/34/1809 3399/33/179 3454/35/1808
f 3399/33/179 3455/34/1809 3456/36/1810
f 3399/33/179 3456/36/1810 3457/37/1811
f 3399/33/179 3457/37/1811 3458/38/1812
f 3399/33/179 3458/38/1812 3459/39/1813
f 3399/33/179 3459/39/1813 3460/40/1814
f 3399/33/179 3460/40/1814 3461/41/1815
f 3399/33/179 3461/41/1815 3462/42/1816
f 3399/33/179 3462/42/1816 3463/43/1817
f 3418/98/1773 3399/33/179 3463/43/1817
f 3461/41/1815 3465/46/1818 3464/45/1819
f 3461/41/1815 3460/40/1814 3465/46/1818
f 3460/40/1814 3466/47/1820 3465/46/1818
f 3460/40/1814 3459/39/1813 3466/47/1820
f 3459/39/1813 3467/48/1821 3466/47/1820
f 3459/39/1813 3458/38/1812 3467/48/1821
f 3458/38/1812 3468/49/1822 3467/48/1821
f 3458/38/1812 3457/37/1811 3468/49/1822
f 3457/37/1811 3469/50/1823 3468/49/1822
f 3457/37/1811 3456/36/1810 3469/50/1823
f 3456/36/1810 3470/51/1824 3469/50/1823
f 3456/36/1810 3455/34/1809 3470/51/1824
f 3455/34/1809 3471/52/1825 3470/51/1824
f 3471/52/1825 3455/34/1809 3454/35/1808
f 3472/59/1826 3471/52/1825 3454/35/1808
f 3472/59/1826 3454/35/1808 3453/60/1807
f 3473/66/1827 3472/59/1826 3453/60/1807
f 3473/66/1827 3453/60/1807 3452/61/1806
f 3410/149/1764 3474/144/1828 3409/142/1763
f 3410/149/1764 3475/148/1829 3474/144/1828
f 3475/148/1829 3476/146/1830 3474/144/1828
f 3476/146/1830 3475/148/1829 3477/64/1831
f 3478/63/1832 3476/146/1830 3477/64/1831
f 3478/63/1832 3477/64/1831 3479/65/1833
f 3473/66/1827 3478/63/1832 3479/65/1833
f 3473/66/1827 3479/65/1833 3480/67/1834
f 3472/59/1826 3473/66/1827 3480/67/1834
f 3472/59/1826 3480/67/1834 3481/58/1835
f 3471/52/1825 3472/59/1826 3481/58/1835
f 3481/58/1835 3482/57/1836 3471/52/1825
f 3482/57/1836 3470/51/1824 3471/52/1825
f 3482/57/1836 3483/56/1837 3470/51/1824
f 3483/56/1837 3469/50/1823 3470/51/1824
f 3483/56/1837 3484/55/1838 3469/50/1823
f 3484/55/1838 3468/49/1822 3469/50/1823
f 3484/55/1838 3485/54/1839 3468/49/1822
f 3478/63/1832 3473/66/1827 3452/61/1806
f 3478/63/1832 3452/61/1806 3451/62/1805
f 3476/146/1830 3478/63/1832 3451/62/1805
f 3451/62/1805 3450/145/1804 3476/146/1830
f 3450/145/1804 3474/144/1828 3476/146/1830
f 3450/145/1804 3449/143/1803 3474/144/1828
f 3449/143/1803 3409/142/1763 3474/144/1828
f 3449/143/1803 3448/141/1802 3409/142/1763
f 3448/141/1802 3407/140/1761 3409/142/1763
f 3448/141/1802 3447/138/1800 3407/140/1761
f 3447/138/1800 3405/139/1759 3407/140/1761
f 3447/138/1800 3446/136/1801 3405/139/1759
f 3446/136/1801 3403/147/1757 3405/139/1759
f 3446/136/1801 3486/137/1840 3403/147/1757
f 3486/137/1840 3401/123/1755 3403/147/1757
f 3486/137/1840 3400/125/1754 3401/123/1755
f 3486/137/1840 3399/33/179 3400/125/1754
f 3446/136/1801 3399/33/179 3486/137/1840
f 3485/54/1839 3467/48/1821 3468/49/1822
f 3485/54/1839 3487/53/1841 3467/48/1821
f 3487/53/1841 3466/47/1820 3467/48/1821
f 3487/53/1841 3488/103/1842 3466/47/1820
f 3488/103/1842 3465/46/1818 3466/47/1820
f 3488/103/1842 3489/102/1843 3465/46/1818
f 3489/102/1843 3464/45/1819 3465/46/1818
f 3489/102/1843 3490/101/1844 3464/45/1819
f 3490/101/1844 3491/44/1845 3464/45/1819
f 3491/44/1845 3490/101/1844 3492/100/1846
f 3493/99/1847 3491/44/1845 3492/100/1846
f 3493/99/1847 3492/100/1846 3494/104/1848
f 3495/105/1849 3493/99/1847 3494/104/1848
f 3495/105/1849 3494/104/1848 3496/106/1850
f 3497/96/1851 3495/105/1849 3496/106/1850
f 3497/96/1851 3496/106/1850 3498/95/1852
f 3499/79/1853 3497/96/1851 3498/95/1852
f 3498/95/1852 3500/94/1854 3499/79/1853
f 3424/74/1778 3501/82/1855 3445/83/1799
f 3424/74/1778 3423/75/1777 3501/82/1855
f 3423/75/1777 3502/81/1856 3501/82/1855
f 3423/75/1777 3422/76/1776 3502/81/1856
f 3422/76/1776 3503/80/1857 3502/81/1856
f 3422/76/1776 3421/77/1775 3503/80/1857
f 3421/77/1775 3499/79/1853 3503/80/1857
f 3499/79/1853 3421/77/1775 3420/78/1774
f 3497/96/1851 3499/79/1853 3420/78/1774
f 3497/96/1851 3420/78/1774 3419/97/1772
f 3495/105/1849 3497/96/1851 3419/97/1772
f 3495/105/1849 3419/97/1772 3418/98/1773
f 3493/99/1847 3495/105/1849 3418/98/1773
f 3493/99/1847 3418/98/1773 3463/43/1817
f 3491/44/1845 3493/99/1847 3463/43/1817
f 3463/43/1817 3462/42/1816 3491/44/1845
f 3462/42/1816 3464/45/1819 3491/44/1845
f 3462/42/1816 3461/41/1815 3464/45/1819
f 3500/94/1854 3503/80/1857 3499/79/1853
f 3500/94/1854 3504/93/1858 3503/80/1857
f 3504/93/1858 3502/81/1856 3503/80/1857
f 3504/93/1858 3505/92/1859 3502/81/1856
f 3505/92/1859 3501/82/1855 3502/81/1856
f 3505/92/1859 3506/91/1860 3501/82/1855
f 3506/91/1860 3445/83/1799 3501/82/1855
f 3506/91/1860 3507/90/1861 3445/83/1799
f 3507/90/1861 3444/84/1798 3445/83/1799
f 3507/90/1861 3508/89/1862 3444/84/1798
f 3508/89/1862 3443/85/1797 3444/84/1798
f 3508/89/1862 3509/88/1863 3443/85/1797
f 3509/88/1863 3442/86/1796 3443/85/1797
f 3509/88/1863 3510/87/1864 3442/86/1796
f 3510/87/1864 3441/68/1795 3442/86/1796
f 3441/68/1795 3510/87/1864 3511/13/1865
f 3440/12/1794 3441/68/1795 3511/13/1865
f 3440/12/1794 3511/13/1865 3512/10/1866
f 3439/9/1793 3440/12/1794 3512/10/1866
f 3439/9/1793 3512/10/1866 3513/11/1867
f 3438/16/1792 3439/9/1793 3513/11/1867
f 3438/16/1792 3513/11/1867 3514/17/1868
f 3437/31/1790 3438/16/1792 3514/17/1868
f 3514/17/1868 3515/29/1869 3437/31/1790
f 3515/29/1869 3436/30/1791 3437/31/1790
f 3515/29/1869 3516/27/1870 3436/30/1791
f 3516/27/1870 3517/28/1871 3436/30/1791
f 3516/27/1870 3518/25/1872 3517/28/1871
f 3518/25/1872 3519/26/1873 3517/28/1871
f 3518/25/1872 3520/23/1874 3519/26/1873
f 3520/23/1874 3521/24/1875 3519/26/1873
f 3520/23/1874 3522/21/1876 3521/24/1875
f 3522/21/1876 3523/22/1877 3521/24/1875
f 3522/21/1876 3524/19/1878 3523/22/1877
f 3524/19/1878 3525/18/1879 3523/22/1877
f 3524/19/1878 3526/133/1880 3525/18/1879
f 3527/107/1881 3397/108/1101 3417/109/1771
f 3527/107/1881 3417/109/1771 3416/111/1770
f 3528/120/1882 3527/107/1881 3416/111/1770
f 3416/111/1770 3415/112/1769 3528/120/1882
f 3415/112/1769 3529/20/1883 3528/120/1882
f 3415/112/1769 3414/113/1768 3529/20/1883
f 3414/113/1768 3525/18/1879 3529/20/1883
f 3414/113/1768 3413/114/1767 3525/18/1879
f 3413/114/1767 3523/22/1877 3525/18/1879
f 3413/114/1767 3411/115/1766 3523/22/1877
f 3411/115/1766 3521/24/1875 3523/22/1877
f 3411/115/1766 3412/116/1765 3521/24/1875
f 3412/116/1765 3519/26/1873 3521/24/1875
f 3412/116/1765 3435/117/1789 3519/26/1873
f 3435/117/1789 3517/28/1871 3519/26/1873
f 3435/117/1789 3434/118/1788 3517/28/1871
f 3434/118/1788 3436/30/1791 3517/28/1871
f 3434/118/1788 3433/119/1787 3436/30/1791
f 3526/133/1880 3529/20/1883 3525/18/1879
f 3526/133/1880 3530/132/1884 3529/20/1883
f 3530/132/1884 3528/120/1882 3529/20/1883
f 3528/120/1882 3530/132/1884 3531/131/1885
f 3527/107/1881 3528/120/1882 3531/131/1885
f 3527/107/1881 3531/131/1885 3532/130/1886
f 3397/108/1101 3527/107/1881 3532/130/1886
f 3397/108/1101 3532/130/1886 3389/129/1745
f 3535/274/1887 3534/273/1888 3533/362/1889
f 3536/361/1890 3535/274/1887 3533/362/1889
f 3537/595/1891 3535/274/1887 3536/361/1890
f 3538/596/1892 3535/274/1887 3537/595/1891
f 3535/274/1887 3538/596/1892 3539/597/1893
f 3540/598/1894 3535/274/1887 3539/597/1893
f 3541/276/1895 3535/274/1887 3540/598/1894
f 3542/366/1896 3541/276/1895 3540/598/1894
f 3545/542/612 3544/544/610 3543/543/1897
f 3546/541/1898 3545/542/612 3543/543/1897
f 3545/542/612 3546/541/1898 3547/539/614
f 3546/541/1898 3548/540/1899 3547/539/614
f 3548/540/1899 3549/537/1900 3547/539/614
f 3549/537/1900 3550/538/33 3547/539/614
f 3553/526/179 3552/525/1901 3551/524/627
f 3552/525/1901 3554/523/1902 3551/524/627
f 3551/524/627 3554/523/1902 3555/522/630
f 3554/523/1902 3556/521/1903 3555/522/630
f 3557/520/631 3555/522/630 3556/521/1903
f 3558/519/1904 3557/520/631 3556/521/1903
f 3559/554/633 3557/520/631 3558/519/1904
f 3560/553/1905 3559/554/633 3558/519/1904
f 3561/552/635 3559/554/633 3560/553/1905
f 3562/551/1906 3561/552/635 3560/553/1905
f 3563/550/604 3561/552/635 3562/551/1906
f 3564/549/1907 3563/550/604 3562/551/1906
f 3565/548/606 3563/550/604 3564/549/1907
f 3566/547/1908 3565/548/606 3564/549/1907
f 3567/546/608 3565/548/606 3566/547/1908
f 3568/545/1909 3567/546/608 3566/547/1908
f 3544/544/610 3567/546/608 3568/545/1909
f 3543/543/1897 3544/544/610 3568/545/1909
f 3571/506/644 3570/508/642 3569/507/1910
f 3572/505/1911 3571/506/644 3569/507/1910
f 3573/504/646 3571/506/644 3572/505/1911
f 3574/503/1912 3573/504/646 3572/505/1911
f 3575/502/648 3573/504/646 3574/503/1912
f 3576/501/1913 3575/502/648 3574/503/1912
f 3576/501/1913 3577/536/1914 3575/502/648
f 3577/536/1914 3578/535/650 3575/502/648
f 3577/536/1914 3579/534/1915 3578/535/650
f 3579/534/1915 3580/533/652 3578/535/650
f 3579/534/1915 3581/532/1916 3580/533/652
f 3581/532/1916 3582/531/621 3580/533/652
f 3581/532/1916 3583/529/1917 3582/531/621
f 3583/529/1917 3584/530/623 3582/531/621
f 3584/530/623 3583/529/1917 3585/527/625
f 3583/529/1917 3586/528/1918 3585/527/625
f 3586/528/1918 3552/525/1901 3585/527/625
f 3552/525/1901 3553/526/179 3585/527/625
f 3589/488/583 3588/490/581 3587/489/1919
f 3590/487/1920 3589/488/583 3587/489/1919
f 3591/486/585 3589/488/583 3590/487/1920
f 3592/485/1921 3591/486/585 3590/487/1920
f 3593/484/563 3591/486/585 3592/485/1921
f 3594/483/1922 3593/484/563 3592/485/1921
f 3595/518/565 3593/484/563 3594/483/1922
f 3596/517/1923 3595/518/565 3594/483/1922
f 3595/518/565 3596/517/1923 3597/515/567
f 3596/517/1923 3598/516/1924 3597/515/567
f 3598/516/1924 3599/513/1925 3597/515/567
f 3599/513/1925 3600/514/178 3597/515/567
f 3600/514/178 3599/513/1925 3601/512/637
f 3599/513/1925 3602/511/1926 3601/512/637
f 3601/512/637 3602/511/1926 3603/510/640
f 3602/511/1926 3604/509/1927 3603/510/640
f 3570/508/642 3603/510/640 3604/509/1927
f 3569/507/1910 3570/508/642 3604/509/1927
f 3607/470/600 3606/472/598 3605/471/1928
f 3608/469/1929 3607/470/600 3605/471/1928
f 3607/470/600 3608/469/1929 3609/467/602
f 3608/469/1929 3610/468/1930 3609/467/602
f 3610/468/1930 3611/465/1931 3609/467/602
f 3611/465/1931 3612/466/154 3609/467/602
f 3612/466/154 3611/465/1931 3613/500/570
f 3611/465/1931 3614/499/1932 3613/500/570
f 3613/500/570 3614/499/1932 3615/498/573
f 3614/499/1932 3616/497/1933 3615/498/573
f 3617/496/575 3615/498/573 3616/497/1933
f 3618/495/1934 3617/496/575 3616/497/1933
f 3619/494/577 3617/496/575 3618/495/1934
f 3620/493/1935 3619/494/577 3618/495/1934
f 3621/492/579 3619/494/577 3620/493/1935
f 3622/491/1936 3621/492/579 3620/493/1935
f 3588/490/581 3621/492/579 3622/491/1936
f 3587/489/1919 3588/490/581 3622/491/1936
f 3625/464/33 3624/463/1900 3623/462/616
f 3624/463/1900 3626/461/1937 3623/462/616
f 3623/462/616 3626/461/1937 3627/460/619
f 3626/461/1937 3628/459/1938 3627/460/619
f 3629/458/587 3627/460/619 3628/459/1938
f 3630/457/1939 3629/458/587 3628/459/1938
f 3631/482/589 3629/458/587 3630/457/1939
f 3632/481/1940 3631/482/589 3630/457/1939
f 3633/480/591 3631/482/589 3632/481/1940
f 3634/479/1941 3633/480/591 3632/481/1940
f 3635/478/208 3633/480/591 3634/479/1941
f 3636/477/1942 3635/478/208 3634/479/1941
f 3637/476/594 3635/478/208 3636/477/1942
f 3638/475/1943 3637/476/594 3636/477/1942
f 3639/474/596 3637/476/594 3638/475/1943
f 3640/473/1944 3639/474/596 3638/475/1943
f 3606/472/598 3639/474/596 3640/473/1944
f 3605/471/1928 3606/472/598 3640/473/1944
f 3643/389/1945 3642/195/1946 3641/390/1947
f 3642/195/1946 3643/389/1945 3644/391/1948
f 3645/392/1948 3642/195/1946 3644/391/1948
f 3645/392/1948 3644/391/1948 3646/393/1949
f 3647/394/1949 3645/392/1948 3646/393/1949
f 3647/394/1949 3646/393/1949 3648/395/1950
f 3649/396/1950 3647/394/1949 3648/395/1950
f 3649/396/1950 3648/395/1950 3650/397/1951
f 3651/352/1952 3649/396/1950 3650/397/1951
f 3652/398/1953 3651/352/1952 3650/397/1951
f 3655/399/1954 3654/285/1955 3653/400/1956
f 3654/285/1955 3655/399/1954 3656/401/1957
f 3657/355/1957 3654/285/1955 3656/401/1957
f 3657/355/1957 3656/401/1957 3658/402/1958
f 3659/356/1958 3657/355/1957 3658/402/1958
f 3659/356/1958 3658/402/1958 3660/403/1959
f 3661/357/1959 3659/356/1958 3660/403/1959
f 3661/357/1959 3660/403/1959 3662/404/1960
f 3663/192/1961 3661/357/1959 3662/404/1960
f 3664/405/1962 3663/192/1961 3662/404/1960
f 3667/369/1963 3666/256/1964 3665/370/1965
f 3666/256/1964 3667/369/1963 3668/371/1966
f 3669/342/1966 3666/256/1964 3668/371/1966
f 3669/342/1966 3668/371/1966 3670/372/1967
f 3671/343/1967 3669/342/1966 3670/372/1967
f 3671/343/1967 3670/372/1967 3672/373/1968
f 3673/344/1968 3671/343/1967 3672/373/1968
f 3673/344/1968 3672/373/1968 3674/374/1969
f 3675/241/1970 3673/344/1968 3674/374/1969
f 3676/375/1971 3675/241/1970 3674/374/1969
f 3679/108/1972 3678/107/1973 3677/130/1974
f 3679/108/1972 3677/130/1974 3680/129/1975
f 3681/128/1976 3679/108/1972 3680/129/1975
f 3681/128/1976 3680/129/1975 3682/134/1977
f 3683/135/1978 3681/128/1976 3682/134/1977
f 3678/107/1973 3679/108/1972 3684/109/1979
f 3679/108/1972 3685/110/1980 3684/109/1979
f 3679/108/1972 3681/128/1976 3685/110/1980
f 3681/128/1976 3686/127/1981 3685/110/1980
f 3681/128/1976 3683/135/1978 3686/127/1981
f 3683/135/1978 3687/126/1982 3686/127/1981
f 3687/126/1982 3683/135/1978 3688/124/1983
f 3689/125/1984 3687/126/1982 3688/124/1983
f 3689/125/1984 3688/124/1983 3690/123/1985
f 3691/137/1986 3689/125/1984 3690/123/1985
f 3691/137/1986 3690/123/1985 3692/147/1987
f 3693/136/1988 3691/137/1986 3692/147/1987
f 3693/136/1988 3692/147/1987 3694/139/1989
f 3695/138/1990 3693/136/1988 3694/139/1989
f 3695/138/1990 3694/139/1989 3696/140/1991
f 3697/141/1992 3695/138/1990 3696/140/1991
f 3697/141/1992 3696/140/1991 3698/142/1993
f 3699/143/1994 3697/141/1992 3698/142/1993
f 3682/134/1977 3700/121/1995 3683/135/1978
f 3700/121/1995 3688/124/1983 3683/135/1978
f 3700/121/1995 3701/122/1996 3688/124/1983
f 3701/122/1996 3690/123/1985 3688/124/1983
f 3701/122/1996 3702/153/1997 3690/123/1985
f 3702/153/1997 3692/147/1987 3690/123/1985
f 3702/153/1997 3703/152/1998 3692/147/1987
f 3703/152/1998 3694/139/1989 3692/147/1987
f 3703/152/1998 3704/151/1999 3694/139/1989
f 3704/151/1999 3696/140/1991 3694/139/1989
f 3704/151/1999 3705/150/2000 3696/140/1991
f 3705/150/2000 3698/142/1993 3696/140/1991
f 3705/150/2000 3706/149/2001 3698/142/1993
f 3706/149/2001 3707/144/2002 3698/142/1993
f 3706/149/2001 3708/148/2003 3707/144/2002
f 3708/148/2003 3709/146/2004 3707/144/2002
f 3709/146/2004 3708/148/2003 3710/64/2005
f 3711/63/2006 3709/146/2004 3710/64/2005
f 3699/143/1994 3698/142/1993 3707/144/2002
f 3712/145/2007 3699/143/1994 3707/144/2002
f 3712/145/2007 3707/144/2002 3709/146/2004
f 3713/62/2008 3712/145/2007 3709/146/2004
f 3709/146/2004 3711/63/2006 3713/62/2008
f 3711/63/2006 3714/61/2009 3713/62/2008
f 3711/63/2006 3715/66/2010 3714/61/2009
f 3715/66/2010 3716/60/2011 3714/61/2009
f 3715/66/2010 3717/59/2012 3716/60/2011
f 3717/59/2012 3718/35/2013 3716/60/2011
f 3717/59/2012 3719/52/2014 3718/35/2013
f 3719/52/2014 3720/34/2015 3718/35/2013
f 3720/34/2015 3719/52/2014 3721/51/2016
f 3722/36/2017 3720/34/2015 3721/51/2016
f 3722/36/2017 3721/51/2016 3723/50/2018
f 3724/37/2019 3722/36/2017 3723/50/2018
f 3724/37/2019 3723/50/2018 3725/49/2020
f 3726/38/2021 3724/37/2019 3725/49/2020
f 3711/63/2006 3710/64/2005 3727/65/2022
f 3715/66/2010 3711/63/2006 3727/65/2022
f 3715/66/2010 3727/65/2022 3728/67/2023
f 3717/59/2012 3715/66/2010 3728/67/2023
f 3717/59/2012 3728/67/2023 3729/58/2024
f 3719/52/2014 3717/59/2012 3729/58/2024
f 3729/58/2024 3730/57/2025 3719/52/2014
f 3730/57/2025 3721/51/2016 3719/52/2014
f 3730/57/2025 3731/56/2026 3721/51/2016
f 3731/56/2026 3723/50/2018 3721/51/2016
f 3731/56/2026 3732/55/2027 3723/50/2018
f 3732/55/2027 3725/49/2020 3723/50/2018
f 3732/55/2027 3733/54/2028 3725/49/2020
f 3733/54/2028 3734/48/2029 3725/49/2020
f 3733/54/2028 3735/53/2030 3734/48/2029
f 3735/53/2030 3736/47/2031 3734/48/2029
f 3735/53/2030 3737/103/2032 3736/47/2031
f 3737/103/2032 3738/46/2033 3736/47/2031
f 3726/38/2021 3725/49/2020 3734/48/2029
f 3739/39/2034 3726/38/2021 3734/48/2029
f 3739/39/2034 3734/48/2029 3736/47/2031
f 3740/40/2035 3739/39/2034 3736/47/2031
f 3740/40/2035 3736/47/2031 3738/46/2033
f 3741/41/2036 3740/40/2035 3738/46/2033
f 3741/41/2036 3738/46/2033 3742/45/2037
f 3743/42/2038 3741/41/2036 3742/45/2037
f 3743/42/2038 3742/45/2037 3744/44/2039
f 3745/43/2040 3743/42/2038 3744/44/2039
f 3744/44/2039 3746/99/2041 3745/43/2040
f 3746/99/2041 3747/98/2042 3745/43/2040
f 3746/99/2041 3748/105/2043 3747/98/2042
f 3748/105/2043 3749/97/2044 3747/98/2042
f 3748/105/2043 3750/96/2045 3749/97/2044
f 3750/96/2045 3751/78/2046 3749/97/2044
f 3750/96/2045 3752/79/2047 3751/78/2046
f 3752/79/2047 3753/77/2048 3751/78/2046
f 3737/103/2032 3754/102/2049 3738/46/2033
f 3754/102/2049 3742/45/2037 3738/46/2033
f 3754/102/2049 3755/101/2050 3742/45/2037
f 3755/101/2050 3744/44/2039 3742/45/2037
f 3744/44/2039 3755/101/2050 3756/100/2051
f 3746/99/2041 3744/44/2039 3756/100/2051
f 3746/99/2041 3756/100/2051 3757/104/2052
f 3748/105/2043 3746/99/2041 3757/104/2052
f 3748/105/2043 3757/104/2052 3758/106/2053
f 3750/96/2045 3748/105/2043 3758/106/2053
f 3750/96/2045 3758/106/2053 3759/95/2054
f 3752/79/2047 3750/96/2045 3759/95/2054
f 3759/95/2054 3760/94/2055 3752/79/2047
f 3760/94/2055 3761/80/2056 3752/79/2047
f 3760/94/2055 3762/93/2057 3761/80/2056
f 3762/93/2057 3763/81/2058 3761/80/2056
f 3762/93/2057 3764/92/2059 3763/81/2058
f 3764/92/2059 3765/82/2060 3763/81/2058
f 3753/77/2048 3752/79/2047 3761/80/2056
f 3766/76/2061 3753/77/2048 3761/80/2056
f 3766/76/2061 3761/80/2056 3763/81/2058
f 3767/75/2062 3766/76/2061 3763/81/2058
f 3767/75/2062 3763/81/2058 3765/82/2060
f 3768/74/2063 3767/75/2062 3765/82/2060
f 3768/74/2063 3765/82/2060 3769/83/2064
f 3770/73/2065 3768/74/2063 3769/83/2064
f 3770/73/2065 3769/83/2064 3771/84/2066
f 3772/72/2067 3770/73/2065 3771/84/2066
f 3772/72/2067 3771/84/2066 3773/85/2068
f 3774/71/2069 3772/72/2067 3773/85/2068
f 3774/71/2069 3773/85/2068 3775/86/2070
f 3776/70/2071 3774/71/2069 3775/86/2070
f 3776/70/2071 3775/86/2070 3777/68/2072
f 3778/69/2073 3776/70/2071 3777/68/2072
f 3777/68/2072 3779/12/2074 3778/69/2073
f 3779/12/2074 3780/14/2075 3778/69/2073
f 3764/92/2059 3781/91/2076 3765/82/2060
f 3781/91/2076 3769/83/2064 3765/82/2060
f 3781/91/2076 3782/90/2077 3769/83/2064
f 3782/90/2077 3771/84/2066 3769/83/2064
f 3782/90/2077 3783/89/2078 3771/84/2066
f 3783/89/2078 3773/85/2068 3771/84/2066
f 3783/89/2078 3784/88/2079 3773/85/2068
f 3784/88/2079 3775/86/2070 3773/85/2068
f 3784/88/2079 3785/87/2080 3775/86/2070
f 3785/87/2080 3777/68/2072 3775/86/2070
f 3777/68/2072 3785/87/2080 3786/13/2081
f 3779/12/2074 3777/68/2072 3786/13/2081
f 3779/12/2074 3786/13/2081 3787/10/2082
f 3788/9/2083 3779/12/2074 3787/10/2082
f 3788/9/2083 3787/10/2082 3789/11/2084
f 3790/16/2085 3788/9/2083 3789/11/2084
f 3790/16/2085 3789/11/2084 3791/17/2086
f 3792/31/2087 3790/16/2085 3791/17/2086
f 3779/12/2074 3788/9/2083 3780/14/2075
f 3788/9/2083 3793/15/2088 3780/14/2075
f 3788/9/2083 3790/16/2085 3793/15/2088
f 3790/16/2085 3794/32/2089 3793/15/2088
f 3790/16/2085 3792/31/2087 3794/32/2089
f 3792/31/2087 3795/119/2090 3794/32/2089
f 3795/119/2090 3792/31/2087 3796/118/2091
f 3796/118/2091 3797/33/154 3795/119/2090
f 3798/117/2092 3797/33/154 3796/118/2091
f 3799/116/2093 3797/33/154 3798/117/2092
f 3800/115/2094 3797/33/154 3799/116/2093
f 3801/114/2095 3797/33/154 3800/115/2094
f 3802/113/2096 3797/33/154 3801/114/2095
f 3803/112/2097 3797/33/154 3802/113/2096
f 3797/33/154 3803/112/2097 3804/111/2098
f 3684/109/1979 3797/33/154 3804/111/2098
f 3685/110/1980 3797/33/154 3684/109/1979
f 3686/127/1981 3797/33/154 3685/110/1980
f 3740/40/2035 3741/41/2036 3797/33/154
f 3741/41/2036 3743/42/2038 3797/33/154
f 3743/42/2038 3745/43/2040 3797/33/154
f 3747/98/2042 3797/33/154 3745/43/2040
f 3749/97/2044 3797/33/154 3747/98/2042
f 3751/78/2046 3797/33/154 3749/97/2044
f 3753/77/2048 3797/33/154 3751/78/2046
f 3753/77/2048 3766/76/2061 3797/33/154
f 3767/75/2062 3797/33/154 3766/76/2061
f 3768/74/2063 3797/33/154 3767/75/2062
f 3770/73/2065 3797/33/154 3768/74/2063
f 3772/72/2067 3797/33/154 3770/73/2065
f 3774/71/2069 3797/33/154 3772/72/2067
f 3776/70/2071 3797/33/154 3774/71/2069
f 3778/69/2073 3797/33/154 3776/70/2071
f 3780/14/2075 3797/33/154 3778/69/2073
f 3793/15/2088 3797/33/154 3780/14/2075
f 3794/32/2089 3797/33/154 3793/15/2088
f 3795/119/2090 3797/33/154 3794/32/2089
f 3687/126/1982 3797/33/154 3686/127/1981
f 3689/125/1984 3797/33/154 3687/126/1982
f 3691/137/1986 3797/33/154 3689/125/1984
f 3693/136/1988 3797/33/154 3691/137/1986
f 3695/138/1990 3797/33/154 3693/136/1988
f 3697/141/1992 3797/33/154 3695/138/1990
f 3699/143/1994 3797/33/154 3697/141/1992
f 3712/145/2007 3797/33/154 3699/143/1994
f 3713/62/2008 3797/33/154 3712/145/2007
f 3714/61/2009 3797/33/154 3713/62/2008
f 3716/60/2011 3797/33/154 3714/61/2009
f 3718/35/2013 3797/33/154 3716/60/2011
f 3720/34/2015 3797/33/154 3718/35/2013
f 3797/33/154 3720/34/2015 3722/36/2017
f 3722/36/2017 3724/37/2019 3797/33/154
f 3724/37/2019 3726/38/2021 3797/33/154
f 3726/38/2021 3739/39/2034 3797/33/154
f 3739/39/2034 3740/40/2035 3797/33/154
s 0
f 3807/177/2099 3806/176/2099 3805/639/2099
s 1
f 3791/17/2086 3809/29/2100 3808/30/2101
f 3809/29/2100 3810/27/2102 3808/30/2101
f 3810/27/2102 3811/28/2103 3808/30/2101
f 3810/27/2102 3812/25/2104 3811/28/2103
f 3812/25/2104 3813/26/2105 3811/28/2103
f 3812/25/2104 3814/23/2106 3813/26/2105
f 3814/23/2106 3815/24/2107 3813/26/2105
f 3814/23/2106 3816/21/2108 3815/24/2107
f 3816/21/2108 3817/22/2109 3815/24/2107
f 3816/21/2108 3818/19/2110 3817/22/2109
f 3818/19/2110 3819/18/2111 3817/22/2109
f 3818/19/2110 3820/133/2112 3819/18/2111
f 3820/133/2112 3821/20/2113 3819/18/2111
f 3820/133/2112 3822/132/2114 3821/20/2113
f 3822/132/2114 3823/120/2115 3821/20/2113
f 3823/120/2115 3822/132/2114 3824/131/2116
f 3678/107/1973 3823/120/2115 3824/131/2116
f 3678/107/1973 3824/131/2116 3677/130/1974
f 3792/31/2087 3791/17/2086 3808/30/2101
f 3792/31/2087 3808/30/2101 3796/118/2091
f 3796/118/2091 3808/30/2101 3811/28/2103
f 3798/117/2092 3796/118/2091 3811/28/2103
f 3798/117/2092 3811/28/2103 3813/26/2105
f 3799/116/2093 3798/117/2092 3813/26/2105
f 3799/116/2093 3813/26/2105 3815/24/2107
f 3800/115/2094 3799/116/2093 3815/24/2107
f 3800/115/2094 3815/24/2107 3817/22/2109
f 3801/114/2095 3800/115/2094 3817/22/2109
f 3801/114/2095 3817/22/2109 3819/18/2111
f 3802/113/2096 3801/114/2095 3819/18/2111
f 3802/113/2096 3819/18/2111 3821/20/2113
f 3803/112/2097 3802/113/2096 3821/20/2113
f 3803/112/2097 3821/20/2113 3823/120/2115
f 3804/111/2098 3803/112/2097 3823/120/2115
f 3804/111/2098 3823/120/2115 3678/107/1973
f 3684/109/1979 3804/111/2098 3678/107/1973
f 3827/33/158 3826/72/2117 3825/71/2118
f 3827/33/158 3825/71/2118 3828/70/2119
f 3827/33/158 3828/70/2119 3829/69/2120
f 3830/14/2121 3827/33/158 3829/69/2120
f 3831/15/2122 3827/33/158 3830/14/2121
f 3832/32/2123 3827/33/158 3831/15/2122
f 3833/119/2124 3827/33/158 3832/32/2123
f 3827/33/158 3833/119/2124 3834/118/2125
f 3827/33/158 3834/118/2125 3835/117/2126
f 3827/33/158 3835/117/2126 3836/116/2127
f 3827/33/158 3836/116/2127 3837/115/2128
f 3827/33/158 3837/115/2128 3838/114/2129
f 3827/33/158 3838/114/2129 3839/113/2130
f 3827/33/158 3839/113/2130 3840/112/2131
f 3827/33/158 3840/112/2131 3841/111/2132
f 3842/109/2133 3827/33/158 3841/111/2132
f 3843/110/2134 3827/33/158 3842/109/2133
f 3844/127/2135 3827/33/158 3843/110/2134
f 3845/126/2136 3827/33/158 3844/127/2135
f 3846/125/2137 3827/33/158 3845/126/2136
f 3847/137/2138 3827/33/158 3846/125/2137
f 3848/136/2139 3827/33/158 3847/137/2138
f 3849/138/2140 3827/33/158 3848/136/2139
f 3850/141/2141 3827/33/158 3849/138/2140
f 3851/143/2142 3827/33/158 3850/141/2141
f 3852/145/2143 3827/33/158 3851/143/2142
f 3853/62/2144 3827/33/158 3852/145/2143
f 3854/61/2145 3827/33/158 3853/62/2144
f 3855/60/2146 3827/33/158 3854/61/2145
f 3856/35/2147 3827/33/158 3855/60/2146
f 3857/34/2148 3827/33/158 3856/35/2147
f 3827/33/158 3857/34/2148 3858/36/2149
f 3827/33/158 3858/36/2149 3859/37/2150
f 3827/33/158 3859/37/2150 3860/38/2151
f 3827/33/158 3860/38/2151 3861/39/2152
f 3827/33/158 3861/39/2152 3862/40/2153
f 3827/33/158 3862/40/2153 3863/41/2154
f 3827/33/158 3863/41/2154 3864/42/2155
f 3827/33/158 3864/42/2155 3865/43/2156
f 3866/98/2157 3827/33/158 3865/43/2156
f 3867/97/2158 3827/33/158 3866/98/2157
f 3868/78/2159 3827/33/158 3867/97/2158
f 3869/77/2160 3827/33/158 3868/78/2159
f 3827/33/158 3869/77/2160 3870/76/2161
f 3827/33/158 3870/76/2161 3871/75/2162
f 3827/33/158 3871/75/2162 3872/74/2163
f 3827/33/158 3872/74/2163 3873/73/2164
f 3827/33/158 3873/73/2164 3826/72/2117
f 3874/96/2165 3868/78/2159 3867/97/2158
f 3875/105/2166 3874/96/2165 3867/97/2158
f 3875/105/2166 3867/97/2158 3866/98/2157
f 3876/99/2167 3875/105/2166 3866/98/2157
f 3876/99/2167 3866/98/2157 3865/43/2156
f 3877/44/2168 3876/99/2167 3865/43/2156
f 3865/43/2156 3864/42/2155 3877/44/2168
f 3864/42/2155 3878/45/2169 3877/44/2168
f 3864/42/2155 3863/41/2154 3878/45/2169
f 3863/41/2154 3879/46/2170 3878/45/2169
f 3863/41/2154 3862/40/2153 3879/46/2170
f 3862/40/2153 3880/47/2171 3879/46/2170
f 3862/40/2153 3861/39/2152 3880/47/2171
f 3861/39/2152 3881/48/2172 3880/47/2171
f 3861/39/2152 3860/38/2151 3881/48/2172
f 3860/38/2151 3882/49/2173 3881/48/2172
f 3860/38/2151 3859/37/2150 3882/49/2173
f 3859/37/2150 3883/50/2174 3882/49/2173
f 3884/103/2175 3879/46/2170 3880/47/2171
f 3885/53/2176 3884/103/2175 3880/47/2171
f 3885/53/2176 3880/47/2171 3881/48/2172
f 3886/54/2177 3885/53/2176 3881/48/2172
f 3886/54/2177 3881/48/2172 3882/49/2173
f 3887/55/2178 3886/54/2177 3882/49/2173
f 3887/55/2178 3882/49/2173 3883/50/2174
f 3888/56/2179 3887/55/2178 3883/50/2174
f 3888/56/2179 3883/50/2174 3889/51/2180
f 3890/57/2181 3888/56/2179 3889/51/2180
f 3890/57/2181 3889/51/2180 3891/52/2182
f 3892/58/2183 3890/57/2181 3891/52/2182
f 3859/37/2150 3858/36/2149 3883/50/2174
f 3858/36/2149 3889/51/2180 3883/50/2174
f 3858/36/2149 3857/34/2148 3889/51/2180
f 3857/34/2148 3891/52/2182 3889/51/2180
f 3891/52/2182 3857/34/2148 3856/35/2147
f 3893/59/2184 3891/52/2182 3856/35/2147
f 3891/52/2182 3893/59/2184 3892/58/2183
f 3893/59/2184 3894/67/2185 3892/58/2183
f 3893/59/2184 3895/66/2186 3894/67/2185
f 3895/66/2186 3896/65/2187 3894/67/2185
f 3895/66/2186 3897/63/2188 3896/65/2187
f 3897/63/2188 3898/64/2189 3896/65/2187
f 3897/63/2188 3899/146/2190 3898/64/2189
f 3899/146/2190 3900/148/2191 3898/64/2189
f 3900/148/2191 3899/146/2190 3901/144/2192
f 3902/149/2193 3900/148/2191 3901/144/2192
f 3902/149/2193 3901/144/2192 3903/142/2194
f 3904/150/2195 3902/149/2193 3903/142/2194
f 3893/59/2184 3856/35/2147 3855/60/2146
f 3895/66/2186 3893/59/2184 3855/60/2146
f 3895/66/2186 3855/60/2146 3854/61/2145
f 3897/63/2188 3895/66/2186 3854/61/2145
f 3897/63/2188 3854/61/2145 3853/62/2144
f 3899/146/2190 3897/63/2188 3853/62/2144
f 3853/62/2144 3852/145/2143 3899/146/2190
f 3852/145/2143 3901/144/2192 3899/146/2190
f 3852/145/2143 3851/143/2142 3901/144/2192
f 3851/143/2142 3903/142/2194 3901/144/2192
f 3851/143/2142 3850/141/2141 3903/142/2194
f 3850/141/2141 3905/140/2196 3903/142/2194
f 3850/141/2141 3849/138/2140 3905/140/2196
f 3849/138/2140 3906/139/2197 3905/140/2196
f 3849/138/2140 3848/136/2139 3906/139/2197
f 3848/136/2139 3907/147/2198 3906/139/2197
f 3848/136/2139 3847/137/2138 3907/147/2198
f 3847/137/2138 3908/123/2199 3907/147/2198
f 3904/150/2195 3903/142/2194 3905/140/2196
f 3909/151/2200 3904/150/2195 3905/140/2196
f 3909/151/2200 3905/140/2196 3906/139/2197
f 3910/152/2201 3909/151/2200 3906/139/2197
f 3910/152/2201 3906/139/2197 3907/147/2198
f 3911/153/2202 3910/152/2201 3907/147/2198
f 3911/153/2202 3907/147/2198 3908/123/2199
f 3912/122/2203 3911/153/2202 3908/123/2199
f 3912/122/2203 3908/123/2199 3913/124/2204
f 3914/121/2205 3912/122/2203 3913/124/2204
f 3914/121/2205 3913/124/2204 3915/135/2206
f 3916/134/2207 3914/121/2205 3915/135/2206
f 3916/134/2207 3915/135/2206 3917/128/2208
f 3918/129/2209 3916/134/2207 3917/128/2208
f 3918/129/2209 3917/128/2208 3919/108/2210
f 3920/130/2211 3918/129/2209 3919/108/2210
f 3919/108/2210 3921/107/2212 3920/130/2211
f 3921/107/2212 3922/131/2213 3920/130/2211
f 3847/137/2138 3846/125/2137 3908/123/2199
f 3846/125/2137 3913/124/2204 3908/123/2199
f 3846/125/2137 3845/126/2136 3913/124/2204
f 3845/126/2136 3915/135/2206 3913/124/2204
f 3845/126/2136 3844/127/2135 3915/135/2206
f 3844/127/2135 3917/128/2208 3915/135/2206
f 3844/127/2135 3843/110/2134 3917/128/2208
f 3843/110/2134 3919/108/2210 3917/128/2208
f 3919/108/2210 3843/110/2134 3842/109/2133
f 3921/107/2212 3919/108/2210 3842/109/2133
f 3921/107/2212 3842/109/2133 3841/111/2132
f 3923/120/2214 3921/107/2212 3841/111/2132
f 3841/111/2132 3840/112/2131 3923/120/2214
f 3840/112/2131 3924/20/2215 3923/120/2214
f 3840/112/2131 3839/113/2130 3924/20/2215
f 3839/113/2130 3925/18/2216 3924/20/2215
f 3839/113/2130 3838/114/2129 3925/18/2216
f 3838/114/2129 3926/22/2217 3925/18/2216
f 3921/107/2212 3923/120/2214 3922/131/2213
f 3923/120/2214 3927/132/2218 3922/131/2213
f 3927/132/2218 3923/120/2214 3924/20/2215
f 3928/133/2219 3927/132/2218 3924/20/2215
f 3928/133/2219 3924/20/2215 3925/18/2216
f 3929/19/2220 3928/133/2219 3925/18/2216
f 3929/19/2220 3925/18/2216 3926/22/2217
f 3930/21/2221 3929/19/2220 3926/22/2217
f 3930/21/2221 3926/22/2217 3931/24/2222
f 3932/23/2223 3930/21/2221 3931/24/2222
f 3932/23/2223 3931/24/2222 3933/26/2224
f 3934/25/2225 3932/23/2223 3933/26/2224
f 3934/25/2225 3933/26/2224 3935/28/2226
f 3936/27/2227 3934/25/2225 3935/28/2226
f 3936/27/2227 3935/28/2226 3937/30/2228
f 3938/29/2229 3936/27/2227 3937/30/2228
f 3938/29/2229 3937/30/2228 3939/31/2230
f 3940/17/2231 3938/29/2229 3939/31/2230
f 3838/114/2129 3837/115/2128 3926/22/2217
f 3837/115/2128 3931/24/2222 3926/22/2217
f 3837/115/2128 3836/116/2127 3931/24/2222
f 3836/116/2127 3933/26/2224 3931/24/2222
f 3836/116/2127 3835/117/2126 3933/26/2224
f 3835/117/2126 3935/28/2226 3933/26/2224
f 3835/117/2126 3834/118/2125 3935/28/2226
f 3834/118/2125 3937/30/2228 3935/28/2226
f 3834/118/2125 3833/119/2124 3937/30/2228
f 3833/119/2124 3939/31/2230 3937/30/2228
f 3939/31/2230 3833/119/2124 3832/32/2123
f 3941/16/2232 3939/31/2230 3832/32/2123
f 3941/16/2232 3832/32/2123 3831/15/2122
f 3942/9/2233 3941/16/2232 3831/15/2122
f 3942/9/2233 3831/15/2122 3830/14/2121
f 3943/12/2234 3942/9/2233 3830/14/2121
f 3943/12/2234 3830/14/2121 3829/69/2120
f 3944/68/2235 3943/12/2234 3829/69/2120
f 3939/31/2230 3941/16/2232 3940/17/2231
f 3941/16/2232 3945/11/2236 3940/17/2231
f 3941/16/2232 3942/9/2233 3945/11/2236
f 3942/9/2233 3946/10/2237 3945/11/2236
f 3942/9/2233 3943/12/2234 3946/10/2237
f 3943/12/2234 3947/13/2238 3946/10/2237
f 3943/12/2234 3944/68/2235 3947/13/2238
f 3944/68/2235 3948/87/2239 3947/13/2238
f 3948/87/2239 3944/68/2235 3949/86/2240
f 3950/88/2241 3948/87/2239 3949/86/2240
f 3950/88/2241 3949/86/2240 3951/85/2242
f 3952/89/2243 3950/88/2241 3951/85/2242
f 3952/89/2243 3951/85/2242 3953/84/2244
f 3954/90/2245 3952/89/2243 3953/84/2244
f 3954/90/2245 3953/84/2244 3955/83/2246
f 3956/91/2247 3954/90/2245 3955/83/2246
f 3956/91/2247 3955/83/2246 3957/82/2248
f 3958/92/2249 3956/91/2247 3957/82/2248
f 3829/69/2120 3828/70/2119 3944/68/2235
f 3828/70/2119 3949/86/2240 3944/68/2235
f 3828/70/2119 3825/71/2118 3949/86/2240
f 3825/71/2118 3951/85/2242 3949/86/2240
f 3825/71/2118 3826/72/2117 3951/85/2242
f 3826/72/2117 3953/84/2244 3951/85/2242
f 3826/72/2117 3873/73/2164 3953/84/2244
f 3873/73/2164 3955/83/2246 3953/84/2244
f 3873/73/2164 3872/74/2163 3955/83/2246
f 3872/74/2163 3957/82/2248 3955/83/2246
f 3872/74/2163 3871/75/2162 3957/82/2248
f 3871/75/2162 3959/81/2250 3957/82/2248
f 3871/75/2162 3870/76/2161 3959/81/2250
f 3870/76/2161 3960/80/2251 3959/81/2250
f 3870/76/2161 3869/77/2160 3960/80/2251
f 3869/77/2160 3961/79/2252 3960/80/2251
f 3961/79/2252 3869/77/2160 3868/78/2159
f 3874/96/2165 3961/79/2252 3868/78/2159
f 3958/92/2249 3957/82/2248 3959/81/2250
f 3962/93/2253 3958/92/2249 3959/81/2250
f 3962/93/2253 3959/81/2250 3960/80/2251
f 3963/94/2254 3962/93/2253 3960/80/2251
f 3963/94/2254 3960/80/2251 3961/79/2252
f 3964/95/2255 3963/94/2254 3961/79/2252
f 3961/79/2252 3874/96/2165 3964/95/2255
f 3874/96/2165 3965/106/2256 3964/95/2255
f 3874/96/2165 3875/105/2166 3965/106/2256
f 3875/105/2166 3966/104/2257 3965/106/2256
f 3875/105/2166 3876/99/2167 3966/104/2257
f 3876/99/2167 3967/100/2258 3966/104/2257
f 3876/99/2167 3877/44/2168 3967/100/2258
f 3877/44/2168 3968/101/2259 3967/100/2258
f 3968/101/2259 3877/44/2168 3878/45/2169
f 3969/102/2260 3968/101/2259 3878/45/2169
f 3969/102/2260 3878/45/2169 3879/46/2170
f 3884/103/2175 3969/102/2260 3879/46/2170
s 0
f 3972/95/178 3971/106/178 3970/242/178
f 3973/437/178 3972/95/178 3970/242/178
f 3972/95/178 3973/437/178 3974/94/178
f 3973/437/178 3975/438/178 3974/94/178
f 3976/439/178 3974/94/178 3975/438/178
f 3976/439/178 3977/440/178 3974/94/178
f 3977/440/178 3978/93/178 3974/94/178
f 3979/441/178 3978/93/178 3977/440/178
f 3979/441/178 3980/442/178 3978/93/178
f 3980/442/178 3981/92/178 3978/93/178
f 3980/442/178 3982/443/178 3981/92/178
f 3982/443/178 3983/91/178 3981/92/178
f 3982/443/178 3984/444/178 3983/91/178
f 3984/444/178 3985/90/178 3983/91/178
f 3984/444/178 3986/445/178 3985/90/178
f 3986/445/178 3987/89/178 3985/90/178
f 3988/446/178 3987/89/178 3986/445/178
f 3989/88/178 3987/89/178 3988/446/178
f 3990/434/178 3989/88/178 3988/446/178
f 3991/435/178 3989/88/178 3990/434/178
f 3992/87/178 3989/88/178 3991/435/178
f 3993/436/178 3992/87/178 3991/435/178
f 3992/87/178 3993/436/178 3994/206/178
f 3995/13/178 3992/87/178 3994/206/178
f 3998/581/2261 3997/181/2261 3996/180/2261
s 1
f 4001/526/154 4000/525/2262 3999/524/1595
f 4000/525/2262 4002/523/2263 3999/524/1595
f 3999/524/1595 4002/523/2263 4003/522/1591
f 4002/523/2263 4004/521/2264 4003/522/1591
f 4003/522/1591 4004/521/2264 4005/519/2265
f 4006/520/1592 4003/522/1591 4005/519/2265
f 4005/519/2265 4007/553/2266 4006/520/1592
f 4007/553/2266 4008/554/1622 4006/520/1592
f 4009/552/1620 4008/554/1622 4007/553/2266
f 4010/551/2267 4009/552/1620 4007/553/2266
f 4011/550/1618 4009/552/1620 4010/551/2267
f 4012/549/2268 4011/550/1618 4010/551/2267
f 4013/548/1616 4011/550/1618 4012/549/2268
f 4014/547/2269 4013/548/1616 4012/549/2268
f 4015/546/1614 4013/548/1616 4014/547/2269
f 4016/545/2270 4015/546/1614 4014/547/2269
f 4015/546/1614 4016/545/2270 4017/543/2271
f 4018/544/1612 4015/546/1614 4017/543/2271
f 4018/544/1612 4017/543/2271 4019/541/2272
f 4020/542/1610 4018/544/1612 4019/541/2272
f 4020/542/1610 4019/541/2272 4021/539/1608
f 4019/541/2272 4022/540/2273 4021/539/1608
f 4022/540/2273 4023/537/2274 4021/539/1608
f 4023/537/2274 4024/538/213 4021/539/1608
s 0
f 4027/176/2275 4026/639/2275 4025/177/2275
s 1
f 4030/488/1562 4029/490/161 4028/489/2276
f 4031/487/2277 4030/488/1562 4028/489/2276
f 4032/486/1558 4030/488/1562 4031/487/2277
f 4033/485/2278 4032/486/1558 4031/487/2277
f 4033/485/2278 4034/483/2279 4032/486/1558
f 4034/483/2279 4035/484/1559 4032/486/1558
f 4035/484/1559 4034/483/2279 4036/517/2280
f 4037/518/1589 4035/484/1559 4036/517/2280
f 4037/518/1589 4036/517/2280 4038/515/1587
f 4036/517/2280 4039/516/2281 4038/515/1587
f 4039/516/2281 4040/513/2282 4038/515/1587
f 4040/513/2282 4041/514/158 4038/515/1587
f 4041/514/158 4040/513/2282 4042/512/1584
f 4040/513/2282 4043/511/2283 4042/512/1584
f 4042/512/1584 4043/511/2283 4044/510/1582
f 4043/511/2283 4045/509/2284 4044/510/1582
f 4044/510/1582 4045/509/2284 4046/507/2285
f 4047/508/1580 4044/510/1582 4046/507/2285
f 4046/507/2285 4048/505/2286 4047/508/1580
f 4048/505/2286 4049/506/1578 4047/508/1580
f 4050/504/1575 4049/506/1578 4048/505/2286
f 4051/503/2287 4050/504/1575 4048/505/2286
f 4052/502/887 4050/504/1575 4051/503/2287
f 4053/501/2288 4052/502/887 4051/503/2287
f 4053/501/2288 4054/536/2289 4052/502/887
f 4054/536/2289 4055/535/1606 4052/502/887
f 4054/536/2289 4056/534/2290 4055/535/1606
f 4056/534/2290 4057/533/1604 4055/535/1606
f 4057/533/1604 4056/534/2290 4058/531/1602
f 4056/534/2290 4059/532/2291 4058/531/1602
f 4058/531/1602 4059/532/2291 4060/529/2292
f 4061/530/1600 4058/531/1602 4060/529/2292
f 4061/530/1600 4060/529/2292 4062/527/1598
f 4060/529/2292 4063/528/2293 4062/527/1598
f 4063/528/2293 4000/525/2262 4062/527/1598
f 4000/525/2262 4001/526/154 4062/527/1598
s 0
f 4066/606/2294 4065/419/2294 4064/578/2294
s 1
f 4069/464/213 4068/463/2274 4067/462/1539
f 4068/463/2274 4070/461/2295 4067/462/1539
f 4067/462/1539 4070/461/2295 4071/460/1535
f 4070/461/2295 4072/459/2296 4071/460/1535
f 4071/460/1535 4072/459/2296 4073/457/2297
f 4074/458/1536 4071/460/1535 4073/457/2297
f 4074/458/1536 4073/457/2297 4075/481/2298
f 4076/482/1556 4074/458/1536 4075/481/2298
f 4077/480/1554 4076/482/1556 4075/481/2298
f 4078/479/2299 4077/480/1554 4075/481/2298
f 4079/478/206 4077/480/1554 4078/479/2299
f 4080/477/2300 4079/478/206 4078/479/2299
f 4081/476/1551 4079/478/206 4080/477/2300
f 4082/475/2301 4081/476/1551 4080/477/2300
f 4083/474/1549 4081/476/1551 4082/475/2301
f 4084/473/2302 4083/474/1549 4082/475/2301
f 4083/474/1549 4084/473/2302 4085/472/1547
f 4084/473/2302 4086/471/2303 4085/472/1547
f 4085/472/1547 4086/471/2303 4087/469/2304
f 4088/470/1545 4085/472/1547 4087/469/2304
f 4088/470/1545 4087/469/2304 4089/467/1543
f 4087/469/2304 4090/468/2305 4089/467/1543
f 4090/468/2305 4091/465/2306 4089/467/1543
f 4091/465/2306 4092/466/179 4089/467/1543
f 4092/466/179 4091/465/2306 4093/500/1573
f 4091/465/2306 4094/499/2307 4093/500/1573
f 4093/500/1573 4094/499/2307 4095/498/1572
f 4094/499/2307 4096/497/2308 4095/498/1572
f 4095/498/1572 4096/497/2308 4097/495/2309
f 4098/496/1570 4095/498/1572 4097/495/2309
f 4097/495/2309 4099/493/2310 4098/496/1570
f 4099/493/2310 4100/494/1568 4098/496/1570
f 4101/492/1566 4100/494/1568 4099/493/2310
f 4102/491/2311 4101/492/1566 4099/493/2310
f 4029/490/161 4101/492/1566 4102/491/2311
f 4028/489/2276 4029/490/161 4102/491/2311
s 0
f 4105/235/2312 4104/238/2312 4103/433/2312
f 4108/640/178 4107/149/178 4106/150/178
f 4109/641/178 4107/149/178 4108/640/178
f 4110/148/178 4107/149/178 4109/641/178
f 4111/642/178 4110/148/178 4109/641/178
f 4110/148/178 4111/642/178 4112/197/178
f 4113/64/178 4110/148/178 4112/197/178
f 4116/134/178 4115/129/178 4114/251/178
f 4117/643/178 4116/134/178 4114/251/178
f 4118/121/178 4116/134/178 4117/643/178
f 4119/644/178 4118/121/178 4117/643/178
f 4120/645/178 4118/121/178 4119/644/178
f 4120/645/178 4121/646/178 4118/121/178
f 4121/646/178 4122/122/178 4118/121/178
f 4123/647/178 4122/122/178 4121/646/178
f 4124/153/178 4122/122/178 4123/647/178
f 4125/648/178 4124/153/178 4123/647/178
f 4126/152/178 4124/153/178 4125/648/178
f 4127/649/178 4126/152/178 4125/648/178
f 4128/151/178 4126/152/178 4127/649/178
f 4129/650/178 4128/151/178 4127/649/178
f 4106/150/178 4128/151/178 4129/650/178
f 4130/651/178 4106/150/178 4129/650/178
f 4131/652/178 4106/150/178 4130/651/178
f 4131/652/178 4108/640/178 4106/150/178
f 4134/456/2313 4133/179/2313 4132/178/2313
s 1
f 4137/542/1720 4136/544/1722 4135/543/2314
f 4138/541/2315 4137/542/1720 4135/543/2314
f 4137/542/1720 4138/541/2315 4139/539/1718
f 4138/541/2315 4140/540/2316 4139/539/1718
f 4140/540/2316 4141/537/2317 4139/539/1718
f 4141/537/2317 4142/538/213 4139/539/1718
f 4145/526/178 4144/525/2318 4143/524/1705
f 4144/525/2318 4146/523/2319 4143/524/1705
f 4143/524/1705 4146/523/2319 4147/522/1701
f 4146/523/2319 4148/521/2320 4147/522/1701
f 4149/520/1702 4147/522/1701 4148/521/2320
f 4150/519/2321 4149/520/1702 4148/521/2320
f 4151/554/1731 4149/520/1702 4150/519/2321
f 4152/553/2322 4151/554/1731 4150/519/2321
f 4153/552/1729 4151/554/1731 4152/553/2322
f 4154/551/2323 4153/552/1729 4152/553/2322
f 4155/550/1321 4153/552/1729 4154/551/2323
f 4156/549/2324 4155/550/1321 4154/551/2323
f 4157/548/1726 4155/550/1321 4156/549/2324
f 4158/547/2325 4157/548/1726 4156/549/2324
f 4159/546/1724 4157/548/1726 4158/547/2325
f 4160/545/2326 4159/546/1724 4158/547/2325
f 4136/544/1722 4159/546/1724 4160/545/2326
f 4135/543/2314 4136/544/1722 4160/545/2326
f 4163/506/1688 4162/508/1690 4161/507/2327
f 4164/505/2328 4163/506/1688 4161/507/2327
f 4165/504/1685 4163/506/1688 4164/505/2328
f 4166/503/2329 4165/504/1685 4164/505/2328
f 4167/502/1285 4165/504/1685 4166/503/2329
f 4168/501/2330 4167/502/1285 4166/503/2329
f 4168/501/2330 4169/536/2331 4167/502/1285
f 4169/536/2331 4170/535/1716 4167/502/1285
f 4169/536/2331 4171/534/2332 4170/535/1716
f 4171/534/2332 4172/533/1714 4170/535/1716
f 4171/534/2332 4173/532/2333 4172/533/1714
f 4173/532/2333 4174/531/1712 4172/533/1714
f 4173/532/2333 4175/529/2334 4174/531/1712
f 4175/529/2334 4176/530/1710 4174/531/1712
f 4176/530/1710 4175/529/2334 4177/527/1708
f 4175/529/2334 4178/528/2335 4177/527/1708
f 4178/528/2335 4144/525/2318 4177/527/1708
f 4144/525/2318 4145/526/178 4177/527/1708
f 4181/488/1672 4180/490/1098 4179/489/2336
f 4182/487/2337 4181/488/1672 4179/489/2336
f 4183/486/1668 4181/488/1672 4182/487/2337
f 4184/485/2338 4183/486/1668 4182/487/2337
f 4185/484/1669 4183/486/1668 4184/485/2338
f 4186/483/2339 4185/484/1669 4184/485/2338
f 4187/518/1699 4185/484/1669 4186/483/2339
f 4188/517/2340 4187/518/1699 4186/483/2339
f 4187/518/1699 4188/517/2340 4189/515/1697
f 4188/517/2340 4190/516/2341 4189/515/1697
f 4190/516/2341 4191/513/2342 4189/515/1697
f 4191/513/2342 4192/514/158 4189/515/1697
f 4192/514/158 4191/513/2342 4193/512/1694
f 4191/513/2342 4194/511/2343 4193/512/1694
f 4193/512/1694 4194/511/2343 4195/510/1692
f 4194/511/2343 4196/509/2344 4195/510/1692
f 4162/508/1690 4195/510/1692 4196/509/2344
f 4161/507/2327 4162/508/1690 4196/509/2344
f 4199/470/1655 4198/472/1657 4197/471/2345
f 4200/469/2346 4199/470/1655 4197/471/2345
f 4199/470/1655 4200/469/2346 4201/467/1653
f 4200/469/2346 4202/468/2347 4201/467/1653
f 4202/468/2347 4203/465/2348 4201/467/1653
f 4203/465/2348 4204/466/33 4201/467/1653
f 4204/466/33 4203/465/2348 4205/500/1683
f 4203/465/2348 4206/499/2349 4205/500/1683
f 4205/500/1683 4206/499/2349 4207/498/1682
f 4206/499/2349 4208/497/2350 4207/498/1682
f 4209/496/1680 4207/498/1682 4208/497/2350
f 4210/495/2351 4209/496/1680 4208/497/2350
f 4211/494/1678 4209/496/1680 4210/495/2351
f 4212/493/2352 4211/494/1678 4210/495/2351
f 4213/492/1676 4211/494/1678 4212/493/2352
f 4214/491/2353 4213/492/1676 4212/493/2352
f 4180/490/1098 4213/492/1676 4214/491/2353
f 4179/489/2336 4180/490/1098 4214/491/2353
f 4217/464/213 4216/463/2317 4215/462/1649
f 4216/463/2317 4218/461/2354 4215/462/1649
f 4215/462/1649 4218/461/2354 4219/460/1645
f 4218/461/2354 4220/459/2355 4219/460/1645
f 4221/458/1646 4219/460/1645 4220/459/2355
f 4222/457/2356 4221/458/1646 4220/459/2355
f 4223/482/1666 4221/458/1646 4222/457/2356
f 4224/481/2357 4223/482/1666 4222/457/2356
f 4225/480/1664 4223/482/1666 4224/481/2357
f 4226/479/2358 4225/480/1664 4224/481/2357
f 4227/478/207 4225/480/1664 4226/479/2358
f 4228/477/2359 4227/478/207 4226/479/2358
f 4229/476/1661 4227/478/207 4228/477/2359
f 4230/475/2360 4229/476/1661 4228/477/2359
f 4231/474/1659 4229/476/1661 4230/475/2360
f 4232/473/2361 4231/474/1659 4230/475/2360
f 4198/472/1657 4231/474/1659 4232/473/2361
f 4197/471/2345 4198/472/1657 4232/473/2361
f 4233/17/2362 1377/29/690 1367/31/680
f 1367/31/680 1368/16/679 4233/17/2362
f 1368/16/679 4234/11/2363 4233/17/2362
f 1368/16/679 1370/9/683 4234/11/2363
f 1370/9/683 4235/10/2364 4234/11/2363
f 1370/9/683 1381/12/693 4235/10/2364
f 1381/12/693 4236/13/2365 4235/10/2364
f 1381/12/693 1383/68/695 4236/13/2365
f 1383/68/695 4237/87/2366 4236/13/2365
f 4237/87/2366 1383/68/695 1385/86/697
f 4238/88/2367 4237/87/2366 1385/86/697
f 4238/88/2367 1385/86/697 1405/85/717
f 4239/89/2368 4238/88/2367 1405/85/717
f 4239/89/2368 1405/85/717 1406/84/718
f 4240/90/2369 4239/89/2368 1406/84/718
f 4240/90/2369 1406/84/718 1407/83/719
f 1414/91/727 4240/90/2369 1407/83/719
f 1414/91/727 1407/83/719 1408/82/720
s 0
f 4243/129/33 4242/251/33 4241/643/33
f 4244/134/33 4243/129/33 4241/643/33
f 4245/121/33 4244/134/33 4241/643/33
f 4246/644/33 4245/121/33 4241/643/33
f 4247/645/33 4245/121/33 4246/644/33
f 4248/122/33 4245/121/33 4247/645/33
f 4249/646/33 4248/122/33 4247/645/33
f 4250/647/33 4248/122/33 4249/646/33
f 4251/153/33 4248/122/33 4250/647/33
f 4252/648/33 4251/153/33 4250/647/33
f 4253/152/33 4251/153/33 4252/648/33
f 4254/649/33 4253/152/33 4252/648/33
f 4255/151/33 4253/152/33 4254/649/33
f 4256/650/33 4255/151/33 4254/649/33
f 4257/150/33 4255/151/33 4256/650/33
f 4258/651/33 4257/150/33 4256/650/33
f 4259/652/33 4257/150/33 4258/651/33
f 4260/149/33 4257/150/33 4259/652/33
f 4261/640/33 4260/149/33 4259/652/33
f 4262/641/33 4260/149/33 4261/640/33
f 4263/148/33 4260/149/33 4262/641/33
f 4264/642/33 4263/148/33 4262/641/33
f 4265/64/33 4263/148/33 4264/642/33
f 4266/197/33 4265/64/33 4264/642/33
s 1
f 4269/346/2370 4268/368/2371 4267/347/2372
f 4269/346/2370 4270/367/2373 4268/368/2371
f 4273/258/2374 4272/603/2375 4271/653/2376
f 4272/603/2375 4273/258/2374 4274/261/2377
f 4277/279/2378 4276/630/2378 4275/629/2379
f 4278/568/2379 4277/279/2378 4275/629/2379
f 4278/568/2379 4275/629/2379 4279/628/2380
f 4280/569/2381 4278/568/2379 4279/628/2380
f 4281/627/2381 4280/569/2381 4279/628/2380
f 4281/627/2381 4282/626/2382 4280/569/2381
f 4282/626/2382 4283/624/2383 4280/569/2381
f 4284/570/2384 4280/569/2381 4283/624/2383
f 4284/570/2384 4283/624/2383 4285/625/2385
f 4286/571/2385 4284/570/2384 4285/625/2385
f 4289/368/2386 4288/617/2386 4287/618/2387
f 4290/600/2387 4289/368/2386 4287/618/2387
f 4290/600/2387 4287/618/2387 4291/619/2388
f 4292/601/2389 4290/600/2387 4291/619/2388
f 4293/620/2389 4292/601/2389 4291/619/2388
f 4293/620/2389 4294/621/2390 4292/601/2389
f 4294/621/2390 4295/622/2391 4292/601/2389
f 4296/602/2392 4292/601/2389 4295/622/2391
f 4296/602/2392 4295/622/2391 4297/623/2393
f 4298/603/2393 4296/602/2392 4297/623/2393
f 4301/389/2394 4300/195/2395 4299/390/2396
f 4300/195/2395 4301/389/2394 4302/391/2397
f 4303/392/2397 4300/195/2395 4302/391/2397
f 4303/392/2397 4302/391/2397 4304/393/2398
f 4305/394/2398 4303/392/2397 4304/393/2398
f 4305/394/2398 4304/393/2398 4306/395/2399
f 4307/396/2399 4305/394/2398 4306/395/2399
f 4307/396/2399 4306/395/2399 4308/397/2400
f 4309/352/2401 4307/396/2399 4308/397/2400
f 4310/398/2402 4309/352/2401 4308/397/2400
s 0
f 4313/177/2403 4312/176/2403 4311/639/2403
s 1
f 4316/399/2404 4315/285/2405 4314/400/2406
f 4315/285/2405 4316/399/2404 4317/401/2407
f 4318/355/2407 4315/285/2405 4317/401/2407
f 4318/355/2407 4317/401/2407 4319/402/2408
f 4320/356/2408 4318/355/2407 4319/402/2408
f 4320/356/2408 4319/402/2408 4321/403/2409
f 4322/357/2409 4320/356/2408 4321/403/2409
f 4322/357/2409 4321/403/2409 4323/404/2410
f 4324/192/2411 4322/357/2409 4323/404/2410
f 4325/405/2412 4324/192/2411 4323/404/2410
s 0
f 4328/193/2413 4327/196/2413 4326/555/2413
s 1
f 4331/389/2414 4330/195/2415 4329/390/2416
f 4330/195/2415 4331/389/2414 4332/391/2417
f 4333/392/2417 4330/195/2415 4332/391/2417
f 4333/392/2417 4332/391/2417 4334/393/2418
f 4335/394/2418 4333/392/2417 4334/393/2418
f 4335/394/2418 4334/393/2418 4336/395/2419
f 4337/396/2419 4335/394/2418 4336/395/2419
f 4337/396/2419 4336/395/2419 4338/397/2420
f 4339/352/2421 4337/396/2419 4338/397/2420
f 4340/398/2422 4339/352/2421 4338/397/2420
s 0
f 4343/160/178 4342/161/178 4341/162/178
f 4342/161/178 4344/163/178 4341/162/178
f 4344/163/178 4342/161/178 4345/164/178
f 4346/165/178 4344/163/178 4345/164/178
f 4349/129/154 4348/251/154 4347/643/154
f 4350/134/154 4349/129/154 4347/643/154
f 4351/121/154 4350/134/154 4347/643/154
f 4352/644/154 4351/121/154 4347/643/154
f 4353/645/154 4351/121/154 4352/644/154
f 4354/122/154 4351/121/154 4353/645/154
f 4355/646/154 4354/122/154 4353/645/154
f 4356/647/154 4354/122/154 4355/646/154
f 4357/153/154 4354/122/154 4356/647/154
f 4358/648/154 4357/153/154 4356/647/154
f 4359/152/154 4357/153/154 4358/648/154
f 4360/649/154 4359/152/154 4358/648/154
f 4361/151/154 4359/152/154 4360/649/154
f 4362/650/154 4361/151/154 4360/649/154
f 4363/150/154 4361/151/154 4362/650/154
f 4364/651/154 4363/150/154 4362/650/154
f 4365/652/154 4363/150/154 4364/651/154
f 4366/149/154 4363/150/154 4365/652/154
f 4367/640/154 4366/149/154 4365/652/154
f 4368/641/154 4366/149/154 4367/640/154
f 4369/148/154 4366/149/154 4368/641/154
f 4370/642/154 4369/148/154 4368/641/154
f 4371/64/154 4369/148/154 4370/642/154
f 4372/197/154 4371/64/154 4370/642/154
f 4375/419/2423 4374/578/2423 4373/606/2423
f 4378/129/158 4377/251/158 4376/643/158
f 4379/134/158 4378/129/158 4376/643/158
f 4380/121/158 4379/134/158 4376/643/158
f 4381/644/158 4380/121/158 4376/643/158
f 4382/645/158 4380/121/158 4381/644/158
f 4383/122/158 4380/121/158 4382/645/158
f 4384/646/158 4383/122/158 4382/645/158
f 4385/647/158 4383/122/158 4384/646/158
f 4386/153/158 4383/122/158 4385/647/158
f 4387/648/158 4386/153/158 4385/647/158
f 4388/152/158 4386/153/158 4387/648/158
f 4389/649/158 4388/152/158 4387/648/158
f 4390/151/158 4388/152/158 4389/649/158
f 4391/650/158 4390/151/158 4389/649/158
f 4392/150/158 4390/151/158 4391/650/158
f 4393/651/158 4392/150/158 4391/650/158
f 4394/652/158 4392/150/158 4393/651/158
f 4395/149/158 4392/150/158 4394/652/158
f 4396/640/158 4395/149/158 4394/652/158
f 4397/641/158 4395/149/158 4396/640/158
f 4398/148/158 4395/149/158 4397/641/158
f 4399/642/158 4398/148/158 4397/641/158
f 4400/64/158 4398/148/158 4399/642/158
f 4401/197/158 4400/64/158 4399/642/158
f 4404/218/178 4403/324/178 4402/8/178
f 4403/324/178 4405/4/178 4402/8/178
f 4405/4/178 4403/324/178 4406/213/178
f 4407/5/178 4405/4/178 4406/213/178
s 1
f 4410/574/357 4409/572/2424 4408/573/2425
f 4411/576/158 4410/574/357 4408/573/2425
f 4412/575/259 4411/576/158 4408/573/2425
s 0
f 4413/577/158 4410/574/158 4411/576/158
f 4416/561/157 4415/560/157 4414/556/157
f 4417/559/1396 4416/561/1396 4414/556/1396
f 4418/558/154 4417/559/154 4414/556/154
f 4414/556/154 4419/557/154 4418/558/154
f 4422/226/178 4421/311/178 4420/223/178
f 4421/311/178 4423/314/178 4420/223/178
f 4423/314/178 4421/311/178 4424/219/178
f 4425/222/178 4423/314/178 4424/219/178
f 4428/574/819 4427/572/819 4426/573/819
s 1
f 4429/576/154 4428/574/166 4426/573/819
s 0
f 4430/575/819 4429/576/819 4426/573/819
f 4431/577/154 4428/574/154 4429/576/154
s 1
f 4434/277/2426 4433/279/2426 4432/280/2427
f 4434/277/2426 4435/278/2428 4433/279/2426
f 4438/290/2429 4437/571/2430 4436/638/2431
f 4437/571/2430 4438/290/2429 4439/293/2432
f 4442/279/2433 4441/630/2433 4440/629/2434
f 4443/568/2435 4442/279/2433 4440/629/2434
f 4443/568/2435 4440/629/2434 4444/628/2436
f 4445/569/2437 4443/568/2435 4444/628/2436
f 4446/627/2438 4445/569/2437 4444/628/2436
f 4446/627/2438 4447/626/2439 4445/569/2437
f 4447/626/2439 4448/624/2440 4445/569/2437
f 4449/570/2441 4445/569/2437 4448/624/2440
f 4449/570/2441 4448/624/2440 4450/625/2442
f 4451/571/2442 4449/570/2441 4450/625/2442
f 4454/262/2443 4453/263/2443 4452/264/2443
f 4455/175/2444 4454/262/2443 4452/264/2443
f 4452/264/2443 4456/358/2445 4455/175/2444
f 4459/361/2446 4458/631/2446 4457/632/2447
f 4460/595/2448 4459/361/2446 4457/632/2447
f 4460/595/2448 4457/632/2447 4461/633/2449
f 4462/596/2450 4460/595/2448 4461/633/2449
f 4463/634/2451 4462/596/2450 4461/633/2449
f 4463/634/2451 4464/635/2452 4462/596/2450
f 4464/635/2452 4465/636/2453 4462/596/2450
f 4466/597/2454 4462/596/2450 4465/636/2453
f 4466/597/2454 4465/636/2453 4467/637/2455
f 4468/598/2455 4466/597/2454 4467/637/2455
f 4471/269/2456 4470/607/2456 4469/608/2457
f 4472/447/2457 4471/269/2456 4469/608/2457
f 4472/447/2457 4469/608/2457 4473/609/2458
f 4474/448/2459 4472/447/2457 4473/609/2458
f 4475/610/2460 4474/448/2459 4473/609/2458
f 4475/610/2460 4476/611/2461 4474/448/2459
f 4476/611/2461 4477/612/2462 4474/448/2459
f 4478/449/2463 4474/448/2459 4477/612/2462
f 4478/449/2463 4477/612/2462 4479/613/2464
f 4480/265/2464 4478/449/2463 4479/613/2464
s 0
f 4483/195/178 4482/419/178 4481/196/178
f 4483/195/178 4484/392/178 4482/419/178
f 4484/392/178 4485/394/178 4482/419/178
f 4485/394/178 4486/396/178 4482/419/178
f 4486/396/178 4487/352/178 4482/419/178
f 4487/352/493 4488/351/493 4482/419/493
f 4491/241/178 4490/180/178 4489/183/178
f 4489/183/178 4492/344/178 4491/241/178
f 4489/183/178 4493/343/178 4492/344/178
f 4489/183/178 4494/342/178 4493/343/178
f 4495/256/178 4494/342/178 4489/183/178
f 4489/183/493 4496/257/493 4495/256/493
s 1
f 4499/364/2465 4498/598/2466 4497/654/2467
f 4498/598/2466 4499/364/2465 4500/366/2468
f 4503/258/2469 4502/603/2470 4501/653/2471
f 4502/603/2470 4503/258/2469 4504/261/2472
s 0
f 4507/567/179 4506/564/179 4505/566/179
f 4508/565/179 4505/566/179 4506/564/2473
f 4509/563/2474 4508/565/2474 4506/564/2474
f 4510/562/397 4509/563/397 4506/564/397
f 4513/262/1381 4512/263/1381 4511/264/1381
f 4514/175/1381 4513/262/1381 4511/264/1381
s 1
f 4511/264/2475 4515/358/2476 4514/175/1381
s 0
f 4518/431/179 4517/428/179 4516/430/179
f 4517/428/420 4520/426/420 4519/427/420
s 1
f 4516/430/179 4517/428/2477 4519/427/420
s 0
f 4521/429/420 4516/430/420 4519/427/420
f 4524/346/2478 4523/368/2479 4522/347/2479
s 1
f 4524/346/2480 4525/367/2481 4523/368/2482
s 0
f 4528/5/154 4527/4/154 4526/213/154
f 4527/4/154 4529/324/154 4526/213/154
f 4529/324/154 4527/4/154 4530/8/154
f 4531/218/154 4529/324/154 4530/8/154
s 1
f 4534/637/2483 4533/598/2483 4532/597/2484
f 4535/636/2485 4534/637/2483 4532/597/2484
f 4532/597/2484 4536/596/2486 4535/636/2485
f 4537/635/2487 4535/636/2485 4536/596/2486
f 4538/634/2486 4537/635/2487 4536/596/2486
f 4539/633/2488 4538/634/2486 4536/596/2486
f 4540/632/2489 4539/633/2488 4536/596/2486
f 4541/595/2490 4540/632/2489 4536/596/2486
f 4542/631/2491 4540/632/2489 4541/595/2490
f 4543/361/2491 4542/631/2491 4541/595/2490
s 0
f 4546/222/154 4545/314/154 4544/219/154
f 4545/314/154 4547/311/154 4544/219/154
f 4547/311/154 4545/314/154 4548/223/154
f 4549/226/154 4547/311/154 4548/223/154
s 1
f 4552/277/2492 4551/279/2493 4550/280/2494
f 4552/277/2492 4553/278/2495 4551/279/2493
s 0
f 4556/230/33 4555/301/33 4554/227/33
f 4555/301/33 4557/298/33 4554/227/33
f 4557/298/33 4555/301/33 4558/231/33
f 4559/234/33 4557/298/33 4558/231/33
f 4562/230/154 4561/301/154 4560/227/154
f 4561/301/154 4563/298/154 4560/227/154
f 4563/298/154 4561/301/154 4564/231/154
f 4565/234/154 4563/298/154 4564/231/154
f 4568/222/33 4567/314/33 4566/219/33
f 4567/314/33 4569/311/33 4566/219/33
f 4569/311/33 4567/314/33 4570/223/33
f 4571/226/33 4569/311/33 4570/223/33
f 4574/577/179 4573/574/179 4572/576/179
f 4575/575/179 4572/576/179 4573/574/179
f 4576/573/2496 4575/575/2496 4573/574/2496
f 4577/572/471 4576/573/471 4573/574/471
f 4580/5/33 4579/4/33 4578/213/33
f 4579/4/33 4581/324/33 4578/213/33
f 4581/324/33 4579/4/33 4582/8/33
f 4583/218/33 4581/324/33 4582/8/33
f 4586/561/420 4585/560/420 4584/556/420
f 4587/559/2477 4586/561/2477 4584/556/2477
f 4588/558/179 4587/559/179 4584/556/179
f 4584/556/2473 4589/557/179 4588/558/179
f 4592/165/33 4591/163/33 4590/164/33
f 4591/163/33 4593/161/33 4590/164/33
f 4593/161/33 4591/163/33 4594/162/33
f 4595/160/33 4593/161/33 4594/162/33
f 4598/154/179 4597/155/179 4596/156/179
f 4597/155/1147 4600/157/1147 4599/158/1147
s 1
f 4596/156/420 4597/155/2474 4599/158/2477
s 0
f 4601/159/1147 4596/156/1147 4599/158/1147
s 1
f 4604/346/2497 4603/368/2498 4602/347/2499
f 4604/346/2497 4605/367/2500 4603/368/2498
f 4608/258/2501 4607/603/2502 4606/653/2503
f 4607/603/2502 4608/258/2501 4609/261/2504
f 4612/376/2505 4611/237/2506 4610/377/2507
f 4611/237/2506 4612/376/2505 4613/378/2508
f 4614/339/2508 4611/237/2506 4613/378/2508
f 4614/339/2508 4613/378/2508 4615/379/2509
f 4616/340/2509 4614/339/2508 4615/379/2509
f 4616/340/2509 4615/379/2509 4617/380/2510
f 4618/341/2510 4616/340/2509 4617/380/2510
f 4618/341/2510 4617/380/2510 4619/381/2511
f 4620/289/2512 4618/341/2510 4619/381/2511
f 4621/382/2513 4620/289/2512 4619/381/2511
f 4624/364/2514 4623/598/2515 4622/654/2516
f 4623/598/2515 4624/364/2514 4625/366/2517
s 0
f 4628/365/213 4627/655/213 4626/276/213
f 4629/364/213 4628/365/213 4626/276/213
f 4630/366/213 4629/364/213 4626/276/213
s 1
f 4633/365/2518 4632/655/2519 4631/276/2520
f 4634/364/2521 4633/365/2518 4631/276/2520
s 0
f 4635/366/2522 4634/364/2523 4631/276/2523
f 4638/426/178 4637/427/178 4636/429/178
f 4639/428/178 4638/426/178 4636/429/178
f 4640/430/178 4639/428/178 4636/429/178
f 4641/431/178 4639/428/178 4640/430/178
f 4644/67/154 4643/203/154 4642/582/154
f 4645/58/154 4644/67/154 4642/582/154
f 4646/57/154 4645/58/154 4642/582/154
f 4647/583/154 4646/57/154 4642/582/154
f 4648/584/154 4646/57/154 4647/583/154
f 4649/56/154 4646/57/154 4648/584/154
f 4650/585/154 4649/56/154 4648/584/154
f 4651/586/154 4649/56/154 4650/585/154
f 4652/55/154 4649/56/154 4651/586/154
f 4653/587/154 4652/55/154 4651/586/154
f 4654/54/154 4652/55/154 4653/587/154
f 4655/588/154 4654/54/154 4653/587/154
f 4656/53/154 4654/54/154 4655/588/154
f 4657/589/154 4656/53/154 4655/588/154
f 4658/103/154 4656/53/154 4657/589/154
f 4659/590/154 4658/103/154 4657/589/154
f 4660/591/154 4658/103/154 4659/590/154
f 4661/102/154 4658/103/154 4660/591/154
f 4662/592/154 4661/102/154 4660/591/154
f 4663/593/154 4661/102/154 4662/592/154
f 4664/101/154 4661/102/154 4663/593/154
f 4665/594/154 4664/101/154 4663/593/154
f 4666/100/154 4664/101/154 4665/594/154
f 4667/245/154 4666/100/154 4665/594/154
s 1
f 4670/364/2524 4669/598/2525 4668/654/2526
f 4669/598/2525 4670/364/2524 4671/366/2527
f 4674/368/2528 4673/617/2528 4672/618/2529
f 4675/600/2529 4674/368/2528 4672/618/2529
f 4675/600/2529 4672/618/2529 4676/619/2530
f 4677/601/2531 4675/600/2529 4676/619/2530
f 4678/620/2531 4677/601/2531 4676/619/2530
f 4678/620/2531 4679/621/2532 4677/601/2531
f 4679/621/2532 4680/622/2533 4677/601/2531
f 4681/602/2534 4677/601/2531 4680/622/2533
f 4681/602/2534 4680/622/2533 4682/623/2535
f 4683/603/2535 4681/602/2534 4682/623/2535
f 4686/361/2536 4685/631/2536 4684/632/2537
f 4687/595/2538 4686/361/2536 4684/632/2537
f 4687/595/2538 4684/632/2537 4688/633/2539
f 4689/596/2540 4687/595/2538 4688/633/2539
f 4690/634/2540 4689/596/2540 4688/633/2539
f 4690/634/2540 4691/635/2541 4689/596/2540
f 4691/635/2541 4692/636/2542 4689/596/2540
f 4693/597/2543 4689/596/2540 4692/636/2542
f 4693/597/2543 4692/636/2542 4694/637/2544
f 4695/598/2544 4693/597/2543 4694/637/2544
s 0
f 4698/281/2545 4697/282/2545 4696/580/2545
s 1
f 4697/282/2545 4698/281/2545 4699/280/2546
f 4698/281/2545 4700/277/2546 4699/280/2546
f 4703/598/2547 4702/364/2547 4701/366/2548
f 4702/364/2547 4703/598/2547 4704/654/2549
f 4707/359/2550 4706/361/2551 4705/362/2552
f 4707/359/2550 4708/360/2553 4706/361/2551
s 0
f 4711/291/158 4710/338/158 4709/292/158
f 4712/290/158 4711/291/158 4709/292/158
f 4713/293/158 4712/290/158 4709/292/158
s 1
f 4716/369/2554 4715/256/2555 4714/370/2556
f 4715/256/2555 4716/369/2554 4717/371/2557
f 4718/342/2557 4715/256/2555 4717/371/2557
f 4718/342/2557 4717/371/2557 4719/372/2558
f 4720/343/2558 4718/342/2557 4719/372/2558
f 4720/343/2558 4719/372/2558 4721/373/2559
f 4722/344/2559 4720/343/2558 4721/373/2559
f 4722/344/2559 4721/373/2559 4723/374/2560
f 4724/241/2561 4722/344/2559 4723/374/2560
f 4725/375/2562 4724/241/2561 4723/374/2560
f 4728/316/213 4727/318/854 4726/317/854
f 4728/316/213 4730/315/855 4729/319/855
f 4728/316/213 4731/314/213 4730/315/855
f 4731/314/213 4728/316/213 4726/317/854
f 4732/223/854 4731/314/213 4726/317/854
f 4731/314/213 4733/222/855 4730/315/855
s 0
f 4736/592/213 4735/102/213 4734/591/213
f 4737/593/213 4735/102/213 4736/592/213
f 4738/101/213 4735/102/213 4737/593/213
f 4739/594/213 4738/101/213 4737/593/213
f 4740/100/213 4738/101/213 4739/594/213
f 4741/245/213 4740/100/213 4739/594/213
f 4744/67/213 4743/203/213 4742/582/213
f 4745/58/213 4744/67/213 4742/582/213
f 4746/57/213 4745/58/213 4742/582/213
f 4747/583/213 4746/57/213 4742/582/213
f 4748/584/213 4746/57/213 4747/583/213
f 4749/56/213 4746/57/213 4748/584/213
f 4750/585/213 4749/56/213 4748/584/213
f 4751/586/213 4749/56/213 4750/585/213
f 4752/55/213 4749/56/213 4751/586/213
f 4753/587/213 4752/55/213 4751/586/213
f 4754/54/213 4752/55/213 4753/587/213
f 4755/588/213 4754/54/213 4753/587/213
f 4756/53/213 4754/54/213 4755/588/213
f 4757/589/213 4756/53/213 4755/588/213
f 4758/103/213 4756/53/213 4757/589/213
f 4759/590/213 4758/103/213 4757/589/213
f 4734/591/213 4758/103/213 4759/590/213
f 4735/102/213 4758/103/213 4734/591/213
s 1
f 4762/359/2563 4761/361/2564 4760/362/2565
f 4762/359/2563 4763/360/2566 4761/361/2564
s 0
f 4766/558/178 4765/559/178 4764/561/178
f 4767/556/266 4766/558/339 4764/561/339
f 4768/560/178 4767/556/178 4764/561/178
f 4767/556/178 4769/557/178 4766/558/178
s 1
f 4772/290/2567 4771/571/2568 4770/638/2569
f 4771/571/2568 4772/290/2567 4773/293/2570
s 0
f 4776/67/158 4775/203/158 4774/582/158
f 4777/58/158 4776/67/158 4774/582/158
f 4778/57/158 4777/58/158 4774/582/158
f 4779/583/158 4778/57/158 4774/582/158
f 4780/584/158 4778/57/158 4779/583/158
f 4781/56/158 4778/57/158 4780/584/158
f 4782/585/158 4781/56/158 4780/584/158
f 4783/586/158 4781/56/158 4782/585/158
f 4784/55/158 4781/56/158 4783/586/158
f 4785/587/158 4784/55/158 4783/586/158
f 4786/54/158 4784/55/158 4785/587/158
f 4787/588/158 4786/54/158 4785/587/158
f 4788/53/158 4786/54/158 4787/588/158
f 4789/589/158 4788/53/158 4787/588/158
f 4790/103/158 4788/53/158 4789/589/158
f 4791/590/158 4790/103/158 4789/589/158
f 4792/591/158 4790/103/158 4791/590/158
f 4793/102/158 4790/103/158 4792/591/158
f 4794/592/158 4793/102/158 4792/591/158
f 4795/593/158 4793/102/158 4794/592/158
f 4796/101/158 4793/102/158 4795/593/158
f 4797/594/158 4796/101/158 4795/593/158
f 4798/100/158 4796/101/158 4797/594/158
f 4799/245/158 4798/100/158 4797/594/158
s 1
f 4802/269/2571 4801/607/2571 4800/608/2572
f 4803/447/2573 4802/269/2571 4800/608/2572
f 4803/447/2573 4800/608/2572 4804/609/2574
f 4805/448/2575 4803/447/2573 4804/609/2574
f 4806/610/2576 4805/448/2575 4804/609/2574
f 4806/610/2576 4807/611/2577 4805/448/2575
f 4807/611/2577 4808/612/2578 4805/448/2575
f 4809/449/2579 4805/448/2575 4808/612/2578
f 4809/449/2579 4808/612/2578 4810/613/2580
f 4811/265/2580 4809/449/2579 4810/613/2580
f 4814/361/2581 4813/631/2581 4812/632/2582
f 4815/595/2582 4814/361/2581 4812/632/2582
f 4815/595/2582 4812/632/2582 4816/633/2583
f 4817/596/2584 4815/595/2582 4816/633/2583
f 4818/634/2584 4817/596/2584 4816/633/2583
f 4818/634/2584 4819/635/2585 4817/596/2584
f 4819/635/2585 4820/636/2586 4817/596/2584
f 4821/597/2587 4817/596/2584 4820/636/2586
f 4821/597/2587 4820/636/2586 4822/637/2588
f 4823/598/2588 4821/597/2587 4822/637/2588
f 4826/279/2589 4825/630/2589 4824/629/2590
f 4827/568/2590 4826/279/2589 4824/629/2590
f 4827/568/2590 4824/629/2590 4828/628/2591
f 4829/569/2592 4827/568/2590 4828/628/2591
f 4830/627/2593 4829/569/2592 4828/628/2591
f 4830/627/2593 4831/626/2594 4829/569/2592
f 4831/626/2594 4832/624/2595 4829/569/2592
f 4833/570/2596 4829/569/2592 4832/624/2595
f 4833/570/2596 4832/624/2595 4834/625/2597
f 4835/571/2597 4833/570/2596 4834/625/2597
s 0
f 4838/351/865 4837/419/865 4836/352/865
f 4837/419/158 4839/396/158 4836/352/158
f 4837/419/158 4840/394/158 4839/396/158
f 4837/419/158 4841/392/158 4840/394/158
f 4837/419/158 4842/195/158 4841/392/158
f 4843/196/259 4842/195/259 4837/419/259
f 4846/577/213 4845/574/213 4844/576/213
f 4847/575/213 4844/576/213 4845/574/213
f 4848/573/213 4847/575/213 4845/574/213
f 4849/572/213 4848/573/213 4845/574/213
s 1
f 4852/259/2598 4851/656/2599 4850/260/2600
f 4853/258/2600 4852/259/2598 4850/260/2600
f 4854/261/2600 4853/258/2600 4850/260/2600
f 4857/290/2601 4856/571/2602 4855/638/2603
f 4856/571/2602 4857/290/2601 4858/293/2604
s 0
f 4861/579/2605 4860/167/2605 4859/166/2605
s 1
f 4864/262/2606 4863/263/2607 4862/264/2606
s 0
f 4865/175/2608 4864/262/2606 4862/264/2608
s 1
f 4862/264/2609 4866/358/2610 4865/175/2609
s 0
f 4869/640/213 4868/149/213 4867/652/213
f 4870/641/213 4868/149/213 4869/640/213
f 4871/148/213 4868/149/213 4870/641/213
f 4872/642/213 4871/148/213 4870/641/213
f 4873/64/213 4871/148/213 4872/642/213
f 4874/197/213 4873/64/213 4872/642/213
f 4877/129/213 4876/251/213 4875/643/213
f 4878/134/213 4877/129/213 4875/643/213
f 4879/121/213 4878/134/213 4875/643/213
f 4880/644/213 4879/121/213 4875/643/213
f 4881/645/213 4879/121/213 4880/644/213
f 4882/122/213 4879/121/213 4881/645/213
f 4883/646/213 4882/122/213 4881/645/213
f 4884/647/213 4882/122/213 4883/646/213
f 4885/153/213 4882/122/213 4884/647/213
f 4886/648/213 4885/153/213 4884/647/213
f 4887/152/213 4885/153/213 4886/648/213
f 4888/649/213 4887/152/213 4886/648/213
f 4889/151/213 4887/152/213 4888/649/213
f 4890/650/213 4889/151/213 4888/649/213
f 4891/150/213 4889/151/213 4890/650/213
f 4892/651/213 4891/150/213 4890/650/213
f 4867/652/213 4891/150/213 4892/651/213
f 4868/149/213 4891/150/213 4867/652/213
s 1
f 4895/291/2611 4894/338/2612 4893/292/2613
s 0
f 4896/290/2614 4895/291/2614 4893/292/2614
s 1
f 4897/293/2615 4896/290/2616 4893/292/2616
f 4900/269/2617 4899/607/2617 4898/608/2618
f 4901/447/2618 4900/269/2617 4898/608/2618
f 4901/447/2618 4898/608/2618 4902/609/2619
f 4903/448/2620 4901/447/2618 4902/609/2619
f 4904/610/2621 4903/448/2620 4902/609/2619
f 4904/610/2621 4905/611/2622 4903/448/2620
f 4905/611/2622 4906/612/2623 4903/448/2620
f 4907/449/2624 4903/448/2620 4906/612/2623
f 4907/449/2624 4906/612/2623 4908/613/2625
f 4909/265/2625 4907/449/2624 4908/613/2625
f 4912/364/2626 4911/598/2627 4910/654/2628
f 4911/598/2627 4912/364/2626 4913/366/2629
s 0
f 4916/567/158 4915/564/158 4914/566/158
f 4917/565/2630 4914/566/158 4915/564/158
s 1
f 4918/563/2631 4917/565/2632 4915/564/2632
f 4919/562/2633 4918/563/2631 4915/564/2632
s 0
f 4922/230/213 4921/301/213 4920/227/213
f 4921/301/213 4923/298/213 4920/227/213
f 4923/298/213 4921/301/213 4924/231/213
f 4925/234/213 4923/298/213 4924/231/213
f 4928/365/213 4927/655/213 4926/276/213
f 4929/364/213 4928/365/213 4926/276/213
f 4930/366/213 4929/364/213 4926/276/213
f 4933/222/213 4932/314/213 4931/219/213
f 4932/314/213 4934/311/213 4931/219/213
f 4934/311/213 4932/314/213 4935/223/213
f 4936/226/213 4934/311/213 4935/223/213
s 1
f 4939/428/2634 4938/426/2635 4937/427/2636
f 4941/429/865 4940/430/158 4937/427/2636
f 4940/430/158 4939/428/2634 4937/427/2636
s 0
f 4942/431/158 4939/428/158 4940/430/158
s 1
f 4945/368/2637 4944/617/2637 4943/618/2638
f 4946/600/2638 4945/368/2637 4943/618/2638
f 4946/600/2638 4943/618/2638 4947/619/2639
f 4948/601/2640 4946/600/2638 4947/619/2639
f 4949/620/2640 4948/601/2640 4947/619/2639
f 4949/620/2640 4950/621/2641 4948/601/2640
f 4950/621/2641 4951/622/2642 4948/601/2640
f 4952/602/2643 4948/601/2640 4951/622/2642
f 4952/602/2643 4951/622/2642 4953/623/2644
f 4954/603/2644 4952/602/2643 4953/623/2644
s 0
f 4957/5/213 4956/4/213 4955/213/213
f 4956/4/213 4958/324/213 4955/213/213
f 4958/324/213 4956/4/213 4959/8/213
f 4960/218/213 4958/324/213 4959/8/213
s 1
f 4963/346/2645 4962/368/2646 4961/347/2647
f 4963/346/2645 4964/367/2648 4962/368/2646
f 4967/258/2649 4966/603/2650 4965/653/2651
f 4966/603/2650 4967/258/2649 4968/261/2652
f 4971/279/2653 4970/630/2653 4969/629/2654
f 4972/568/2655 4971/279/2653 4969/629/2654
f 4972/568/2655 4969/629/2654 4973/628/2656
f 4974/569/2657 4972/568/2655 4973/628/2656
f 4975/627/2658 4974/569/2657 4973/628/2656
f 4975/627/2658 4976/626/2659 4974/569/2657
f 4976/626/2659 4977/624/2660 4974/569/2657
f 4978/570/2660 4974/569/2657 4977/624/2660
f 4978/570/2660 4977/624/2660 4979/625/2661
f 4980/571/2661 4978/570/2660 4979/625/2661
f 4983/290/2662 4982/571/2663 4981/638/2664
f 4982/571/2663 4983/290/2662 4984/293/2665
f 4987/364/2666 4986/598/2666 4985/654/2667
f 4986/598/2666 4987/364/2666 4988/366/2668
f 4991/623/2669 4990/603/2669 4989/602/2670
f 4992/622/2670 4991/623/2669 4989/602/2670
f 4992/622/2670 4989/602/2670 4993/621/2671
f 4989/602/2670 4994/601/2672 4993/621/2671
f 4994/601/2672 4995/620/2672 4993/621/2671
f 4996/619/2673 4995/620/2672 4994/601/2672
f 4997/618/2674 4996/619/2673 4994/601/2672
f 4998/600/2675 4997/618/2674 4994/601/2672
f 4997/618/2674 4998/600/2675 4999/368/2676
f 5000/617/2676 4997/618/2674 4999/368/2676
s 0
f 5003/165/213 5002/163/213 5001/164/213
f 5002/163/213 5004/161/213 5001/164/213
f 5004/161/213 5002/163/213 5005/162/213
f 5006/160/213 5004/161/213 5005/162/213
f 5009/154/178 5008/155/2677 5007/156/178
f 5008/155/2677 5011/157/178 5010/158/178
s 1
f 5007/156/178 5008/155/2677 5010/158/178
s 0
f 5012/159/178 5007/156/178 5010/158/178
f 5015/577/178 5014/574/178 5013/576/178
f 5016/575/178 5013/576/178 5014/574/178
f 5017/573/178 5016/575/178 5014/574/178
f 5018/572/178 5017/573/178 5014/574/178
s 1
f 5021/279/2678 5020/630/2678 5019/629/2679
f 5022/568/2680 5021/279/2678 5019/629/2679
f 5022/568/2680 5019/629/2679 5023/628/2681
f 5024/569/2682 5022/568/2680 5023/628/2681
f 5025/627/2683 5024/569/2682 5023/628/2681
f 5025/627/2683 5026/626/2684 5024/569/2682
f 5026/626/2684 5027/624/2685 5024/569/2682
f 5028/570/2686 5024/569/2682 5027/624/2685
f 5028/570/2686 5027/624/2685 5029/625/2687
f 5030/571/2687 5028/570/2686 5029/625/2687
s 0
f 5033/388/1240 5032/387/1240 5031/383/1240
f 5034/386/2688 5033/388/2688 5031/383/2688
f 5035/385/154 5034/386/154 5031/383/154
f 5031/383/154 5036/384/154 5035/385/154
s 1
f 5039/361/2689 5038/631/2689 5037/632/2690
f 5040/595/2691 5039/361/2689 5037/632/2690
f 5040/595/2691 5037/632/2690 5041/633/2692
f 5042/596/2693 5040/595/2691 5041/633/2692
f 5043/634/2693 5042/596/2693 5041/633/2692
f 5043/634/2693 5044/635/2694 5042/596/2693
f 5044/635/2694 5045/636/2695 5042/596/2693
f 5046/597/2696 5042/596/2693 5045/636/2695
f 5046/597/2696 5045/636/2695 5047/637/2697
f 5048/598/2697 5046/597/2696 5047/637/2697
f 5051/269/2698 5050/607/2698 5049/608/2699
f 5052/447/2699 5051/269/2698 5049/608/2699
f 5052/447/2699 5049/608/2699 5053/609/2700
f 5054/448/2701 5052/447/2699 5053/609/2700
f 5055/610/2702 5054/448/2701 5053/609/2700
f 5055/610/2702 5056/611/2703 5054/448/2701
f 5056/611/2703 5057/612/2704 5054/448/2701
f 5058/449/2705 5054/448/2701 5057/612/2704
f 5058/449/2705 5057/612/2704 5059/613/2706
f 5060/265/2706 5058/449/2705 5059/613/2706
f 5063/368/2707 5062/617/2707 5061/618/2708
f 5064/600/2708 5063/368/2707 5061/618/2708
f 5064/600/2708 5061/618/2708 5065/619/2709
f 5066/601/2710 5064/600/2708 5065/619/2709
f 5067/620/2710 5066/601/2710 5065/619/2709
f 5067/620/2710 5068/621/2711 5066/601/2710
f 5068/621/2711 5069/622/2712 5066/601/2710
f 5070/602/2713 5066/601/2710 5069/622/2712
f 5070/602/2713 5069/622/2712 5071/623/2714
f 5072/603/2714 5070/602/2713 5071/623/2714
f 5075/603/2715 5074/258/2716 5073/261/2717
f 5074/258/2716 5075/603/2715 5076/653/2718
s 0
f 5079/567/154 5078/564/154 5077/566/154
f 5078/564/1240 5081/562/1240 5080/563/1240
s 1
f 5077/566/154 5078/564/2719 5080/563/1240
s 0
f 5082/565/1240 5077/566/1240 5080/563/1240
s 1
f 5085/376/2720 5084/237/2721 5083/377/2722
f 5084/237/2721 5085/376/2720 5086/378/2723
f 5087/339/2723 5084/237/2721 5086/378/2723
f 5087/339/2723 5086/378/2723 5088/379/2724
f 5089/340/2724 5087/339/2723 5088/379/2724
f 5089/340/2724 5088/379/2724 5090/380/2725
f 5091/341/2725 5089/340/2724 5090/380/2725
f 5091/341/2725 5090/380/2725 5092/381/2726
f 5093/289/2727 5091/341/2725 5092/381/2726
f 5094/382/2728 5093/289/2727 5092/381/2726
s 0
f 5097/67/179 5096/203/179 5095/582/179
f 5098/58/179 5097/67/179 5095/582/179
f 5099/57/179 5098/58/179 5095/582/179
f 5100/583/179 5099/57/179 5095/582/179
f 5101/584/179 5099/57/179 5100/583/179
f 5102/56/179 5099/57/179 5101/584/179
f 5103/585/179 5102/56/179 5101/584/179
f 5104/586/179 5102/56/179 5103/585/179
f 5105/55/179 5102/56/179 5104/586/179
f 5106/587/179 5105/55/179 5104/586/179
f 5107/54/179 5105/55/179 5106/587/179
f 5108/588/179 5107/54/179 5106/587/179
f 5109/53/179 5107/54/179 5108/588/179
f 5110/589/179 5109/53/179 5108/588/179
f 5111/103/179 5109/53/179 5110/589/179
f 5112/590/179 5111/103/179 5110/589/179
f 5113/591/179 5111/103/179 5112/590/179
f 5114/102/179 5111/103/179 5113/591/179
f 5115/592/179 5114/102/179 5113/591/179
f 5116/593/179 5114/102/179 5115/592/179
f 5117/101/179 5114/102/179 5116/593/179
f 5118/594/179 5117/101/179 5116/593/179
f 5119/100/179 5117/101/179 5118/594/179
f 5120/245/179 5119/100/179 5118/594/179
f 5123/567/178 5122/564/178 5121/566/178
f 5124/565/1484 5121/566/178 5122/564/178
s 1
f 5125/563/1327 5124/565/2729 5122/564/2730
f 5126/562/1330 5125/563/1327 5122/564/2730
f 5129/290/2731 5128/571/2732 5127/638/2733
f 5128/571/2732 5129/290/2731 5130/293/2734
s 0
f 5133/129/179 5132/251/179 5131/643/179
f 5134/134/179 5133/129/179 5131/643/179
f 5135/121/179 5134/134/179 5131/643/179
f 5136/644/179 5135/121/179 5131/643/179
f 5137/645/179 5135/121/179 5136/644/179
f 5138/122/179 5135/121/179 5137/645/179
f 5139/646/179 5138/122/179 5137/645/179
f 5140/647/179 5138/122/179 5139/646/179
f 5141/153/179 5138/122/179 5140/647/179
f 5142/648/179 5141/153/179 5140/647/179
f 5143/152/179 5141/153/179 5142/648/179
f 5144/649/179 5143/152/179 5142/648/179
f 5145/151/179 5143/152/179 5144/649/179
f 5146/650/179 5145/151/179 5144/649/179
f 5147/150/179 5145/151/179 5146/650/179
f 5148/651/179 5147/150/179 5146/650/179
f 5149/652/179 5147/150/179 5148/651/179
f 5150/149/179 5147/150/179 5149/652/179
f 5151/640/179 5150/149/179 5149/652/179
f 5152/641/179 5150/149/179 5151/640/179
f 5153/148/179 5150/149/179 5152/641/179
f 5154/642/179 5153/148/179 5152/641/179
f 5155/64/179 5153/148/179 5154/642/179
f 5156/197/179 5155/64/179 5154/642/179
f 5159/592/33 5158/102/33 5157/591/33
f 5160/593/33 5158/102/33 5159/592/33
f 5161/101/33 5158/102/33 5160/593/33
f 5162/594/33 5161/101/33 5160/593/33
f 5163/100/33 5161/101/33 5162/594/33
f 5164/245/33 5163/100/33 5162/594/33
f 5167/67/33 5166/203/33 5165/582/33
f 5168/58/33 5167/67/33 5165/582/33
f 5169/57/33 5168/58/33 5165/582/33
f 5170/583/33 5169/57/33 5165/582/33
f 5171/584/33 5169/57/33 5170/583/33
f 5172/56/33 5169/57/33 5171/584/33
f 5173/585/33 5172/56/33 5171/584/33
f 5174/586/33 5172/56/33 5173/585/33
f 5175/55/33 5172/56/33 5174/586/33
f 5176/587/33 5175/55/33 5174/586/33
f 5177/54/33 5175/55/33 5176/587/33
f 5178/588/33 5177/54/33 5176/587/33
f 5179/53/33 5177/54/33 5178/588/33
f 5180/589/33 5179/53/33 5178/588/33
f 5181/103/33 5179/53/33 5180/589/33
f 5182/590/33 5181/103/33 5180/589/33
f 5157/591/33 5181/103/33 5182/590/33
f 5158/102/33 5181/103/33 5157/591/33
s 1
f 5185/603/2735 5184/258/2736 5183/261/2737
f 5184/258/2736 5185/603/2735 5186/653/2738
s 0
f 5189/165/154 5188/163/154 5187/164/154
f 5188/163/154 5190/161/154 5187/164/154
f 5190/161/154 5188/163/154 5191/162/154
f 5192/160/154 5190/161/154 5191/162/154
s 1
f 5195/291/2739 5194/338/2740 5193/292/2739
f 5196/290/2741 5195/291/2739 5193/292/2739
f 5197/293/2739 5196/290/2741 5193/292/2739
s 0
f 5200/234/178 5199/298/178 5198/231/178
f 5199/298/178 5201/301/178 5198/231/178
f 5201/301/178 5199/298/178 5202/227/178
f 5203/230/178 5201/301/178 5202/227/178
f 5206/431/154 5205/428/154 5204/430/154
f 5207/429/154 5204/430/154 5205/428/154
f 5208/427/166 5207/429/166 5205/428/166
f 5209/426/157 5208/427/157 5205/428/157
f 5212/425/819 5211/424/819 5210/420/819
f 5213/423/166 5212/425/166 5210/420/166
f 5214/422/154 5213/423/154 5210/420/154
f 5210/420/154 5215/421/154 5214/422/154
âPNG

   IHDR         Ùx‘˙ IDATxÌ‡ê$Ií$Iã™ôªGDDfffVUUUUwwwww˜ÃÃÃÃÃÃÃÃÃÃÃÃÃÃÃÃÃÃÃÃÃÃÃÃÃÃÃÃÃÃÃÃÃÃÃÃÃÃÃÃÃÃÃÃÃÃÃÃÃÃÃÃÃÃÃÃÃÃÃÃÃÃÃÃÃÃÃÃÃÃÃÃÃÃÃÃÃÃÃÃÃÃÃÃÃtwwwwWWUUUUffFFDÑªõô
œLfWwuwwOœÃÃÃÃLbÂ™´˛7´ºpœ©Úú&^∏ söx·*ˇ±&ûSÂ9M¸ÎTûÀúÁ¥‚_e‚™ˇLïÁ4Ò¬U^∏âÁTy°Ê<ßˇ^sû”äˇTœ©Ú_k‚9U^∏âÁT˘œDÂ™´˛óz∑˜x7ÒGBœI<'Û¬âÁd^8ÒÀ<'ÒúÃøNÚ\4fÚØ¢éﬂ˝ÌﬂÊ˜~˚∑˘óºıªø7ˇW¿ìˇ·∏Í_Ô’^˝ïπﬂ´æ˙+”wœ!z^®‰9/Tú
œ%¯W
ûS·Ö*¸˚òÁ$˛kôÁ$ûS„9œ)˘œDÂ™´˛ózâóz	^˘Â_ô™r’M<ó¥ö¯◊©s~˜∑õ…çz0 oˆÔ ¿ì˚XûÙ∏«Ò‰¯Æz^ØˆØ@£Ò Ø˙  ºÚ´º2Û sòœÁ<ß9ˇôÊ<ó ø”ú™Ú€ƒs™<ßâˇ4ø˝;øMÂ™´Æ∫Í?Ÿùœ∏ïWxxÚ?¸èx±„/ˆb<‚≈^å{^·¯Éﬂ˛mnøıV˛?∫Ó∆Î∏ÓÜÎ ∏Ó∆Îxâ{	 ^Ì5^Ä’j≈UW˝'°r’UˇìUû”ƒ≥M–‹»Lö •û√»≥¥÷(•	@‡$"∏_Ç‰Yƒs @W®úÇÁîºH‹x†Ê@	ÆpFArø4D˜K'˜Ç¬¿jÇ"h<SrŸò#¡s€HW:2ÄÊFQ°PÉ œa^Á‹ou∞À|Î8„rd{{Ä?¸—<¯·èÊÏΩ˜˜◊¸ÒÔˇ6œa‚ˇåWxµWf<\fo˜÷ ‹|˝qé_˜`∆’!›|ì˚Ì/imÑ	J)D áçg).‡ë˘¢„~≠ç<P·"   " ìÀ"xô*‡* å4û√Tx°ƒeÕ\VƒsYÒ@ÖÃ "πl‚?] …íœ_ÚúÇ IÄ HÇ AAf@êóM…øãy°ö˜õoŒ©\u’ˇrÕç¢Bs„˘â^ê π_ê$êôD AÚ¬dBœÊ*º»‹∏LÖgq p„~EÃsíÁñôD Aê$Aê$ó5‚y®πêô¸g9sÌuºˆµoÃkøÒÛ”?¸ <·Ôˇéˇ≠^˘’^Äó{’WÊ~ØjØœa>ü3ÆWáP∏¨µÄÆÎ¯wâÄLûC®pY)‡∆≥®ÄDpôˇä¯EpYDÚ_)H^ò$íÁ/HíÁ$$/Lê $ˇ•®¸^˚µ_É◊~Ì◊‰YJ«UˇÅ⁄»ø∆ÿ¯w˘’_˛U˛Ïœ˛åˇ-ˆêáÒ–á>î_˚ç_„˘…L öEÖÁ'3h≠QJ·π%@êDôIfº0≈ç2Å‡≤"¿ Txæ‹@ÖÀT∏ÃT¯©pôTh4
/Hí 4ÛBEÕçÁ'" »L^òõt3∑‹r ÒG¡s€€€c{{õ‰≠ﬂ˘› x¬ﬂˇ„z‡~Ï«¯üÏ^Âïx≈W}e∫‡≤W~µW`≈7Æ˘˜XÃˇ** ‡∆Ûpp„_£Ö]3qYdÚ?Vêº0Al…ø$"»Lûü Híˇ"T˛Ø˝⁄Ø…køˆk,uŒUˇÅ¶ˇ´âóG<Ï ¸Ÿü˝˙ß ﬂ˝›ﬂ±Z≠¯üÍ°}({»√‡ı‡◊~„◊xnAkçE)ÖÁ'Hû[D¸7ûü"ûó–Åœ‚* ‡ * ‡*\¶¬sk.Ò|5
ÖFR »L"ÇÁV¥∆s
 !3âä
ÕÄÃ‰~ôIs„ÖπÂñ[∏˘A7Ù¸[=˙≈_Ç’j≈GøÿãÒ‰¯ûÙ∏«qˆw≤{∞ÀáGø¯£¡ÖG?ˆ±<˙≈^ÄGø¯£y†yÂ?D)≠çº0Mçq9Ú@AdÚ,ô‡*<ã®,ô¡e*<_n\&ûØ¬øNœ!ÇÁQ‘h˛+˜k˛≥µ÷àûü ∏_í¸'¢Ú/∏ı÷;y†6Æ »‰≤ûØLû©Òú
 <è"h.<?EçÀ\x†5Ó◊\x·ôE–\(j‹Øπpø¢∆skÊYä∏¨πpø¢* ‡∆skÊY2y°ö°öyÅZk<∑Ã§µF◊u§Äaßë˘Ò9Û˘ú7xã7‡ﬁ‚¯Éﬂ˚˛ÚOˇíø¯≥ø `˜`óÁ0Òﬂj\èÏÏrÍÃ)^˚’_õ?˛˝?Ê~+`ÃëÀ
¥lî,<á‡9¥÷Ë
œRÄf.+‹Äô5Öj
çÁ÷ÃeÖéÀ"πb‰9®,*<ã
∏\—∏¢qôπ¨πPh‡@Q Ä¢FsÅL2 ê	#Ä"r†P∏_£êô$IDpøÆt D$47 V@)=Û:‡—/˝“úπˆ´’äÁ∂ö`>≠òœN±Z≠∏¨BW:ÓócîRh≠±9ﬂ§´ØJØ∆+º“´±Z≠¯Ì_˛n} ì∏Á‹=<áâó˘|¿ãΩƒK Ø˜z‹Ô—è~0õõ«È∫9˜[Mª¥∆≥∂é˚e&]◊—Z„~IrøàÄ 2†5⁄TËk –¶B◊ÒBÕ∑Ê¿ú˚Eé<á“˜k”H© ®ÄóeBÈ (n‹ØµB)çj 
ç&Ä‰Öã(<Ò,ç¬¥B„YTxÛ,Ö∆˝Ö*4öœ¢‰ﬂ¢îBf‚π$œ)xN…
í§—(˛T˛ù2π,2y =œ©Ò/)jº@j‡ j†π‹ä‘\ (Ç‰äf.k.<?Õh‹Øä†ôÁ´®Ò¬4sY4Û<öπ¨àÀäxÅöEÖR
≠5("à^ê’jE)Ö÷/˜
/«ÀΩ¬ÀÒ| Òg¡Ô˝ÓÔÒ«Ù«¸O≥ZÆ∏Ó¶ÎxÙãøO¯˚‡YÃ47ä
 Aí<∑Là‡≤±Aó5^òB„Å"∏¨à+î<7P·_§ô¸Kö˜+j4 ö˜+j\06häxÕç¢¬Eô	@frøÃ "h≠4ûÌï_˝’8~|õç¢BQ°πëô\÷Z`òÜi †Ø= Ø˝∆o∆˝û«˜∑<·˛éˇ/ˆ/¡;º€ªqø„«Á<–0¨Ü˜ÀÄûGf0é#œ!∏,"xñû•¡·j‰~ÖF)Öà†î¬µ÷¯óå„H◊uå„»··!Û
eÎ8œí…e•7P·ÅJi<∑B„Eë@3óÒ"¯Ô£¬ÛP·Y‹∏_°—(<PQ†πü-HÓóˇí$	Çïˇ ê…e<K&D/ ÑÆpYQ„Ör·Y\@ç¢Fs·Åö˜+j5û[@£π/…Ñ"∏¨àÁ—\(j‡* 4sYA3œ!2π¨+ê…shÊ˘ L(*‹/3â 2ìÀƒÛ’Z„πΩ‹+º/˜
/«ˇ—’_Ò’¸O∞ZÆ X-W<˙≈¿˛˛∏L\a.+*Dô…ÿFJ)<PD@&/PQ£π–\@¸«pû/7P·Ö…Ñ.+j4 öœ≠πlç"àÄL.r`l#]È hn<PQÅ‡≤à 3à∆6“Z 3° ^˘’_çÁvx∏‚_#"€HDPJ°µ∆”@°@è~±ó‡—/ˆÑ¯;∆·ê'=Ó	<˘ÒO‡ﬂ‚±/˘í<–˛˛!€€õ‹oWt›úÁñ	<_¡≥öEh<Kõ]aúÇaJÆh¥÷h≠1é#•"ÇR
 ´’ä¶Î: ∫Æ†õorø6ç †Bq„?Rˇc®/R·Y‹(4 ÖˇNAí¸Àí í‰Ö ¯7ä‡≤û%ÇÁôœOÒ¶®Ò@Eç¢FQ„˘)‚≤Ê¬ã"" ìÀö°ôÀäEç¢∆≥∏Ò@Õ–ÃeÕ<_ô<áË
qYœ“ïé¢@)ÖÁD]ÌËj@W;J)îR(•ÇºÚ´º2Ø¸*ØÃˇ¯Û—ü˛…ºŸ€Ω5ˇì<˙≈À£_¸≈∏,∏BÄ°πëô û[óEpYdB&ó5^òF°QhÖ7û/ûCœ-Çgi.‹/3xnEç¢∆sã‡≤>z^êÊFs£®PTxnEÖ¢BQ·~Ø¸ÍØ ÆxQEÕÄÃ 3«ëÃ‰_„—/ˆ<‚1èÊÕﬁÓ≠˘∑z‹ﬂ˛-ˇíq\Ò@ô¡sà˛’J†´Öæ}∫Æ£Î:∫Æ£îBkçÃdG2ì˘|Œ3é#„8p¸¯qÓ◊¶ëR; »Ñ6ÇMÖ$"˘˜à‡≤˛Àœ¡ç≠B„?JD¸gJíï£Là‡˘(<PD·πÒ"x6P.œI<ó¬˝ä sÖóâÁ“x†¢F£Ph4
ÖFs·Ÿ
˜ÀÄB&œ\VÕ Ö¢∆≥®‹∏_@!ÇÀ2âÄL»‰Y∫ôº@•J) 47 2ìB·Åô%†ç ¨&(ÇÀZÉÆÉó~˘óÊ•_˛•yç◊m˛˙/˛ö€ü¸T˛‚O˛å˚≠V+˛3é#«œ≤ZÌ‡áﬂÃÒ≠9%Õç¢B£–‹ (Ç‡äL.À(<KpY5öçgW∏Qƒ≥4
ˇj* êL+Ë6yæ‹h@q„yÆh .k"íÁ h `ûK`≥õ3$@£® –‹(*‹ØπÒ‹"ÇÃ$" 8ÓŒüø¿|kÄ’jE)∞Z≠(V”
Ä3◊]”
ÍqéV+®¡Ê÷&ôIDpøN9% Af“u/»Ó¡.¥{nóÀ*WL¸´ú9u
¶œR;W#•v Ã+îR»â† ê…e#œ©êôD ô	¡.30¡JçÀƒeÕÖ"àÄàB‘ÄL.áë ‰≤à †´@&¥Ä"†çmÄÓW‹x‚YFw ÒlÊ9â("¯Sh4
Ö∆˝ö°àÃçgq„y®¢*j¸k5Çü‡9%ˇT˛ÉD,ô =œ≠àgiÊ≤"ûó∏ü!ÇÁPh4
/™»‰≤LÆûØB£Q (44sY4Û,…EpY&dB3œÀ2!Ä∆6N#œí@ cÉ"ûG& .ªÓ˙Îx„7cò‡e_Òœ¯À?˝S˛‚O˛åˇNgœûÖ«,Eh<P&œWD P<“\ (j 4
ÖF£ê	•#zh#ˇQ
çF†π¬dBœWs£®pøÃ§îBQ I ä
ÕçÊ	¿Ì∑ﬂ…Û≥Zèº(2ìà "(*d&≠5"Ç˚µ÷ «œœ˘{Ô‡Æ€Ô‰~˚◊¯èî” @© ≠5J)d&ÕÖR†5(ÖÀ2!ÇÁêôD ôIW:.3œ_&ó© ê	\V•@3$œ)"»L2Ä¡s» 7PÅLû%ÇÁßQ(4Öfû•¢kÜ÷†àÀ" 3àH^Ö@£ –( ç¬çˇÀÇ‰~IÔDÂﬂ†»ÑûØàûÁV‘∏_3óqY3ó ˛≥4ÛÕÖ˚5ö˜ãËÅ∆sãÄL.ãÄÊ@Q†–hÖB£ö°ôÁ+ìÀ2yE\÷Ãsä‡πe&¡˝∆i‰2û%ÄÆpY3$Wî¬ÙrØÙ
º‹+Ωøı¸Âü˛%Òg¡Ü˝√Cˆ76ÿﬁ‹‰π›wﬂ}<Ps£àÁ¡eô<_ÕÖj Ö˚5Có ç¬øZP:û/7˛µÖÃ "yQdÚ<ä
 Õç¢Bít•£πQTx†ÊFfrø¢¬Ì∑ﬂ…Û≥ZèÏÓÚ¢hnAfÚ@ô	¿8éD„8Ú@´’‘éÛ˜ﬁ√Ö˚Ó‡~˚◊¯Ô–u<Kœ#" à öEÖg/P3A&óï¬≥rÊÃ®Î: Zk@B&œ!2A"x†¶Bq„πœ≠0/≤"ûC&D$/H°qøF·˘i^êfûØLà‡˘*4®πú˜ÀÑà¬e…íN"Çˇ!®¸4sY3œ+¢Á˘i.@£àÀä¯œ°.†^ÖF£P‘h. 42"z2"zÓ¡Ûà‡94œRh4CœWQ£∫Õ<èL.+‚YÖÁ‡FQÅ‡9tµ`4œ©5ÓWi˛U^Ó^éó{Öó„¯ ˛‚œ˛Çü˚ôü„û;Ó·?“ﬁ— €õõ<∑ÊFQ†® çEf@QclIQ†Q∏_&î¬s(4 ˇJmÑËy7Pp„_£– xÖF£êAR	D@&/PQ°πº0AkçÊF8x~VÎë’0¢hn åm D≠5Zkt]Gf2é#¥Z±Zrx∏‚¬}˜ p˛ﬁ{¯è÷¶ëR;^ò÷x<áÃ$"»L"Çg`û-"†5Ë:0qYdB3Ò|ïR∏_)(<ãdB& ∏Ak† <?çB°PƒeÕ¸´DØRh<?ç¬ì	óerYÒ,•Ç©@Ö∆R
@„ÅJi 4^êÃ‰~!^dI$˜í‰ﬂà Ä"hÊ*j4 ä†π  ç*h<ß¬sj†n<_‚
5Æh<ã
äxÄ¬˝
–\x†Æö!¢†öy∂‰≤ H  ô\÷ûCóqY„ŸF:Pí Ç Hè<K@À∆≥dÇ:®®@£G∫ÆqYqÚ@≠Bõx¡ZP„ä¬˝ö›Ê6 õ›&Ø˜o∆´Ω∆ÎÒÒg¸Â_˛)Ò∆jw≈øÀjEŸú”<≤{∞ÀºŒŸ‹‹†∏ –‹∏_Q°πQT »l D¿ÿ† Af‡§Qàí 4
ô<@·952°˛e*Px^n 4ÛÇe£Æ0W†Qƒ≥4
 Aí∏ê	êÓW‹(Çf.+*å„¡ÖÀÇ†®–Z#I ä
 ≠X≠xSÉiÑi≈≥®@ù√¥¢Me~Ü’]Å"hÜ"=–‘»Lyñq\—óÌ^‹c˜¬ùÊ¸ı_ˇ˜‹s'L¸ª¨&XM+Ó7gŒ≠ÄR
-ÉR
 h<@É∆3µF)ÄÃ§©œ÷@\ëIz`(Ö<R J·Yä`5Ò57
Ä
 ®@ ô≠Ä ¥å4à Ó◊( 7 
Ä°Q(‚?T°—(ÕÖ¢F°Ph<?≠5 (* îÕ<ó¬eûK·95Ó◊(qÖ˜kœWú“<ß"í˚5û≈P‘Ò@çë‡ä$Ä‰E6AÂﬂ®Rê	•<ä ÕÖÊ¬s+j<_*\Ê∆‰∆sP·Y‹@‹¯∑(j4Ó◊\∏_Q£ôÀä†2!ÇÁc∆ÄÆÎx†Ê¬e‚_g°Î  Ç4Û"ã∆q§îBkç’
JÖ®<KdÚú\ hn<?á„!cô3ÁÂ^Óxπó{^ˆeˇåW¸Èˇ)ˆ«∆§√√CŒú9√ÛSTà2Ä.+‚_•–@ê@3ÒL$œóó©<T@Ö´÷Ä(<?ÕPÖF£ $Eê@W†ôgi≠Ò¸D ô…˝2ì˚57 öA‹VÎˇ—∆q≈Ì^<œ›sœù‹sœù¸Wk≠QJÅÆPÄ‰˘**¸KÜL˙Ó7d“G0∂FFÊã9¥p»ˆ÷&‘‹(*‡n<K&óµJ«Û’Fh°Œy†F·~Ö@3Ò¶Q(4 äœO3Wd†î¬sk≠A ö°à∑F·˘R7 
çF·E<P—Hs·~cÎàH^A@íº®¸+A34CdÚ<ä ÕÖ˚5 öEç»çÀT¿çJÖÁ°¬e*\Ê∆eB)ºHäÕÖ˚5†–Ãï	E–’Äqà:ß®Q‘ hû[$…øGQ°πÒ@„8RJ†µF)Önﬁ »â+
dBå# @ \ (*47û[W:h<ÀÀΩ‹+ +^·ï_Å?˚„?„Oˇ¯OY-W¸›ﬂ¸ˇZ´Âä˘b¿··!˜+‚≤fûCf@„πe& ôIàg)4 ÄF°–x^	 –x*‡n†¬øF&D|eB5öœ-J·y4Û,EÄÇÃ§îBkÄ"hÊ˘ L 2ìà‡~EÖd5¨¯◊hÊYZk<–8Æ∏ﬂ0¨ÿﬂ;`˜¬ ÓπÁN˛˙ØˇåˇqH(•–Z£îBD@¸eÚ¢ò/Ê‹o˜¸.œ≠πêô$I«sqÉ“Ak–FPÅûCùÉ˜+4^ê"^dô<á˛Uö–»Ñ.+• –Z#3àû[ˇ·
(<ã
∏Ph 4
ˇEçÀäÕÄ√Òê˚ı—Ö*ˇJÕ\VÕ\÷Ã≥5 öEÄÊBs·_≈ç57P·27Pp 7^EçUœ!" ÇÀ«ë˚mõ”\∏_Q£Q í I˛5ä†ôÁ1é#TJ!"»LJÂ≤ú∏¨5(∆ë+\∏L‘¿\VT hnº(^·ï_ÅWxÂW‡û;Ó·Ô^ÚÔ¯€ø˝[˛Óo˛éØf^†Ã$ÇÁ d&‘(Ö∆5C¸$Eê<*<7P·â‡˘jçÀJ·Yä E–ÃeÕÄ
/™R
d„ÖâJ)¨V+ZkP°®–‹Çã˘÷˜ÀÑûCf–Z£l„∏`˜¬ v/ûÁØˇ˙œ¯ÔêôDœ“Äòg3¥÷(• d&AQ°πQƒsË#∏_W
])å≠—ï¬≠ñ+VÀ‘9€[õ‹Ø®pY@Q·Y‹@\¶¬≥dÚ,•„2 
çE3Ò<"xñûC&D<
ÄFÛ<" ìÀ2G Zk<PDü°–h Ö‚∆5
˜+4
çF·Ö…L"Ç˚5ÓW‘ (j4˙Ë9Ë£Á	Ç$˘P˘7jÊ≤û•à+\( .†∆û≠Ò¬5ûá
/î®Äœ¢nº(Ö*j4®öÅ‡Y2! íÀ2aün6ßÔÁ d6ûC@Q£ä†:5öW 2öG∆ı>]=√≥ä∏¨ôgi4tµ‡p"ÇÃ$3π¨(›h#d£5.+»∆˝ÜLä:û[Qal#Õô	@kçÁ6?~úWx≠◊‡^Î5 ¯Í/˛bn} ≠ºPç+&X±bssì√√CV”
ƒ#P†©A,¡è\¶¬‹@‹ Ë
dEç¶e£p„2ûEÖ≠f  öπ,≥Q
œí	ºPÕ\·ö°öyñÊF)Ö÷A)Ö÷≠5∫Æ#3iÜfÄ¬ò¿¥b5≠∏ﬂj\—ZÄâg…l¨V+Vsÿøtû˘÷6 -G¿‡*–Fp„p=rø’∫±{˛, ˜‹}'˝ˇ¡V0Ò,´
Iœ@°¡–µ'¥Ñ h
ê@,h<ì$$ID ÖÀ¢ –x¶≠AÜ,‹Ø3W$PÅ
≠ç<K EÖ˚A£P®pYö°àgiÜb^†à:ûüó%œ¡eô\¡sà h<ÖgkÒ|etD@DG)–E\÷Ã≥4sYP.S„9®ôÀäW
œ÷(º çB°Qh4
óôÁ‰$ 2h*<P°ÒlçÆ¿Ò2 ç¬sJÓ@ÚBT˛äx^.<Ps·?î
/ê
∏qô®Ä
®pø^®F°– (4äœO3dÚ"È˚9›lN7õÛ‹2al\÷ÃÛU‘—–∆Cû[34Û,ç∆”Z£µ∆e•É6@ÈàÄR†ûG@kç€HDPT(•pøR
ˇyWh@…eE\÷Ãs»L P 7p P†àÀä∏¨π–\¯œ÷ÃeEº@Õ\VE<èLàÄ"ûCœWkçR
 ≠52ìÁ+2y~J-¸K˜wyôê…≥‰ m‰~´√CVGG‹ÔûªÓ‚ø⁄85Óó”¿en–Fû•œ)Ä¢@Dêô`¿<õçÁ0$œa>õs|˚8œOQ·ÅöyÕPƒeÕ\VƒïdB&/íL»‰≤˛’äE<K3¥≠qYD,≠qY34sY&œIçÀ‘@çIQ£®ÒÔ—(¸[5C34C&ˇ¢$∏_¸®¸;4C/TQ£π P‘Ä¬ÛSƒ*‡∆≥¥JmÑ“Å®©Ä ∏Ò,*º(
çF·~ÕÖÁVÕ<è yñÿ‹>N7õÛ/…Ñ.k.<PÛHÊ¿Û”Ããdwwè„«w«ëÆÎ »L ( ¥ëR∏,ìÀÜL˙ÜL ä
ô…8ét]Gí‹/"h≠ d&œœ_ˇ˘_◊˛ó ‹˙î[˘w)@„ä Ç+0d¡e]Å±5"Äà 7pP·Y‹xAä‘ˇJn<∑Là‡≤±Aó5C&4Ûl"`lPƒeÕÄxæöy–œ°î¬E•Zk<áLà‡˘iS#ß‰Eñ	 ≠Åà¢Á≤idux»ÍËà’·! ˝∆=wﬂ…µÆûá
DÄ
ó Å‡ô
œí	¡eô…e‚ŸÃ‚
Ç>`H^®S«∂9iü¢¬ÛSƒ≥4Ûä∏¨
W¥∆e•,If ìÀ"xÅ" ìÀ2y<K&œ¡eEçjÊEí…sà‡Ö** 47^êÊBQ„˘)4 ÖÁßQ¯è“WÆF˙D-<Pê‹/H HíÄ øQ&ó%–]·≤¬Û*j4˛UT¿‹`j†¬≥∏Å
œ¡çÁKÖˇô¡ø®õÕy†√6;ûØLÄ "yAJ∑…A3œ°Ph4hwwÄ3géìô<_„!cŒhçg2Ë#hÜÆÎ∏_s£+ ôI d&AkÄ›ÛÁπı…OÊèˇ¯œ¯Î?ˇ˛-V´Û≠9œ°Òl…≥óê	ÕPƒeôIDêôqÖî2πL‹∏_4Cœ°ôÁ—Eº`nº0Õ–ûS@ ô\¡eEÕ\Vh4
œO&D@3ÒöEÖ˚e&AfPJ!3y•Ô÷óï¬≥‰ m‰˘˘Îø¯3Óπ˚N˛;åS£´Ä®=óEpô®@„yE @&<ãyNƒeCÚ|ÕgsNıßémÛ‹ö EÄfûC4sYW∏"!ƒsh≠PJ 3∏_dB&óE@&4AWxñ.ÀÑ»‰≤Lû%ÇI&ê¡≥dÚ¢Ú|Ò|57˛%Eçˇ)W#}∆©—◊‡ﬂâ ã`≈≥u* t•—(`Ë‘h. 4œ¡ê	]i\—x°‹∏ÃT†€‰27û≈çJ ‹¿ç*T ¿h<∑B††Ò‹ö!ÇÁë	ê	ê	ùôIkÄ’¡ä˘Ò„‹Ø+ê	\ñ9í…eê∫:'›(∆‹ÁÖó
˜€øt»ºŒÈJO)(drYs†®0võ47 vÔπïÕSg†ˆ‹o ®ÖúËÇÊÃπ_)¶ EÄˆÁÕØ˝¬/‘'?ô´±çt≥éÀ&ûmE Ç(D@pE[7B≤—F8úVﬂö@Aœbh4äxÄ¬5R–E</Û\œOk@E<èLà‡Yä†∫¬≥4
Õh<?\Vê…≥%4• "ÇR
•Zk¥÷ (‚Y∫
TXM<€ÖBí¨¶‘9 ÁœÔÚÄ	òL#L+0Ä† 0:XÖ˘bõÛ˜ûÁû€Ô‰ø‘‘`ò†‘BW:özZJ4ÓW Ã…e%ÄL "ú‹Ø®–≤QThn 0 .†ZÉh2π,:m≤ªZêÆ(* (º`E<è‰ôÇ+Q
ô\\ë…sG.+r‚ŸÇg…‰yD\ Õ\—˜k´ÍÄ»Ñ^®"˛E„8–u∏ÒTxNçÊ@Q„~Ö∆Û”(<ÒúÃs2œ•P‘—<áåÙuŒÒ≠M öG^(%<[„®¸5
Ö‚≤¢∆Û”–E¸ÀTxæT∏ÃT†çP:Ó◊E\·∆Û”%
œ¢ n<?E–ÃÛ»‰≤ûØ»‰Y"Ä÷]◊Ò@ô<K&óE@&/ífû•œ@rŸﬁﬁ ;;å#D@óÂît•„πmû:C∑ÿ§µFf ‰4¢¯ÜØ˛ ˛Ïèˇåˇ
Õç¢¬sHH"zÓW
î≠qYW/P95JÅ"î¬ÛUƒeô¡ã∆Öñç˚E@/P$W4CœW4√ÿ∏,x∂±Aœ◊8éd&]◊–Z#3à®Mçééˇ#ê\6N#˜ÜÅ˚›yÎ≠¸Ÿoˇ6ˇ]J-\÷F.Î6»L∫“Ò<Ë Ûr à⁄søÊ∆¡≥dÚ,ôP
œI<õÒ"ã‡≤L.kÜÆpYdÚ,<áûØ‰Ÿöπ¨àg…‰Y" "x•⁄‘(µœ¡ã¨î@kç«ë√√C∫Æ£Î:^∞˛E*‡∆øVfë<?Õ# EõÛÄqÈj«ã"Hí‡˘†ÚÔ–(˜k.5Ó◊Ã≥Ò<ö°à7pÄ
ÕPƒã∆Tx7^ò".kÊY"xô¡≥DpEÚ,•67Á<P/P&óç”
ÄaZ—÷áDø@ômRÕ<ß ígπÒÊ3<·“! ê	\ 47"Ç÷ ›bÄR
/H‘¶∆˝˛‚O˛å?˛ΩﬂÂœ˛¯œ¯è6ÆG∫Y«s+*‹ØπÅ∏¢qÖx≠A)P
åS0NÄÆ»Ñ®äxëD@&î¬Ê¬˝J·≤÷xÅöyPÕÄ
TÕP#WdBW†ôÀöÅ‰yîR h≠Ò‹2ì’8ç¸´ Ä‰YÜa‡~wﬁz+ˆ€øÕsÎ∫éó~≈W‰Åéü<√ıÖÁpÁÌwpœ]wqœ›wÚ¢»))µ⁄@Ù¡‘Ä‡y¥i$jOõFJÌ hn<ãxæ2ÅÄf(ÇfË∏bœ!Ä‰Yö°àÀ"∏,"xô<Kœ!H˛U"xñ‡_E\÷• J-¸[ïR àZk‹Ôêq«ëqÈj«Ûj@·~EçÊBs°®Ò,•òˇE2Éà‰âËY≠∆idsæ…8çD·ﬂÉ Å"ûØ"ÆP·˘r„YTxuŒ≠&òW@‹xÅTx*\Ê∆ã¢öy<Kó5Û,AfÚ‹2π,ÇÀ"¯ÂpD[Rfõ A3Wê\<Àç7ü·Å2!ä
 EÖÊ∆ÛSJ°µF)Öú›|Ä’¡.˝«_˛ÈüÚÚg ¨V+˛´57 ä
ç…≥4èê—Û‹ZÉÆ^òû%ÇÆhD¢kDÇ/™±AWxñ".+Ç∆Û76.õWåö°" ìÁPJ†îBkç˚Eô…s+µ¢πlÓ7é#wﬁz+w›z+œO)Ö˚›xÛÕ \w”Éy†yÂYû¸Ñ'p›ı7pœ]wÒØ—¶F©ÖÁñôêôt•„Y(ÄyñÃ$jœø»Äx≠A	Ë
óœ÷uÖql<KÜAœ#ÇÁ+ÇˇPôô¡ø®ä†àÁPj°5^dE<KD0é#„80„8Ú¢)ºH⁄å¸k5^T}ÌßëaËkOfë¸KÇ$	ûï•B†ô+ƒ≥5öπ,ìÀ"ÕPTxæ¶î¢Áy®¢»i§ª#õõõt]«˝ö°àÀ2°ˇÇ¬sj As°ôQ3œÖg¿+∫≤…Û@í D$ô<[È†BÃ7 `µ{+Û≠Î†ŒhP
˜õœ; V+û-ô…Ë‚Yä
cy†yùsYÂ≤’¡.mµÀ∑}›7 Úg¸gZM+éó„ 0¡äg[ÕÄÊFs£® PÕ söÅl 4qY6û©†P h—»LÓ@&î¬eckt†—E Öf(jÒ\Õ<K)çÁ'"xÕPE––E–– »Ñh@&D 	£W¥FZh<áR
˜+• –‹hnöÖ@õL¿¥‚ôÛlÛ˘Í¢áò∏¢As#3).‹oµ:b\≠ÿ›=œjZÒ¸åÎ∆|sì›KáÃ779ˆ˙~N7õsŸ|¿∏^±}¸8˜‹s %Çyù≥öV<∑œ6Á9çBPJ„äBf–‹(*\f¿<KDêô†Ä“ÉÄÊ∆˝ä
H@@¬((Ç&†Ú,ô–Äë„Û„Ï“â+ÃÇBa»Å>z "x.ç˚eÚ/ûSÚú2!2Å‰Y"Ä‰9E·9àgj<P3W/TI ∏¬Ä†µFkç√’!Ö@f“Zct`sﬁ‚yôÁ$.+j¥÷h—P‘h. 5^ Û\ Eê4ûW·Å¢46sö!Jî(Ã≥IDÂﬂ®àÀöEç˚A3D@&/ò
∏AÈ†ç=œ¡çÀTxæT¿ç˚ı}@D–Z£î¬sã‡S7˛%EÄÊ¬R‘∏_s·~=Aœë D$/LÈ6)›&1n¿¥‚≤:Á≤Rxn„ÿxnAkF†^®?˛É?‡˜~Û∑˘ã?˘3˛ß)*<∑"ûC3œô\V(4˜ãû%ÕÊyÒ/jÜLË
œ°ä∏¨5.+∆©–’@&D2!ÅûC&óE,AfPJ°e„≤$ Æ0óµld&• ∆6RT (*`.+µ°πQT hn‹Ô`ü£É=˛µ∆ıä˚u≥9˜ÎfsÿÁﬂ¨‘¬µ©Qj·~AfRJh@,Af“Z#" (* 47ûGÉ“qY4Û,]·˘3  ÄÑ√ÒêÕnìÁñ D4˛%ô¡≥dBdBpE&DpYˇ.Ö∆s+Çf˛]∆i§‘¬˝∆qÑZÿúw<ã Û"…L∫“h.4äˇZE–Õ\ñ	ºP<[&D@&¸kP˘WjÊ≤".+j4 ä E\PThn<_*†¬Ûp ûá
∏Å‘u]◊Ò‹ä∏¨ôô
ò®®—\(j5ö EçÊ¬˝ö Eçˇh•€‰~•€ÑòV0≠†Œyº0EÖ÷5HÆHû«ˇ¡«¯á¸Ò¸óM¸ó[≠W Ãgs^TÕPƒs(Çfû%ÇÀç§R<_Õ Ö¢Fs·πµD|5CdBóÆF∫ZËj·~E\ñ…e<á±qYWxÕ@& ≠5.ê</ÜR
˜«ëÄÊ@°–¶@G«2L/™ÊFQ!ï4˜;<ÿÁä65J-D J-<PQÅ‡
û%3π_)Ö˚572ìÆt\ñ<[«ÛhÜN\÷˚ááÏl,‚ä‰≤Æt<?…Û¡Ûà‡9D2!ÇÁ¡≥drYØ◊ô¡TÕ¸ã∆q§Î: ∫Æc4ómÃ{6Á´âµ¢Fs°πpø¢@°–(<?cÉ.ãÄL˛M2˘∑†ÚØ46(ÇÀä¯ûÉ
/î
œóœO◊uº(äx67P·Y‹@Öç¢@s°®—\ (j4öEÕ#/™¢Fs·EVÁPÁ0≠x~∆±Ò/
Æ(@„≤¯ªø„«~‡∏ı)∑Úﬂm>õÛÇ472ìà †®pøf(‚ÖJÄ Hí xAä`4¥	∫¬eEçj∆JÅRxÕ\VcÉL.+ÖÀéoÕyAö°+PÕ\ñ…e]·9dÚ/k@ÂŸƒ≥¥÷¯Ø‘‹hn Ïst∞«øUﬂœÈfs˛3å´ëR•ûØ¬≥5†"Ç˚ïRhnDÕÄÖÀ
–xñ °VÃ+åçÁ/xñûûE&œ!ìÀ"xôô–"xÅ2!" ìÀ2xñ‡y5
Ö∆˝ä†ûØf^0Ò<Ÿ‹‹‰~õÛéçyœÊº„y$P∏?YdÚoAÂE1Ò,E¡≥4Ó◊\(j 4Æh<ûá
ˇ"7ûá
-E<*‡@·p„Y‹xnÕ<K@£ôÁ“hh 4CQ£†QƒeÕ@ÓWJGÛ»˝2àû¶ïé9–V 4†Z6ûEç÷∏¨µC ∆q‰9TûÂè˚è˘Ì_ˇmn}Í≠Ï^‹ÂÑ:Á9≠xñi≈˝2ìà‡yÓ¥6“dBœîÄxMÕ#P@A—HóeBrøFÕP:ûG3dBœ£°+\÷P(Íhπ¢06(ÇLHûSœW45hÄ∏¨P ∏l`†Px¡≥47^ò’ƒsXM+ûe‚9ÃÁ0üœâ$…jZÒ@mjåáGA3¨&˛E´iE◊:äÁÃÅyùC6Z)≥éÁ6üœh$´i≈øâ°≠•çR
çF)ÖíÄÆtåy†à 3âJ)¥÷Híà†®pYpE"π"! h\V7aµ¿·8≤πòsôy∂Ç•@óe6 "∏,(‰4 PÄ®= ô=ôçû%J°Ø¡0%Q Co”\(j<P4C3Wœf@<Àú9´
-πlta.(µc5qÖy6.<ãœ!:ÓW‘hÊ≤L x¶¬sj<Pœ!ÇÁ“xA2y^Ÿ∏_$ÖÇ øRdBœWs·R·y∏Ò"Q·27P7˛En¸G)‚≤"ûC3œW3ó5Ûµ6B,=ˇÕPƒø…ˇ˛Û«øˇ« ¸ÒÔˇ1ˇ≠∆Äy◊Ò‹ä
óe&•/íûCf¡Û(•¸D@&4CD …eÕ<K&D@Wxñf(ÇP†ö°y s ¢ –E<Kóç∫¬Û’Ã≥†Ò,C‹ØµF)ÄÊ∆Û’∏¨πÒ≠MçRˇô∆ıä∫ÓÜ∏ÁŒ;˘∑à®µ@f≤“äÆt<?ô	@fêôD öE˛E„Íênæ…Í‡êÕ≈úÁëº»2°∫¬ÛàÄL»Ñf( àË…»àËâËà‡ytµ0L…85∫R¯óœ≠πP‘ h.5ÓWÕ¸ã∫y«ºç<–——õõõ<KlPûüûC4Cˇ[P˘OR‘h.¸ár 7 p„_ÕçÁ÷Ã≥qY3œRƒeÕ\Vƒs(Çf(‚Yöy°∆ÒêR:û[Dœ”’9‘ÃsJûS·˘˙ÅÔ˚1˛Óo˛Å[üÚ˛ßõw/LQÄ‡ä íÁº E 2!"xn≠5"Çf !ä†ËÄf.kÜ"û%"†ö°àg/TÛHß¬j‚≤ûGA3œﬂ»Ûr‡ÅJ)å„HD@@f–‹†H†ïˇ√0–Õ:Ó◊¶FN…î2Î¯è÷¶F©ÖÃ$"x†÷•∫“0‰ @=œOf û%ÄÇÁP
å# .ã⁄Sj«ÊbŒsH  ‚˘ "í*‚_T°û˚EÙ$ˇíqjåS£´Ãø®Q(4®®—\ (j¸[îZò˜¡jHÓwxx»∆∆õõõ<_.\¶∆Û”E<K4Û"ÀÑ˛U2˘E¢†Úü†®P‘xû≈TxÅ‹@ÖÁ° n†nº»(<_E\÷Õ\VƒeÕ–ÃshÊ94sY3ˇ*=óe d‹/¢ÁE’Ã¡	$P`G∆q‰~˜7ˇ¿Kæ‰cy…ó|,øÒkø¿ˇ˛Û?’jòwœ≠πqø¢ …Û»L"Ç˚eÚL¡s»L®µ∆ø§àÀFûWœ“ÃeEê\1Ø–Õê9—ì9P‘16.Î
œ!ö°öyô–ÃË∏"a``l#]È∏_kÄÃ$"xæ(•–¶∆ø◊Êˆ&˜+µ–¶Fõˇ¢ÔiÎë2Î¯èTj·)•åm§+cÈJGkç˚ïR àûüÊFiÖÀíÁ–¥0Rj@õFûGl¡Ûë d– à‡95 ö!ÇÀ2y=ˇíaJ˛µÄB„ﬂ,Å¬sòwÖ›√ë:::bssìÁQxÕ\VE\÷ÃeE–E–Ãã$ÇY&D<ö°à*ˇ<@„ÅäxN†qôy¡‹xn†¬  PEÖÊ∆ÛST b†WOs„2ûE‹(‚≤±APÕºPô¡Ûó<áR „T(•—ÃeÖ ÑÃF3œR2i*4ÆhmÇqÈ∫éR
- cÈJ«∏h≠1é#ç¬£_Ï—tµ àG=Äw~˜wÊ÷[o•®∑˚∑¸›ﬂ¸ ˜‹qˇ≠&@\QyEÖ±çD ÕçlIW:.œíô
√4Pjœe»Ñf(‚≤.À÷ò◊¬85ä!Õ¿ÿÄRÇ$π¢E06hÜ0/T3P[
]ÅÃF@œÄh"xñL.kÊ≤"JÉÑ>zhSc^Á‹ØµFf“u≠5hIpEP»¬eÉ.[≠∏læ…jÇyÂ˘Pa≈‘9Û
›ºÁYççgôV¨X—H^ê9PÄ¨ÄyÖú¢Ôπb@Û»jÇ˘|@◊˜º s^∞R
A)ÄR
≠5Ó◊©ÉÑN$¥h ZkîR»L"Ç˚57 ä
®Ò,•0ÚL≠#•ÎË &Õ# ]ô3Øs VÎ¢qôx¨àËynEçÊ@Q„~• 4®π¬dk tp
œ-3àH˛%EçfûØ"hÜqÇû•4Æ.+µc{>≤p¿ºŒiÎ∆≥òÁ“∏Ã\ë\÷ÄR∏¨àg)‚≤"hh¸GâÄLûGœ#"x·&®¸WHÆ@ÖÁ° *º@n†¬s+*‹Ø®–Ã35^  pp p£+–ôê@/P&/P&œiµX •v D@&/\$PJ@)≠5 J)¥÷HíÊ@frøqπﬂ0%√î Æ8~¸8/˝“/¿Kº‘K¿{pŸü˝Ÿüqø?˝√?‡œ˛Ëœ¯ü§+˜+*0∂ëÆt‹ØπP( ”@_{ 2π¨+<K4CW˜ß*‹/HíÁ÷Õ–(Çf»Ñ.kÜf(‚Y2°ôÀÊöπ,¢ÁÅ2!ÇÀ2°ôÁPê…sr †µF)Ö÷„8“uœON‘ûÁ1ﬂ‰ﬂ™tˇ¥÷(•–Z£îBDêôt]Gkç˚e&¡˝Zk<PD PThnÒl≠A)∞ZA)–u 4è¸ãÇ*s ¢Á˘i.º „‘Ëjaú Q
/L3tÖ*"yAÄB£QÄ∆5ÛØ∂≥µ¡Œ÷wﬁsÄ˘bŒ≥/í÷Ä‡≤"ûG4Û"ìÀöyñ"hÜ"˛≠®¸eBóerYœ+ÄÇÁOÖH ‹ ¿T∏ﬂêA	@Q°πÒú
œó®<‹∏_îÕê	PÕ<áûG&óE …Ûÿ›?`ﬁ˜‹/ìgiÜ"û≠ç<Pk#œÃÁsZkº0]◊1é#ˇZØ*Ø¿˝^·U^Ä?˚£?„~˙á¿ü˝—Ûümµôœ;®πÒ@EÖ¢Õç¢Bs£®pôπ¨Ø= Õ\VƒeôÕ\6NÄÆ ö°5û%í‰~EPÕ<K3¡î	ÕPƒ≥dÚ|E,Õ\Vƒs»ÑfË£g»Å! J)¥÷h≠QJ!3π_)(¥i$ßÅ®=…}Ìh ”  µ„_´ç#—˜¸oWJ†î@f¥÷ »L"Çà †πQT(• –Z†©—ïéÊ∆s(ZÉq‰≤^ê’zd>Î∏LÄy°2^òÃ "πﬂj=0üutµ 0L…85∂7{ûüLhÜ"^$EçÊ¬“( A3Ò<2!ÇÁ/Å‡Y∂∑6πÒ:h^d…s»ÑÆ@34Û<ä¯OSƒ*ˇJô<KW†ôÀöπ¨àˇ8*º0ÕçI=œ¢n<ã
∏qøfûCW†öyæ2π,ÇÀ"∏,ÇÁu|{ìÁßôÀä∏¨ô+rÄËhm ¢Á~„8d&Mç¢Bs„ÖßFWˇØ*Ø¿˝^·U^Ä?˚£?‡¸˘]˛‡∑Ä€oΩïˇlEÖ˚57 öEÖÊFs£® dK Üi†Ø=E\¡e\V´	V´ëÕy¿85P·˘	Ä§Ò@E<_E0Úú∫¬eô–Õ–ïûÁgl\V<K&4sYóı—3‰¿RJ·πµi§õoRÄqyñ⁄sŸ4¿4Ú¸¥÷¯◊hS#ß‰?ZG®ˇë"Ç˚µ÷ (•pøÃ "∏_Q°πqø÷ •ç±ç"ÇgGh ÊshÄàûj
ˇ.	@Q`5¨÷#◊Õésøæ}^êf.Î
4Û/j.‹Ø– hû[3ó5Û<"Ä‰YJ<áÌ≠Mˆy†’r≈|1áÇÁî<áR†5hà‡yd¬h(‚≤˛Õ2π¨ôÀäxñ"ûG/**/Ç9œ6Úºö°àÀö°àg34ÄÑ"Ä∆sP·9∏QTxAœV4Ö¢Bs„y5öy^n † n<ã° $óç E\÷ÃÛà‡≤LàÄLàÄ y•√î åSc^:û≈ÄF 7PalÇl¿ƒ‚≤Ù@f£5@çF†ò◊9´ıäÖëëB„≤
I#ÕŸ∏,2Å‰≤÷†Ä≠¡KºÃK”u0é⁄Øˇ⁄ ‹˙î'∞ª{¿oˇÚØÑ'<ÅˇhÕç** 0¥©A-LP(P†’Fi<ó@3¿! –3N0LJ†dOW:FèDô…Ë»)Ç¶‡~ÈÑ‰≤U ∆E\ñY XM %‘ÃeEôê…Û(‚YÜxn• ¢‘¶9≠ËÊs⁄¥Ç“—h‹ØîBkj°†Ú¢[≠hõ€îÑ¬Paux»juƒe`^†’•Ag.[M+6gsä: Vóµs`≈7Øs®<K©ç®H†P2!Ä0A´Ä65J"Çd»F"†e£óµ÷h— :ÆJÌ(•ÄÅ( å≠QJ!"∏¨¿|÷@ h\! xñà 3i.îRH x¡öEçÌçMÊó5äQz^êL.Î
œTxQ˜+4 öπ,ìÀ"†àÀö°àÀö°hÊYZÊuì’
v/q∏<‰‘ÒStÛéÆÎW#îé‡ŸJ ¡≥%¥∆e•@W Û,(ÇR†öal–Aœ!" "xôê	E–0œ2äÁQx†‡95ûï•.ÀÑû•ôgiÊ9¡ÿ†û•ä 7P·Åö EÖp„2p„y®,* ‡Ãù∏¨ôÀä†∆E\¡eê…ã§Ø¡≥∏Ä
¥h#®@)DÌπ_©Q{ rhJ·≤ÆÉq‚˘Z≠W<P·ä±qY)<KdB&–$œ¡≥¥∆≥å#œ·¡4ªªª º˜á?Ä’¡.ˇwˇ ¿„˛ˆq¸√ﬂ˝ˇ2ìÆt<è‡ä(@«#<áLÄÅàÄÆl2ﬂÍ ßëæˆ .r‡≤ÄÃ†µFQ°π—‹ËJ«Eô…ê}Ù9 –»Ñ±AÛ@=œœêEÖ".À‰y4C4sYÛ @= ÕçR
 „8“u˜knå´]∫˘qJù–‹(*47ä
≠5Ó¸[t≥éÁ5hS„_£µ∆sÎ∫9 „∏¢ÎÊ¸G)µ„yî–∏¢@(x~2ì—#•Ãyæ
`»LZkÃÁs ZkîR h≠QJ·Ö*Ä Û"ÇÃ§µF)Ö≠R†5 †πÇdB3tÖIÊ@Dœ˝öEÄÊ4Ó◊.kÜf.Àä†àg)‚yqŸ·Úê√Â! mjttîZ(µ–dBœW)\÷œ)ÅÄ"hÊ≤"(
œ#ìg…Ñ^®¥q≈ºõÛÑ‡ﬂ!2π¨äxÅ"†ôg)ÇfÆp7p„ÅöÕçÊ∆Ûp„~Õç»çÁ†¬Ûp7P·YÇgiÊYöπ¨+Õ06û%"x°˙ Ù5 @ ⁄ *P: ⁄4ê”@‘û˚ï⁄—Õ7)Ög…J·E—Ä∫JÅ÷†5ûGÒ2yñR†ûØ√É}ûü{â„≈^‚≈¯è–‹ ËJGs„*@lH.ã‡Y"zû€8ç Æy~"Ç LÓóôd&ô…8é9@Õ06hÜÆ@=˜€»˝ÜË£ß+CÚ|Ò,}Ù‹ØµFkç˚çmdl#c…LJù0Ævi”
Äà‡_£î¬2ÆG∆ı»∏◊#mj‰î‰î¸GÜ]7ÁøÃûGfrøà†®]«≥	W4h≠QJ°µFkÄ÷ ]◊qøÃ$3yæD@kç≠÷∏,J·_‘Eº»"zû[s°πP‘(Ç"(‚Yäxñ(‚9Ò,Eº@õãM∫y«sÎ:(J·E<KÒ<äxñû%Çg…‰9drY&óÌÓ≤W‹Øôgâ‡_ã øA&œ¡eÕ\VƒeÕ\Vƒ≥A3óA/≤Ê∆e*<∑¢¬˝ö∏Òπqô®Äó©ÄˇôPƒecÉ"à‡ydB/ú
ênê…EÌà⁄–¶ë˚µ∆≥©A&œRyæíÁT
¥≠Ò2yê…ˇEÖ˚ûEÖÀ≤Aú`Ñ& ìÀ2"z 2“<KW;h»Å‚BkÄR
$œíô–Z„~}Ù‹ØèûÊF4C&œ“GœÿF«C ∫“1‰@q·π…≥A3œa»Å>zÜ∏_kçàÄÄ¢¬ÿF ∫˘q⁄¥ ß(* 47J) ¥÷(•o1}ﬂêS–¶∆Ñq\—us∆qE◊Õ˘O◊#∞Ê\ñôD@scl#]È hçÀJÃçÀJ)<?≠5˛UÃeÈ‰Å∫Æ„9dÚØQ‘h.<?ôPà‡_%s‡~=EçˇHE<è3ßŒ Pj·ÅJ·˘œ°ûì ÛØ¡eô–Ã≥%D@œﬂ<ŒAˇVT^ïg3óEØ÷Ãøûy.Äf(ÇÊ∆s*<ßƒ*‡*<ã
 ®Äœd.+ÇfûCdBê	cÉ"à‡ô<õ
ÕPƒe≈çg)A£pY)–FP„…‰9î≠P†œct!"Æ»i‰~E@@kP
W$œaœ°d†9È#∆ ßÅB#i S2Nç’äg9‹?‰ﬂ£Î:^ 7.`ûì √®ëpP≤ÁY\»√40N#´’> õõõ 9@´iEW:˙Ë!°—∏lÇVdÉË P·ÅöE=E0‰ 4 ˙ËÈJGi
W4(]·95 ∆ıä√˝]Ê«è”ïé˚ö´iED@Ì» ËTx†@ù”\ Ë 4sÖ:.´´	V´‘( §W¨∏ﬂjÇ(*¥“qYπ¨4h# h¿ƒøhµZ—Õ:ÊCS:†®¿ƒã`Œ˝Ö@ã†îBkçR
ÆÅ∆à†qEd&EÖÃ$‘sø6AQsEÇÀí$"hn d& ]◊Ò<*¨÷#êÖjœ".ÀL^Tê	–P(j 4†qøÊBQ$ EçEs°+ÖÀƒeçB°ÖÁ‘ (Çf@Ö∆≥^∏’¥¢Ù=œ¡çH<Ü¬3â+ƒø®öyÄB˜kd¬ÿ†Ç@fPj!"h4Æò…$û”ƒQ˘7à‡≤"hÜLà‡≤f.ÀÑÆ5sY/ú∏¬ÄxÖB£ÒôÁ‰∆en\¶¬sk@A3óA3drYDpY&D@ ô06(2yQ(Çf(‚sÉ“Qh å#DpY&DpYóµ∆s("xÅ2ìà ÇÀ2π¨5(Z„≤Rxñ÷∏B@,C&ckå≠—Q»i †‘Äqj tµ∞‚?◊8é¥÷ Ë∫ÄÃ$"∏,xc€HW:zı å”¿ÊÊ& ]◊PTxncË£Ä
 =œ= C åm‰~}ÙÙ—0‰ @=ç¡≥9pø>zÓ◊ÕÊü]GQ·ÅöEÖR
cÅÅjnd&]Èhn4Æ(]«e≠–G –x·JÌh”H‘ûY¸[m€ÊEë√¿îqÈ∫éÀPÄå@&D@& £]È∏_NQ{û≈\QÄÑ¶FQ 3π_D0∂ëÍ∫é˘¨„Ö ‰27(ˇÕ<[s·πççÀ"íÁV‘h. 5ö‘ï¬øG°—(º»‹@‹xaö°à,xëÒä†ä œ≠Ë∏¢5ûG)Ä÷…ø¡øR&dB&å2°ä†ä†"†ö°ôÀä†àÁ–ÃQxÊ≤fû•—x¡œCÖÀTxn †„ÖkÜL»‰≤û%∫¬≥DADpø"à‡≤F·Y‹†çê	m§5hçÀ2π,Çg…‰9î•pY&œ#"∏_fÚ¸¥•¸	ûGW
]) DÌh”»85 ∆©1Nçè˘º„~ßNù‚‘©S¸ı?¸îRòœÁîR(•–u ôIfíô D]È ÿÏ6y†ÆvlŒ7È∫éÆÎxnC9 –ïÄ!HÆ†l9@9 –Gœf∑IW:∆62‰¿êCÙ—0‰  	$œal#á„!œm»Å!Ür‡˘im§µë÷F∆6“‹hnVªª¨vwπ_W
C&á„»ê…ù?{Ä3◊û·πÂ4")ˇ—˙æÁπEﬂÛ%"xç+h2!"ËJ«˝ä
 9<ãÄ$P†®–‹∏_D<∑ÆÎÿ‹‹dﬁ˜¨÷#œ“œ°t<ã
ô…î¢¿ÿ∏¨+<_ÕÄÃ†π‹˙˙Ó◊(º(2yñB£–xëπÒ"Q·˘ @T@ÖU3/≤R
 ]◊—uAkçEQ„Å
çÁBØ]ÅfhÜfXM<á"(ÇfhÊ≤L»‰≤f.kÊô
 –¿Ä˘7* ûìóπÒ‹xnÖÁ‘ô\Vƒe\VƒÛàÄÆÎxA2!H
çÁP: 2yñL.+" "†Î∏,ÇgÈ:.õœÊÃgs J) D@t"†Î†àÄÆ„yœñ\÷G–G ê”@Nmπﬂ0%]-¸{≠V# ßNù‚èx ˜ú=À=gœrøR
]◊Ò¸t]GW:∫“QT(*Ù—”G@=˜ÎkœÛ3‰¿ê }ÙÙ—”Gœ≥4†	å\1@ÙÙ—”Gœ˝˙ËŸÏ6È£Á~á„!C\@ Ù—–ïéÕnìÁ÷GO=˜kn47 ∫“—”uõî“QJ«ºŒ)*åmd5≠(]GÈ:∆√C⁄8≤ªZ∞Ÿu<–˘≥gyÚ?¸ /ˆ/∆ôkœ¢W+˛≥√¿îÆv<–8éîRx(@)º0Q{ûØ Ãsà2Ä¢BD ∞ππ…ÊÊ& ´a`wˇê’0pY◊Ò‹¿J«ø≈ÿxÅöc„Eë5 äEçÍ#x†F·iÊ≤B„_M T@Öë
®Ä
/î
®Ä
ˇí"ûCs·…LÓWJ°î¬ø§®Ò‹ÖÁBÂﬂ "†ö°àgiÜÆ,ô@,E\V
œ£àgj<ã¯Wj<ã
$œW3Òl*‡@3qY3dB]ÇÁê≠—’¬85∫ZhÊ94Q»‰Y" ì+Wd&ê	 $Pà‡≤ÃË…ÑLh≠QJ#¢ “ƒe„≠Æ X≠W\÷%"∏Ls öG rjD …eê	≠A)– ígi.‹o\è  JÅ÷h (4`≈ø ¥¢´€‹o>üsÊ∫†ŒπlÇø˛õ‡•_Ó≈∏Ó˙3¨V<á90∂ëÆt\&ûK„ÅZÂŸW$œ“◊û˚µ÷∏_Q°‘”¿≥∏1ù 4ûãz JÈ »(•ÉË…»±–’@£QT hn<∑Å@È
„\6&Wx‡~=h^QJ«eÛ2°5hç˝√}ÿÿ†,6)•¿ƒe˜ˇ¿e´ {ƒ√ÿ?Y›s(Æòsø’j≈|>ß+0Ø∞ZÆ(*ÆGûÉÄT`‚Ö◊#õ[õD	ÆXqE:Óó	´âY*œR)•DÙ4√8ét]«eÜ¢BDê-!∏"ìà  3âö4
mjt4Ä‰≤R†πQ(`»ñ4°†—Ëªû®‚≤qa(¿∏j¥!ôœ:6Ás W+` †WíQBDPThn4]Èx¡ ]È∏"π_s·~EÄFA£pô`pÚÇ4†–xnô¡sh
Ä±AWx6Æ(‡∆ÛP·πn\¶¬eÍx·íÀT∏ÃçÁ†é‚óy†`ûøËtÖg)Ö§Qxæ*œV!¯W Ñû•àÁPƒsË
Ò|≠ñ+v/ÌÛ@ÕºHäx—âÁ–E\·∆≥®@ÕP]ÅÆ@3/PWˇí.À‰≤.ÀL " "†tP:JÈ(•„~]◊—uA)ÖàÄÃÅ÷F(*œ+ìÀ2!ìÊëÊë¢é ‰≤Lû•5Æ Ä‡≤÷≠5J)P
Dpø6ç ‰4–¶ëØ?Ï?qäÁˆ◊Ò‹s˜Yû[s#" hnê@	$	C¬ê0$0#0	$@ óµ÷h≠Ò@•Ó7N# }ÌÈkOW; ∆i‰Å∆id…«C2 "z "z∫ZËj·Eï	ô0é•pYœ“⁄Hk#˜+•£µëÀJÅÆÉ˘∫é„ßŒ ∞Zrøx¬?¸<¯¡7rÍÙ)^TÛ≈úÆvtµ„∫àÄÆÎà∆q§µFQ·~¡˝Zkd&ôIDpøqÑÆ„≤L(ÖÀJ·≤B·~Apøæˆtµ£Ø=√4p∏:dòû€—j≈·j¿Ê|@_{^T@s#3yA2ì˚^ê¢∆˝öˇç¬5sYó5
46à‡ŸTx*<ã
ˇ&ôºPn<èLûá
 ®Ä
®Ä
® –hÊ≤B£–(4 
çB£–¯7 ¯WÍ
óÒÒ<ä†àÁ∞{~ó[oøìÁ÷ÃÛß@P∏¢  T ¿çë
/Hˇ!2yÕê…≥å„»e*†¬s+•#¢ßµ∆˝"ÄR:"z∫nì6Aõ†Mêœ+" ∫ÄÃÅ±Ú@\≠qY)@h@Ú" J·~•v¸Gy±ó~1éü8≈Ú◊Òú?wñ€»ÿFV”äÁ—xñ±qE –œ6BkçR
]◊—u›º£õwtÛé®AW;∫⁄qøÆvÙµßØ=õÛM˙⁄≥9ﬂ§Ø=õÛMÊÛ„t›&]∑IDO◊mRJ«Ûs∏yAJ-îZà‡≤÷`°5.+" ¢ßÎ6»»∏_k#¥≠AkP
 Û≈&˜˚á'¸gœùÂ˘9~|õG<˙¸kıµgsæ…øV)Ö≈∏˘èTJ!" hnD˜ã"ÇÆÎh≠Ò‹J·≤R†5hçÁ˜ÎjG_{∫⁄qøqßëÁñ9 p¥Zq∏Zq∏Z—◊ûÆv¸[47^êà`l# @fí<Ps·?B£–(4C&DÄf.+‚Ÿ"¿çgQ·E‚*†nº@ôê	ô‡n‡∆¡≥®πqø"hÊYÖˇ T˛ïöyÅöyEºP«OgæΩ…ÒÇπÒ¸ûÉ ® çg14†àÁÂ∆˝äxëA©ÖqjÆF6ÁQ
î…≥dÚ|E ô	*<Pk#TJ†îBkÄq<$¢'s 
•ÚÇerY◊Akuî“—<–≠qY¥•l¡0óïR h≠Ak\≠ÒÂöÎÆ·EÒ‰'¸ß^˝µπﬂºŒhnPÄÙ¿ê\÷¥¬≥5û-ÅÄÆvîR h≠ëS0ÆF ˆß}hò ∆i§´ √4pøq:§îé÷FJÈ (•#s†µë˝tµ 0Nç;œÓ≤x¿ˆÊ&7û9√|k@õÖ@óerY&DpYÊ@)=„x»˝JÈh*– ¥• 0_lrœ∑rˆ‹Y˛%èxÙ#xÚûÃ≥ZÆò/Ê tµcúF∫⁄1N#ˇ—∫Y«∏˘∑(•†îé÷F®î¿ÿFä
¡˝J)îRXM+Hà(ÇÀ∆ÊsûCí@_{∫⁄qøa Ëj«˝Z)•„ÅéV+ ∆
«∑é”’éqij^êÃ‰Åä
/LQ·~$œOs·?B&óÒ,Ö∆˝∆ÑÆú⁄»sp„YTxÅT ¿ ‹@¡eô<Kœ‚∆e*<_ÊyπÅ
œ‚*†n D<
çF°– (4Ö*ˇJEº`Ÿ 
E–ÃeÕPƒ≥ôgô˜sÊÛ94 x^‚˘(<ßƒÛr£ä∏¨E<áñÄ"ÆP·27P7û≠P‘∏_s°®1¨G∆Âänk@3œ¡eô<K¥Õ•ê	D°h#îé˚ï.S7h#î‹($∏QT¿ç¢⁄•@t\Q‘qô`»Ñq‰äëÍ
drY3óµ∆‘Z„~ô…ºl2N#√40N–∆ëÀ0ˇ*e÷q¸Ã5‹¸G ∞öVlv˜ãZ»Ñ»‰≤?˛˝ﬂÊç_ˇçÿ]rø—&`‰YÊµP•B3œ©¿ú9ó.[ç+∆qdµYh`ú]-¨&ûe˜ÈZÉR†5(Ö&ûìyñ¢<B◊¡8∞Z∞:Z±ZÆÿ<æM·ä{ÓΩá˝Ká<¯∆9æΩM°PÊÄ√√C ∫Æ∞Zç ¥0røÆkåû∞Z≠ò◊B°AÅ6ç\6 Œü?À≠∑ﬁ
í+4: rJ⁄‘†Œ9u›çÏÆ∏ıiO„π≠¶-õõõ ¥R(]áçB°0“Äë+ÊuNQÇÃÁs∫YGÈ
T`
ê<áòWX1‡Ï]˜1ØsV”äÁ6ØsÓ◊î≠≠(AkÄ÷•J)¥÷h≠—E@kçR
]ô36†“ê	]«e≠t‹Øç# €'∂ynÕÄÆt`(*4‘9mZAÈ(nDÙd¥6“1ÁêæÔÈ∫&@ºHö•í‰Yó9 P‘ë	…ãƒº@Eç˚5Û,E\÷Õ–ûØfà‡yåçÀ∫“ @ ‹x7P·9∏Ò<<Ç
®Ò|©pô®‹h4HË£†®,n†¬≥® P∏Å
 ≈T( ÊY
çF·ôÛ®¸+µ÷(•¸îRx†f(Çf(Çf(<@ ‚ŸûÕÄ∏¨äx.çg1 ^†f(‚≤fû•àÁ‰∆e*<Ps†π‹67ÁlnŒhÊ≤"hÊ≤Là‡9t∆ô<K47h@È¿2!‹@J7»7PÅ» ‘h"xáÀëÕE«êI¿·8–ûelP–óÒ,Õ\÷‹ (•–Z#3y~J◊—∆ë´á>Úë<ÏQè‡~])ôÙ‹/ÇÀ∫ég˘Îø˚k^˙%^ö˘bì’Úê˚ÕÁõ<ái≈˝Œ_⁄Â‘©„<–·z¿—∞‚pΩÇâÁPjcòÄaJJÌ8<<dGé?P
D@)0ç‰4µ'ß=Eóµ∆≥¥∆|1`æò≥{~óΩÉ# ˆÿúo≥ª∑«Óﬁ õ;=‘us ÊÛéZ≠FV´j¿|>†M# •v ¥	Œü?Àìü¸º 9%œÌ¡{ Ox‚SynGGGlnnrø6é¸O¡e„M#]◊PJ°î@)Äq)•¥÷ 
 ôP
óEV´ë˘º„~«OÁÅöôID êôDœ‚* DÙd¥6RJ¿8éå„H◊uÙ≥ûdòzıt•„p<§èû Hí˚u•cl# }ÙD$ˇ^EçÊBs°®—ôE<K&Aœ“E\ñ	]·94sYWx67P^(pp^d*\Ê*<P=ˇ.n<p„ﬂÄ øR)Ä÷ô	@◊u<∑"hÜf(‚≤"ûÕ@Æ(<õyÕPƒ35.3/P3œW/ú
 ∏qø¢Fs°®—\(j4Ówx∏bssŒÛ¡≥A3óu2°ä ZùC@J·Y‹@ÖÀ" Å.ãÄL JÅLà‡≤√Â»ô t•êŸóAóeÚöyEÖ±ç<Pkçax~⁄8ÚoÒ¥'=âá=Í‹olçÆÜL˙Óó…e•pŸ=˜ﬁ√_Û◊<˙%^ö˘bìgôxÁ/Ìrø{ªÏÔØÿ‹úsø&^®aJÓ◊◊†}ﬂÛ|ç#⁄4µ ¢`láDÙîÆ„≤Lû€ÒS«9Œ˝ŒpYÎx†√√CûSc>ÔX≠Ó7ü˜ÃÁ´’»˝ÊÛ9WÃi”@©Ì`≈ìü¸<KÚ|µ©Ò‹n}⁄”xAŸ‹‹‰ãR†¿ÖÃ$"x~J)¥÷h≠QJ!¢–– *óµ∆eÛy«j50ü˜Ã∑6∏ı©∑r¸‰qéü8NfêôD@s£L‹ØµëR:"zp„~„82zdsæIW; ∆i‰ÅÜ¯ó9©π êçLàÄ"ûC3tö°àgiÜLË
œ#∫¬sR·E¶¬øã
∏Å
/û/7P·YTx*‡∆øï£R
 ô…Rƒ&Æ0W$P Ûöπ¨àgj<Ò")‚_OÖñP‘ (j 5 ä áá+Œû›é”œÁ\<_Õ<K&D@k\ñ…•Éi•û•ç¿u”äÀ‘Å D@6" 2°ûC¿ê	@ê–Õ–.óÒö˜ãä
≠5"Ä65Ó◊’éq(]GG˛µû˙ƒ'ø¿º≈õqø±5∫R2)c°ûØ{ÓΩá„'nÂ∫õÃs[≠Ÿ›=À≠˜‹¿©c«ÿ‹úÛØ—◊`òÄaJ“	@ﬂ˜å„H≠A&¥F“(µ£‘ÄB@)Õ#dB î4˛ΩV´ëZ≠Fû•Ú,Û˘úyÖnæI©„Íê?˛„ﬂ„y4ûC‘ †Mç˚›˙‘ßrÎSü ≤ππ	@È:⁄8Ú©ÔÁt≥9ˇQ2°.ã 2ì*•  ¥÷h≠—‘—òWXM@BdBóÕÁ Ûy«≠Oºï›ãªºÙÀø4 ÕÄÊFQ·ÖR!s‡_r∏:§´õÛM∫⁄1N#√4pø√ÒêÆt $…˝Ç`l#cŸÏ6ÈJ«ÿ…î±AW†àÁ06(‚≤".kÊ≤±AWxÕ\÷^tn†¬Û•¬ÛÂ*<_n †¬øâ®Äœ‚∆ø§–h^T˛JÌ)n<ã
∏Å
∏qô
∏Ä
∏qôê@«≥`Æ	ê@ ‚
Ûºƒßn†n†n†¬en‡*‡Fœ¶n<–|>gwüyÖGbﬁPT∏_s·Ÿœ≠ö°öG˙ÜRÄ§8π¨5(‘1é#áá+677Èx¶L.ã@s†cŒÓ•}V´]-îà†∏––ó≠F "Ä1ìà †îBQ°πêô§ì˚55®êS–¶ud4öFV¸Î=ıâOÊ—èy2èxÙ#h.<P)\¡3Õy†{ÓŸeæµÀ˝∆Â!C& #pÊ¯Œﬁsñ8ﬁ–œ22
2ìg…∆ç. ¥÷ (•–Z„Yíg‹(*\6é\çR
 ¥ÄR«ë÷•:Ê<PQ`»†îëÁPÁ¥÷»L "˜+•–Z£îBkçÃ$Zpø√√CvßÿÂ¯ÊqÓŸΩá÷
œA*¥÷»LBAN…˝V”
Ä_˛•ü„ä9˜õWû)Ä9 e)Ç°@3óïZËj«ºŒY±ÒÇUX≠Wt}Gqa>ü4äG∫ÆÉ:`l0Û e%x¡*œ6≠Äÿ†óïZ ÅâÀöÇà‡~çcÉ,]◊SJ†.õœ˜˚Éﬂ˛=Œﬁq'o¸ˆoÕjZP( tt§2ÄÆÎ¿çZÖ"H@·94.km§LªÃ∑é”’é÷˜+µPJ·≤∆eAf“‹ò◊9AsÉHí,¯ó4 2°π—ï¬çÊ4 öa^yñf.À‰≤"ûC&tÖÀÖÁ`(4.S7P·9∏qô
œ¡çÁ·∆≥û≠–⁄@)<KQ°πÅ
œóœ¡çgqcl–¿çj
œVh4
ˇ*ˇV*<ã
∏qô
ó©Äœ¡çÁ Çg`¿ÄÄ ê<[o£n<_*\Ê∆≥®Ä∏AÈ†ç<–∆÷˜«ë˘|Œ5ö E\÷Ã≥D 	Õ–G0dÚ"x†ÆÎÿ‹‹§Î:p(⁄»Û≥p»≥∏*‡F4CD tå„HfD‘‹xA
ÖF†MçRmj¸Gx“ûƒ#˝^êL.KFÓ◊ïé˚–Ë# Ë	⁄÷Æ„≤Õ≠Mòxñ  àû≠ê	@ôI)Ö÷@D êS“ïé±ç îRx†q…L "Ç÷ Û˘ú÷ö˜+‚≤>Ç!ìf»Ñ(‚Y"Äq(•pø÷˜«ëR
]◊—ZcﬁœXç+ ˙> 8<hjîR∏_N	@õ˜˚Ì_˚5˛%áá˚lnn0L}ÌßëˇL›lŒ∏^ÒØQJ¿8“uõ<á :†q≈£FJ)DóE –⁄@)ÖÁÁ€æ˙ ¯Äè˛0ûü$y†÷A	ûÕÄæ/ä√´˝]Ê˝ú˚ïRh≠Ò‹2ìÊ@W: 2ìÊF)ÖãÃ –E<Ks·~ôPÕ<K&D@3Ò∆\÷(<?ç@q^ 7ûEÖ≠Ã§î@kçR{p7˛µö!ö°àÀÖ˚5
ÖF£Phº˛-Tx*\Ê∆≥® Ä
®Ä
œAƒƒÛ'û-Ä ÇQ&Òú‹¿çgq„27p7pû≈çgi#œ¢¬ã¢π@Õ<è(‚≤>Çgâ‡≤à`G ∫Æ„Y‹¿" [†+ÖÁ´ç@3óE,]◊d&ô	@)Ö÷ôIfíô @£—h<Põ „∏bVå„ä´'?·…¸¬Oˇõ€€<Pk<èÆtt•„˘2222ÿ‹⁄dskÄFcddd$I2ì˚e&ôê…ecÉÃ§µ@)Öqi≠1é#„80∂ë!˙Ëâ "Çà†îBD 0é#„8“ZcGû[f2d2d–GPê	´	∆q‰~ôI◊ut]@fêô D•Zk¨V+û€ÒÕ„ é‹/3(•‹Ê[sn}ÍSπı©OÂÖŸÿÿassõ˚ıµgò˛£Ù}O◊u¸GàËÈ∫M"zZ°qErEFÆË†îBkçÃ‰ÅJÈx~˛‚èˇå~Á˜‡>˙√xnç∆e&˜+•,*ê…85Ü)π_rEÚÇ≠Ü´a≈|6'"xnÕç˚Ó◊‹(• ¸[çä ÇÀ2ÉjÜÆ,ô¡eE¡≥4sY4Û%¡≥∏Äœó
 ∏qøÊBs·_ÕçE3œWåçÀöyç@£"†Úo·∆≥®<" ‹@ÖÀ‹@Ög…ÑR¿<‚ﬂ§äxñf(‚ﬂG ‹@‹∏ﬂ·¡! [úΩÁ,g∂œ‹ä ÕÖ˚¡≥dBdÚ/:<<§Ô{∫Æp„Å∫R[c≥Î8ª{»s(dB&®ê≠ô–Ã≥îR»LZk¥÷(• –ïéÊ@fÚ‹J- ¥©qøÆõsø’¥‚ﬂÍ…Ox2∑>·	úπÒFÓW
¥]«e	47 ä
õ[õÚ@} C&œO$	@kç÷˜+ÇœRJ!"∏_kç˚9pø! X h≠QJ 3(• –Z£µFk
œ@2∂∆ÿ])‹/Hh≠ îRh≠qøqà2ÄÆÎ«ëq50ÔÁ t]°Îíql‹Øµ@Dê-iS£‘¬Í`≈oˇ⁄ØÒØ—’Äa¯˜⁄ﬁﬁ¶Î:ûün6`\Ø¯◊» (•„≤¬ç+œ!"à2ìÃ§πPJG◊m+Ó˜›ﬂ¸›¸ıˇ1/˜ Ø¿|ÙáÒÇ4˜+"Ä÷•û≈çÆ˙SPj x¡VÎÛŸú›˝]6Áõt]@fPT∏_Dêô‹/"»L2ì≠àdl\¡≥D$˜ó5Û<2yñf.ÀÑÆ@3/P°êÖ∆≥®T¯ó4C4Cˇ°öyñLà‡≤"hÊ?ï/7ûG& ®,*<ã:0 Æh@lÊ˘j¸Àö!ìÀäxë4C4sÖœ‚F4Ü".k	„îÃÁ ‘9/LQ£ôÀö!"∏,Çg*4CÖfh9“Gpø(•–Z jPT hn@ –ï`lÖÛªªÃÁ gœùÁÃıgÄ‡~ç±Òlh\÷u]◊1é#´’äÆÎXM+ûÉπ¨P h≠Q(–¡8é å„
Äq\ÒÔı”?˛”|G4˜kŸ@0∫@k‡FÊÛM ¢J-‹o5çå≠qøq’∏_)íÀÜË£á ≥¥©—4û- -π¨MPJ·Y•ûe‚≤÷óπAÙ‹o^:∫⁄—⁄¿ÿF ä∏¨+P*åScµÈk@E≤ëŸ GûS&«
 hnPπb‚≤±çtÛén∂Õxp*óuS«8ç47ä
]ÌËj¿oˇ“Ø¬ƒsòWûm>g^Á‰∏¢M¡Ê÷& mjÙµßPX‘uÑ
LºHJ)¨V+ÊÛ9(hJÌ(•–Z†õÕô/Á 4V¸Àö
 ŸF"ÇB0Py¶F
ó© 0Øœ2≠8~˙8ˆ˚Ã7|ÒW⁄o¸⁄ºÛ{ø7L\Qπ¨5G(∫égâÓóô d&A∫–’†Q(µ@°ç4†πAÈË(<áÕó≤ππI◊ud&É˙⁄3Ló	(¿têôº0…s
˜ÀX—ïMû%T@rYê…e<Àÿ†+ÖfûÕ<KQ£Q∏_ê4
óôÀ
çgq„k qY4Ÿ»‰_‘E<áfûGåçgiÜûÕç*Çf†ƒ≥M¸kôÁ—Õ–ÃW:û• ‚
 ^†"ûØ"(‚≤".ã‡E“E–Ã≥Ò5ö Ûy«˝éﬂ$3h≠Ò¸Aó5C&óerYqYóôô t]«|>ßîB◊uöc€»s{Éo‰Å∆q‰Å2°ä†HÆ h≠—u•∆q‰Öi≠qøqyn]7Á?¬Ø˝¬/,ô\÷î¬|æ…|æ…˝6778<<‰ZÉ÷†5hçR
•J)D]ÈËJ«ÛSj°‘B©ÄRî¬ïR h≠—Z†Mç65®î¬e—Cêåáå„!˜+•£+PÕ–Ã≥tµ–◊`òíaJ®+\6$¥÷h≠—Z„Y
PÄ4ûC©Ä65ûü±çt•£+Ù‘'>ôß>Ò…¸w8~¸8«èÁ¯Ò„tÛM¢ˆî⁄ÃÁsJ)¸[E]È(*ê@ @T¿ç≈7|ÒWÛ_¸’ º¬´ø2Ô¸ﬁÔÕµ∆≥ÃÁ„≠qYfíô<PDêô\¶n u@Úú∆÷Ë#x†a8<<§Î:˙⁄3Lœ“Ä˛]2°ä:^êqÑ.+ÖÀ"xñûC/Ts†Qxa∆Õ–Ãã¨ä†Ë:à‡Y∆q§µ∆Ò,Õ–ÃÛ’¡*ˇƒs(‚9πqô
œ2Ç
0 ûóπBÄÅÇ+Õº@Õ\÷\°¬≥∏–Ãî	]Åf(Çf(‚E2üw¨V+∫Æ£îBk¢ß®–\ÄFA
ö!ÄÆ@3dÚ˙ÜLû[◊u‹Ø®PJÅ∆sr†î¬Ò„;‹zÎù?æM◊uîRh≠ëô D@&D@„ô .«ëà†µ∆8B◊qŸ8B◊ ô	@kçÃ§î@õˇ—û˙‰'Û–'?ôá=‚–Dpø’Íê˚ÕÁõ<–ÊÊ&´i≈s0óµ÷h≠±Úä˚9êcÚ¬Òlô†¬˝J)å”Hõ ## Û˘úÁ=˜km§µ]JÈ H ÆF˙‹ØØ¿0%} ∆∆e}@3œ¥l ¿@Åég)µ–¶¿Êbì≥úÂ~]Èhnd&¡˝~ÌÁ~Å´R9%ˇZ≠5ûüR;ÓWJ "¯∑ L(*\ë\·•É÷ ìn÷3NçÁˆ◊˛|˜7L\ˆ
Ø˛ |ÿ'4´Éœ≠5(ZÉR∏,2°TûCfÚ|πÒ<Tû”êI¡·8“G–ï¬8é “œz˙⁄3L}Ìi≠Ah@Øí	–Ãe=ˇíLGË:.À‰Y2°ôÀ∫¬à.+ÇF·~Ö∆Û”ÃeÕPƒe•@)  ≠52¢@EPÕº@cÉ"àÄLàÄL.ã‡9¨&(Ç^ˇV4Cœ¶¬e*¸´àÁ/∏BÄ°ä†àÁ´äx67p7ÓWEPEPƒeE¡≥4Cˇ*]◊—Z†î@s†®Qƒ≥tä ö°"x}}C&œ≠πqøÆtº(Zk Dî…	àÀJ)t]@◊uD@k–óe&„8“Z 3h≠—Z„~√∞bW¸G˘µ_¯.+2`πﬂ|æ…=˜‹ ≠∑ﬁ ˝aaµÇ’
∆ë÷≠5^ê®@õœ-ßÑqÑqÑqÑ÷«ëq…LZk îZ(µpø’j≈8é\ñ‰ 9@(•£µëq< 2°˙ÆFÜ)y†æ√îé<áR
˜«h\ë<€
h<K©Ä√Â!œ-3»L ~ÌÁ~Å≠Õ≠M(j–Õ; Êõõ¸k?~ú„«èÛ¸å„HkçR
ˇ]È∏_sÉ$œ©ç ‡∆85∫ZËj·¯÷ÄÔ˛Êo„ªø˘€∏ﬂ+º˙+Ûaü¸—<?•@&¥∆e≠qY◊A¥÷x†÷≠5Zk\Ê∆ÛÂn$ê@#–G0d2∂∆ê…ç„»·ÍêaÿúoÚ,PÄ¬øZåçÀ∫¬î	]«≥î¬eô\EEPô¸á(‚≤fûC£¬ÒïRàÓó	ô–Õº@E–.+Ç»‰≤ûC&óE¢¢ÚØ‘∏¢Z Ç∆hŸxn *‹ØÖ+∆Ñ(ƒ≥4Æ(‚≤ûK6.+Ö"h≠qøR
Õ\VÕPx.‚˘*‚Yö°2!äÕÄfû•à¬5∆Ò,ÕÖÀÇÀ∆÷»Rê	ÕPTàÄL(*<?Õç¢¬e‚≤$	&8æµÕÒ”«y~¢B&–¥l<Cf“‹(*î¬J@À‚äÑÆÎh≠—Z`l+ †õÕYM+˛=V´˜˚Ìﬂ˛m^˚µ_õÀ®@Â≤’¥bw˜ê››]Ês†Q@ÖR: Ji<áVx”ät†1ﬂöÛ@´©„Å∫âÁ∞πµ…3gŒs®<á’¡.¥¢0ﬂ* 4`Œ≥uµ∞ö†ôgkçjS„ÅJ) †4Hh#îÆpø?˚É?‰¡è~œ2≠Ëx∂[Ô∏ì¯áø„YM+ Nù9√jwó±tÏ_<OW; V”äZÌÓrø›ÛÁ°Z&˜õ◊9œb∏ÓÙq∂èß6∑èÛ@]-† 3yñ Åœ£ŒôÛlc&AQ·YÃ0üÛ@Û
– ¯Éﬂ˚cæÔ;æÉÀ*óΩˆø1o˝ÓÔÃÓ¡
ÄN\ñ…e— ÇÀJÅ÷xñRÄ	ZkP
DP∏¢µ∆Û»Ñ®∏Å
L+®}	Ù5Õe≠A)c£ççR Õçæˆº®Ç 3à2°y†èûLàh‹/ìÀö°´\ñ	M–Æò Hh¿hË
ˇaÖÀƒÛ’‘êN"<Pƒ≥4
œW)‡Fê	E\÷ÃÛ(‚≤"(ÖÁë…e\ù†π"¢ÚÔP(<ß".kÊYöyñ"ûCW∏¨ä∏¨ôÀäxñ"hÜ"hÜ"†û[)Ö˚A34Û/jÊ≤fûC4Û,ÕÖ*Ç±E<è»äxñ¢F∫ ¥÷à¬e@B3Wt2°äx¶Bs„π¡mŒÁÆV<∑Lû•h…≥d&≠5 ä
œ≤
@·ä∆e≠5 J)\6õ3ÆW åÎˇë˛˙èˇòﬂ|3~ÿ√x~n} ”x√∆ï“Ò‹Ü!π_)Ö˚≠ñáÃª¬ø≈_¸…ü–otº0œ!x„ÍÄWx•W‡? 8ét]«en\¶@È
mlîÆpø›sÁ9~˙œœü˝ﬁ¢8ˆ,Á˚∑y∂_„ﬂÎ•_Ì8s„Éÿ‹>@Wœ-"»L˛-ö$$	@◊wº(æÌæÅø¯≥?c>üsø˚ÑO‡/ˆb<P&œ!Z„YJ·≤÷ :qEk–î¬˝" T¿çÁÀT¿T ¶‰~ê	•@ê\v∏Hﬂ˜lon0N#ˇAf2‰ @W:∆6røL.kÜ"ûØLà‡Y2°´¸∑à ö!J·≤F†–h^ò.kÜ"hÊ˘:{vÄ3géS…ê…sh.¸+P˘7jÊ
A„äÒ,E<_Õ<_E\÷ÃeE–E<K4Û,„8“u ≠52ÄR
 Õ¸ª5Û<ä Õ\÷Pƒs(ÇR`l@ä˜ã "ÄÃ@D@ ôô≠A3qYQal#]Èxa6ÁsV„HDPJ°µFdÚ|E≠5ä
 ÕWPÄ∆…eô	@kÄqΩ‚~›lŒjZÒÈ∑Ì◊xÔá=åÁÁ÷ß<xûüq<†µûql‹oÊãM ÊãMòV<–_¸…_@ˆáÃçó˝≈ü¸óU˛Cº¬üæ ŸxØ˙*ØÃΩÿÀΩˇíÆÎxûü66::vœùg˜‹y^˙’OÒ‹û¸ƒ'sÁ3nÁø√Kø⁄+p›Õ7∞π}úÁßØ¡–†î@fÚØUTàû•ûØø¯≥?„€æ·xnˆ	ü¿+º⁄´±ªªÀE@&D,]„ôê	ê	@û•5Zk‹Øî n  ô<K¥" ÄqjlŒ;^òq=pXÈkOW;∆i‰_íô‹Øπ–GœÿF(2yc„≤"»‰9dBdBdBˇe2Ä ∫¬ÛUh 4
˜ÀÑRxñf.kÊÖ:<\qÊœ!ì/*ˇFE–Ãsh@·äf.+Çf(‚Yä`lP
ó5CœRcäxñf(Ç"û•Î:V´•∫Æ„~≠5J)º®ö°àÀöyñ"hÊE“hÜf(‚≤fû•+–ÕÖ¢∆˝2ìà‡˘…Ñf π,ìgiÊY"Ç±çD	Óó$Ö¬·j≈˝"ÇÃ 3iJ·yd&AQ·~EÖFÉ$Px∂ Fà2ìÁ÷˜sÜa≈Üﬂ˛µ_„µﬂ‡x†[üÚTûüq<‰~]∑I)çæ∫Æ ∞Z¡=w‹ ˝~„◊~É˚˝›ﬂ¸´ÉœaZÒ@´âˇˆ'∆eœ·˛¸Ôxı€xÈó9Ó˜“/ˇ
?qÄ„'ès›ı◊0é# m "@Ä“⁄ÿ¯ó¸¬œ˝ˇ^˙’^ÅÎnæëÁßØAW„‘¶§‘é÷ ¡øEf(@|˝w7¸˚øÕs˚∞O¯^·’^çÁg°»‰9DpY&å#î¬øhµZ1Ø@Èxê	 mÑ“1LIW˜À‰≤»Ñ‡än÷0N#„4≤9ﬂ‰Eåm†èû Ñ.kÜ"àÄL(Ç.óÖ "x<Kfë¸gk≠—Uû•Th4
 –E–Ãs»ÑûØÕÕ9¡eôº»2ÉR@ÂE1Ò,•.3†—x†∆3âÀÄ†qEö!ÇÀöyÕE–ÃshÊ≤"hÊä:qYâ¬≥òIkÄîR(Çf.kÜ"œ‘ hÜ"P†àÀä`l@@œRƒeEç±¡Çà  "H†µ "dB3œK\VT(≠0∫Òl¡jÿß⁄¥†‘9 „8RJ†5†pYq·YÇ  3yñ °—(*47RIõóM@ÅÆ¿85Ü)œa5≠¯˜⁄››ÂØˇ‚/8s›u<Ïè`5≠ ÿΩ¥œÓ¡äqπb5¡Êˆq V´]ûm≈?¸√≠ ¸⁄Oˇ ›|ìø˛Û?Ê?Ãƒ™’¥‚9L«øˇ‹Ôèˇ(µ–¶∆|kŒ£ıh ^˙e_öó~πófæuJ·~€õ€<–ÒS«˘Èü¯i^˘’_ÄUÂ≤Ø˛ÚØÜ
L¸ózKø47ﬁ¸`Ó∑π}úÆÎ(• •1ﬂöS÷#1dB©Ög©s ∫ò3gŒä4®<KG„äå†9ògYÏﬂÒ›¸›_˝5Û˘ú˙‰œˇl¸Gs˛‹Y äÅÆ„Y‘hSÚ,jêÖà †Î6â«CZÉ,s∫éÀö†J)‹o55òF∫Æ†îBkçR:ZkîR`ÅÎëË∫éF†lê	≠çt›&ôLçæˆ¨V+∫⁄1üœ«ëgœ#3inÙ—Cú≤ê	Õç¢BDêô D0í	E\6J ¡…s»"íg 2Ä(j‹ØQx†B„Åö
ô= ≈#˜ã¬≥4Û,çB°qøF°–∏L–ÃeE<K3D *‹ØÖFﬂﬁ‰˘kdBDœçÁTx†’ƒQ˘˜P„ﬂ™àÀä†ôÁPƒeÕ\VƒeÕ\VƒeE\V*4C3û)ÅÄ"hÊÖ*•–Z£î¬˝ä†ôÀöπ,ÇÀ2π"†+PƒsË
åË
4sY3óE@&óEpYfD ≠5J) dBê–Ã≥47ä
$@Å÷
•4^òR
ôIk*`ûØÃÑ‰Y"Ç¶∆eXA*)•PT †ïË∏¢Ò_‚iOz{ƒ#∏ﬂ≠OªïÁˆgÙ«”äø¸”ø‡/˛ÏØôÛúV”äˇk⁄‘ X¨¯Îø¯k ˛˙/˛æ®rØ
 ºÏ+æ";Ûm ^·U^ôz¬„ü¿£Ûh û¸ƒ'Ûﬂ·∫Îo‰ÃÈS‹ÔÃÈS d&ôI◊u‹Øõu√¿ÑR;Ó◊xN˜WÕ|«wÛ¸|ÿ'|~¯£9<ÿÁ9¨VP
D@)P
œ25ö≠5 íC ∫nÄÃ∆8Bî≈Ö÷•"Ç*• PJ·Y∆ëÀ"∏¨5J)¥÷(•pøL.km§îé˚ç”»ï±–u „8Ú¸9–Gœ¥÷∏_s£® ê…eê…e\ñ…eôôº@Af–\(j4/P3 àËy†±qYWxñLË
4Æh 
çB„EQçÁ5üu<Pœ—ì9¸dBœë¥∆Q˘˜p°®—x—5C&PÕºPE<Kœ£ôÀ2!Ç+ígiÊ_‘Z†µQxA2!"∏,ì+Çg)‚≤»Ñ±A4Û,E@¿ÿÄL"ÄÃ$" (•–Z#
óeB3œ+Å‡äÄB£µB)Ä˘¨„≤}ûC◊u ¥©A·äÑÊ¿ÿF ∫Ë«ëR
„8ÇÄ¬0As 3† aú˜Îja≈éß>˘…ø¿kº—ÎpÎSo‡Oˇè˘”?¸c ˛Ïè˛Íú´û”_¸ŸüˆgÃô
ØÚ  ú=wœÌ~Ó¯Øv›ı7Ú“/˜
lﬂ‡ÃÈS t]G)Ö÷˜◊#œœ0¨¯∑h”@©Ù›ﬂ¸m¸ıüˇœœá}¬'
Øˆjúﬂ=ÀsàÄ »Ñq‰≤Æ†® –‹ hm†µëR:"
 ôê	•B)ÖÁñôå„H)Öà†îB)JÅ÷  Z†î¬skçÀ"z2"zZßëÆv”@õ]◊±ππI◊uå”¿0\fË£ß+cyn¡ÿF "Ç±ç"Ç˚E¿ÿ†ä`l–.ã‡≤LhÜÆ$œOf@–\x~ö°ö!"xÕ<ÀjÇ".ã‡˘j 
çÁßôÀäxÖ∆j=2Ô{Ê≥é$¢Á˘â‡_BÂ?Qœ+Çg)ÇfhÜ"˛Uö°∆<[Ø2é#• "
œOóçä∏¨ô+íÀ"†ôgâÄ±	<K3óAkç÷•"Ç*•0∂FóA3œRT@@¡e	@kÖR˜õœ:VÎÄ÷ AÀ(<áÆt 2ìà †M.ÎJGscl#EÖgI†@G`òíqj<–´ΩˆkÛ‘ß‹ ø ƒsÿøtÄá>Úë ‹˙‘[xÌ7xm wwπﬂ+º +ì<ß’˛!‘Õ7yïnZÒ@´âÁ4ÒÊs.˚Î?ˇk˛'˚≥?˙c V”
Ä'<Ó	<·qO‡	O~ˇ’Æª˛F^˙Â^Å˚ù9}äÁVJ`\èåÎën÷–ÕÊåÎ√∞b\Ø¯∑(µ†õo“V+˛˙œˇÇÔ˛Êo„˘∞O¯^·’^çÁ+"  Çg…†©QT(*D…=ô„]]≠AkÄR
˜ã(3«Äy◊qY)0éîRx~Z„≤Æ€$s `Èj«s«ë√√C677Èj«8ç‹ØèÄ±ç<PD 0é# EÖ±ç D˜kÜ÷xñ !"xñf(‚ﬂ≠àgâ‡9å„!0g^π¨∆Õ@
ÄF·~ç@°QÕê…≥Òôœ:Ó◊Ãï…sà‡≤Ã "y.T˛’œ√<áLà ƒÛ(Ç±Aœ°àgiÜ"(‚y4Û∆º@ÖÁ"Æp·äFW!ßC 2é¡®0Äπ¨M…∏jlnv dBS°+<KW`l\ë "HJBsÉ‰YÇ‡~çF3A3ó57ä
ó¥lP 	å@a≈Ä∆
imE&D@&P†µ∆∏)•–©„~„82jAs£%†∆∏ËÊ•ò†´9%œRAkÖú
çRÅ:‡ÏΩ˜àá?öVÁ<–ºÚB≠VÄ’¡> «O†,6 ( ∫˘ÄÌ„ß óá ¨&ûeæ9gﬁœy¡e´ıäÁß„äqµ`µZÒ@´â™∏ÒÔRyNˇ>œa≈äÁÁ	èˇ%*œ·∫”◊Ò“ØÙ ‹o{kìÙÛ9 }ÅÆ¬85W#sÆ([õ\6≠Ë
4¡˛j≈j‚≤lçÁ´uŒ˝V´L# ¨v˘ÊØ˛jn} ≠‹o>üÛ@ü˝˘üÕuè~4ªœP‘—⁄»˝Fd#ÇÀJ7Á~≠5∆±çR hÙ—ê9 P42é≤£®PTr†d!3â‹/"∏_Dêôå”@ÁëUÉÆ®âÀFèDÖ∆@–wPx†F!s†MÖÒ`≈Ê¨ –óûÁ'2ì±ç 47˙Ër †èûÃ†πs∫2êdéD@&dBdBD|$  …Û0œ°Qx†‚@3ÕhÊ≤" 
à2ì65F†îBDÄìÁ÷cÉÆ@4sY35öyñÆÔhÊY2π,Çgj<PD·Å2Äà‰yT®¸k%Wó5Û|Ò"+‚YöyëdBˇvj‹Ø‘99≠à:á‡ÖÍjaú }˙Õ‡πeBóeBW ì+ÇÀ2ìà ÄÑÊ	¡˝2ìÆ¿ÿ†ä†ä
Õç¢¬sÀL J)º0ô<K)ÖÃ§µFW;hµÇR JÅ6A7Ô»)…)W#›º£‘@œ2Ò,•v\1ÚÇl.6È
œ°q≈∏:‰E’ÕÁº(Vá+h0_ÃynÛŸÄ’z≈Û”ÕÁ\V
 ´√C˛+›x”ÉπÛé[˘øÓ∫õnÊ~◊›t3]ÂY∫˘úß∆0%]-05∫ÕM˛£˝›_˝5?ﬂÕÛ˜—\˜ËG≥⁄ﬂÁÅJÈ «C¢ä`5qŸÿVîRà ∫2π,ûCD@¬ÿFR… +6ªM∫“1∂ëq)•  îR (•¿‘ hÜ"»i †‘Ä÷ôI◊u 9–GÇDÙ å„!áSassìÆÎ «ë Lö˜Î£Á~}Ù 47 ∫“#˜ãHÓôê	Õ–ûØÃ ")j4˛µö°àÀ∫c„Y∆D AD 0é#≠5
ç®=˜kÊ≤Æ@óeBW∏¨ä`l¡s»Ñf(ÇLà‡_ëºT˛µÇ*ìÀöπB<è(‚ÖjÜLÄëÆt<PîÕ¡øéœAÄ®s ä†ôg…a ˙û˚çS£´Öqj t]·Å¬ê	ô\ô\÷Z£î¬˝"Ç €Hkç¢¬˝2π¨öπ¨πÒ@ÕÄÊ@DêôDÕ0ÆW<Pk<[Ö÷AD0# ááálnn“uê	ô\Vj·πÂî‰î\&Æò A©9¥i‰πùΩ˜Ó∑πÿdccÉ"û√´#∫˘&óU.õoÌ∞:ÿÉ⁄0ﬂ⁄†‘éÁ‡éöœ;VG+Ó7ÔÁÃ7Ê<KÚÊ}·Å∆±Ò@õ«è≥:<dæ±@3œ·Ë‡à:s˙∑?˝©¸{º¬+ø67ﬁÙ`n∏„V˛Ï˜õˇ´^·^çS◊^¿u7›Ã˝˙˘ún>`ú˜ßF·?ﬁ|«wÛwı◊º0qÕÀΩ +≥⁄ﬂÁÅZy†L(ÊïÀF ∆q§î@î≠¡ê…ËFßBAQaÙHW:ä
·`»ÄÆt`.k≠qøÃ‰~ù∏¨JÅFœ∏:$k@ts∫Æ†µ∆Ë∆f◊Ò/…hm§´Öa Ë∫éÆÎh≠ëô 47 ä
Af2‰@=˜+*º®ö°àÀ2!ÇÁë5öEçÊBfëº EçÊ¬A3œí…’uóπê”@õF ∫Ÿú".tÖÁ—\ñ…≥D@k\¡*ˇ¡∫ÕPƒÛh\QÕ\VÕPƒ≥qY) Õç¢¬˝öπ,"xñ"¿@¡≥â+Ãj ‡¬ÛSÕ<ÀxxH∑πIÈ:ä ]-åSc]Wx†.ÀÑ.À‰YJ)¥÷∏,yñ¢Bs„~Õç"Ë
W$4CQ°π1∂ëÆt ∆6BpYDpøaX1ÆW<P)\÷xN]◊1é#˜+ÖÀJ·≤65J-îZ (µ–¶FN…eçg3óEÌi”»s˚áø˚kÆ{¯£Ÿ\l≤±±¡ÊbìZ≠ËÁtÛM V´˜õom≥Z≠xQtãMÆX1ﬂúÛ,#Ãsûe‚Ö+œmæπ…≤πµ…sò‡Êá<¯5˛µÊ[s^‚•_ô˚›x”É˘3˛ozÖWx5nºÒfV”»u7›Ã˝˙˘ún>Á~]-åS†´Ön6Á? oˇÚ/Û”?˛”º0/˜*ØÃ|‹GÛ/… htöπ,"∏_k\ñ	–G@¬Ë∆ÿõJ ä
Õç>zÜr  jêôt]@f–Z£î¬ÿ∏,ä ßÅnæ…˝J) ¥÷»L6˚é ÑûCÊ@k#•t å„»8élnn“u• ∆q†+ ô…ê}Ù<PDêôd&ºPE\ñ	<Kfë 4ä˜ãH(3 àHäÕÖÁ'ö°$…Ûóô Ñ jO‘ûú∆#P–ÃstÖgâ‡9A3WdB/íÃ @ÂEQy∂∆¡3®πQƒeÕ\VƒƒeŸF∫⁄PÕPE<áf(*‹Øö!"† ÊŸœ&Ä∆≥®Ò,Í»L
WqE_†∆÷Ä∆E)å¬\ñ	Pc„≤L.ã‡ôó	ZkqYdBQ°πQT(*¥l4Ä¬eEÄÊFs#<K@kçà9˜õ◊õÏ6ÆhçRí˚µ÷(•–óçâ>ÿÓ∑«ë÷x• ZÉRÄ	≤%]ÌhnÑÇÃ§µ@õF∆’!œÌÃµ◊qœ/›√ôõ∆ôü·~ù:2Ä˘|ìÆ@0$óïY°µF◊u lŒ√40N# ≈Äà 3!a»Ä>zZ9Œe”»eµÒ*óµ©PÍúö„4Ú‹∫⁄qYÖ÷˜ÎKœ˝Üi‡‘ußxÚ?¸ˇZ7>Ë¡‹pÀÉ)Œ\{ßŒÁÃµ◊Òà«ºO~¸?≈ºŒy√¡©kØc5ç\w”ÊÛ¬|æ¡&(•–u•4ö
Ö∆ÊfGkÖR†5Æ®\∂ö‘9sV Ñxæ˛‡˜˛Ä››]˛·Ô˛Å≥˜ûÂπÕÎú˚Ω‹+Ω¸ë∆px»8é 47®P (Q Ë
¥≠ÒLçÃFAî¬≥$¥L
P∫9 mZ0∂ëÆt47ä
 Cî±PTx†à "∏,Ç˚5ÄRßF◊u ¥÷ »L∫Æ£e„2 
#‹/Z+îRàÄ∆ô∞wt»Œ∆&]◊QJ!3HÄÊF= @fíô D0Ú¸å∫¬≥åÄ 3ÅÇ˚5W$œ)àÄÃh5öW†—\àÄ†–¡Û*$ EçÀT∏_ÈzÇ  3[É	J
óCœ“Ãsà ígâ(º®"íN<ï≠‡_‘ÃeE\÷EPƒøJ3ó5Có5sYœKÄπ¬<_Õ\VƒÛàûÉ
∏—C&D@4sYdBW†û%∆∆eE<K&D@ê–E<KD@Bs£®@ 	$Wóı—0é#•ÓWJGÊ @Dœ“Z„2Ak<KDêô îRÄFk–dÚ,<KD–‹(*4 ]◊ëô 0ﬂ$ßÅ6ç<∑ß=ÈI<ÏQè‡˘È∫é¬»ê–éPÄ˘|@kÄæˆ<KÉR
˜ÀL ∆6“G ”µ†≠J-¥©Ò¸å„@◊uå„çÁkúF B¡≤9ﬂ‰ﬂ‚∆=òny0 gÆΩékÆπé3◊^«ˇE~¯#x√	¿É˛`d>ﬂ`>ﬂdµ:§î@D–Z£Ë˚‡~•@œ“ˇ*gÔ=Àoﬂ˚€¸K^Óï^Å¯àc∆q‰~}Ù<PÀçg"†.+¿jÇ÷`†—ïB@À‰≤qÑ∫“êôåm "∏_Q°π—Z†îBfÚ@¡˝"Ç÷„82üœi≠1é#•.S7p„~ôIDêô¥V("xê	ááálnn“u]◊—Z#3i≠–‹∏,!" à2ìÃ$ÇÁ16(‚9A&@“‹(*<Pf¡s(*47"Ç¢BsR‘ (j<PQ£ôÁd&¡≥∏Å
œ¡T∏_D†ëqÑ(ZÉ(ÖÁ16(Ç˛£P˘P‘∏_3qY3Aœ„pu¿ˆÊqä†ö°àg)‚94Û/Kû«8é t]Gˇ2û[îcÇÀäÄÄLtÖÀöπ¨+06à‡Y" " HhíÀ2ìà†µFså@Å!∆6“ïÄR
≠5∫Æ„äûq<§îéÁßîBfPJ5 ZÉLÄ§µ@)ÄR∏¨hçÀ∆2°öÕçÃ‰~≠5˛%O}‚ìyË#üÃ√ı J)îR∏ﬂj∫E˜+•êS–◊ûa(•@]È∏ﬂê≈\±:‰~mj ‰î¥©Qj·~Cx†a∏__{Üi†Ø=√4–◊û*•@„42gŒø∆çz07‹Ú` n|–É9u‚8gÆΩé˚=Ú±èÂ…èˇ˛/xƒ£¡køÒõÒ@Û˘˜õœ7«ë˚ïRÄ@ﬂ ê…e≠Ò,Ûyœj5Ú·Â^È¯Äè¯0 ∆q‰π9 –Gê@@ ôê	ê<[W 
ckå≠—ïBà‡~cô◊9•∆6rø¢¬˝ä
 ÕÄà‡Å2ìÁßµFf“u ≠5äGû•t ¥÷h≠PJGœ!ìÁpxx»ÊÊ&]◊qøR
ó%ó57H.ÀLö]ÈÄ∆çä ÇÁch"ÇÁ@í D$ÕÄ¢Bs†π¢»Ñà2ìà  û≈çÀTxA∫éÀZ„ Ñ"à‡?¡øVrE…Uƒ¥9ﬂdsæIœRÕ¸€ô+ÇÁpxx»0¸´∏PƒsàÄL(‚Y∫¬ecÉfû%ä 2yñû%ÇÁ ûC·9åm " »L2ÄÆ€$¢ßîéÁ'"(•–Z„Å"†Î:J)îRh≠Ò‹JÅR`>áhnåm‰~ADêô<P‘û‰iOzœOkç>∏¨ËÉ®´}Ìy†R
˜Î£ÁY¶ ¶ëúíq52ÆF⁄‘ hS£Mç65Ó7ááá‹oúFÜi‡ÅWád&„80é#á´CÜi`òÜi‡_„∫õÃ∑<ÄÙ`ûüG<Ê≈¯ø‚‘ÈS<∑˘|ì˘|ì˚E]◊Ò‹Ü!»‰≤÷†ÎxÛy«ø◊ÀΩ“+Òaº0}ÙÙ—3‰¿≥óï¡eÕ<Àÿ∏¨+ÖÕÆ„Y2!Ä¢Bs£πt•†π–‹hn47∫“0é#ô…˝"Çà "à∫Æ`G"ÇR
•J)P:û%ÄR
•Óó	ôê	ô–óE,ááá–u¡skn47ö]È∏_&óçä ÇÁê	ô<KD@ô…E$	@frø¢¬5 ö˜+‚Y"xñà 3¡çÁÀçÁñôî¬‘œ“¸G£Ú¢òxñ—<[Q„~Õº@Õ<á(E<_ÕPƒshÊ≤¬$<Ãeõ€«â‡YöEç*µ7ö7ä 7P·Å
∆]Å".ãÄL °û%π¢Hà‡≤L.ã‡≤f(ÇÃëÁ`@Ä∏lúFJÈ H†ç# ≠5ÊÛ9´©qøwôœÁ√¿ÊÊ&√00ÊH)Öq=BÖ÷∏¨hZ+D2†ÅóE@&†m§ à+íÀ2Äà †µ¿∏:`^y∂:gu∞À?¸≈üÒà«æè~©ó¶≠ßë˚Q∏,π"àûÆrYõA–h<–jZ∞ZÆ (›»j52üw¨¶ë˚çÎ˜Îfs∆ı
Äfû√»»˝∆i`úFÓ◊÷Äqπ¨¬8ç‹o˜‹.á˚Gº Û≠„ ‹¸†õπÂñ[Ë6∑Ÿ‹⁄dckÉÕ≠M WálŒ7òœÁ<˙≈_Ç'¸˝ﬂÒø›ˇ¡sœΩÁy#…ÉÒ ÊïÁ∞™ÄRóπ –˜Ö.ÀÑÆÉL†qÖ0ÚØ5Ø<ÀÀΩÚ+Û¡Û¡√»∏n\VÅ÷∏ﬂ*G"Ç˚5TJ ∫h<K&‰‘ ¢Q
œ°MçÖR
 ≠5Zi .k4äóç9B*¥÷hS£‘@DpøÃ§Î:∆q$3)•–Z†PÁ‡*4û©50@ ¢ÁäFk¡e»â+Í»fŸ†îB)Ö’z≈e‚
CQ!3π¢åm§®—x†LhÜ"Ë
d¬ÿF∫¬3u DWEÖgâHöì+ÄÃ$"h ä
–+®x‰~E–Ö∆ÛÂF°—\ Ë‘   ìÀ#≈A°P
åçg…Ñ(‚≠ÒlQxëMP˘7»‰≤D|5CœWœW4C3qY3œ+Å‡9	ûC3tÖgi.5ö ET¿T(4öal–ûØ" †äxñ °5ûC06 !" 2yñf(‚≤f(Ç`Æî“qøàû÷F ÊÛ9´’
Íú˝˝}ÓºÛN∂∑∑âÓ∑ππ…jΩb5¨∏_)–å#óEpYD@[è–uê…eô@Ú@•Óóô d&TjGõF˛5∫⁄ëNÓ4π_õ/»8é ¨ñ+Ó∑Zç ¨V# „z¿0¨Ë˚9 „z≈“∆ëfl<ßâÁ0ﬂöÛ/π˘A7sÀ-∑ ∞πµ…∆÷õ[õº è~Òó‰	ˇw¸Øg∏ı…OÊ÷'?Ä?‚lnŒyÏãø$/ˆ‚/¡ø$ìg…‰9Ã˚9´ıä´ó{ÂWÊ>˙£Üëq›x• @kD•Ó◊‹ €¿ÿ
˜ã‡9D,ô<K)\V
`X≠VîRË∫éF„~•yN+† tÄπ,3âÓ7é#• ZkîRh≠A°º2y†ÃÅ+
•@&óÖ *óµ	ˆ˜˜ŸﬁﬁÊ~ÛŸú’z≈jX1ÔÁ"ÇÃ§πQT€@D ç˚eB3AóE 	ô<SrøÃ$"∏_s†®–\x†Ã$"(*‹ØôÀ∫¬≥4Û,E–E\÷ÃeE–PxnE@¿ÿxæ" ÄLå@D@ˇT˛ï"xê…≥D@3óA3A4Ûº‹ "@ÖjÜ"(Çf(Ã≥%<õÅ0œ“ÃeEP‘h.<ÓW	å∫ z®ä†öyÅ2Å‡Y∫cÉ÷†àÀöπ¨àÀö°àÁ%.ãË…∏ﬂ|>`µZ±ªªKôm∞ΩΩÕŒŒ„8“u√0 0üÕX≠W‹Ø»‰Y2û•»Ñ» 7P7Ó◊Z "x†÷ Q{ ⁄4Ú¸<·oˇöGø‘K”◊ûa∏_DÂ¿∏(µ@„82„0≤:ZÒ,n<PGÓ7+û[R ÜÅæÔ!û[Ù=9 —x‚9mÒB›¸†õπÂñ[ ∏˘A7”j«Ê÷&4N#„4“’ÄGø¯K—≠O~2T¯áøˇ;~x±	˝/Õ#^Ï≈∏_óeB◊¡8Bœ“ÕÊ ¨÷+˛=>‡£?Äq›∏_7+å≠qYkP
ÖÁ‘G@=C$W¥„»e•,P
î¬e„ô•@Dd&´’äRQÄ65

–ÄËÄ4†Af2é#˜+• d&ôIDÄ
dÇ(°t– D–⁄H) ≠ç@·~•<ˆˆˆ ∏ÛŒ;ŸﬁﬁÊ∆o`ﬁœà ö Akç¢¬ÿFä 2°ä∏,ìÁ–ÃeE‹Ø® –‹x†Ê@Q Iö$îRx†"ûCóçàÄf(‚9dB5û[P`µjÙ5ß∆e*‹Ø+–cÉfh“\¡øïˇ PÕPƒeÕ–ÃeÕ<K&Dl*\·F£PƒeÕ–ÃeE\!†qE ‚9Wà+E\÷P (j\V:»‰πuöyæä†ä†2°+\Q†5»Ñ÷†œ°ö°ä†àÁ—ÃÛ2PÄ‰≤÷FZ)e¿ÓÓ.¥≥≥@◊uå„¿8éP‡¯ˆqésú›˝]Óôê9pø÷F†@k†pp 3i≠–u ô	@©myaû7Õ^ÚØyÈózi(3âJ)¥÷†ç=‰ m§‘Bõmj\VaGy†’r≈Û”◊+^ê’ƒs(ynmπ_c‰Öπı)OÊ˘9uÊèx±cs±…Õ∫ô¶´]ÌßëÆv <˙≈_Ç'¸˝ﬂÒŸ?¸˝ﬂÒ‘'<~Ï«xƒãΩè|Ïcyƒ£^å˘JÅqÑ^†˘lŒÍ`≈ø≈_¸ÒÛrØ¸ ?=Ápd\7∆u5.ÀÑLZôID –¢Ò@]«e<À8Ú|ï]«e≠¡8)•@„j§‘B‘ Ä–ê\Q∏¬0é#•J)¥÷(•îR (•–Z#3)5∏" ZÉLàÄR(ÊYJÈ hJÅ¿<áùùÓºÛN ˆ˜˜πÁ‹=\w˙:VÎ ô…˝ä
c)*D$@clº@06(‚≤à  3âöEÖ˚5ö EËhn t•`5≠∏_WxÅ∫¬Ûï	t†Ò¬tµ –’¬85û[3t:†rÇ÷ Ç*/Çœ÷Ò\íÀW¥‡Yä†ôÁ4rJË∫ ThÊ≤"û•àÀöy-xñ¬só5äPhÜ¢F@„YT " ìÀT¿T(Çq≤E<K4 "†ôÀä•¿h†Ú|A34CQ " h9BrY‡∆eSA©PJ°Î
 ´	˜wËfsàF&¥•¿86Ó◊⁄Áwœ≥9ﬂ‰¯÷qóáåÎë ö®0∏ëÇ»Ä¢ë (•¡ƒ≥îR »L®µFÍ»˝ÊïÁ∞{˜=¨^l@©ÖÀF(.¥±1∂ëyù0†1BÂYvœÌÚ@˜‹q+/HkÃ≥îZx†65œ“÷<èR
 „4/Lôor˛û;ôWÆòœπ˘¡„ñ?ÄÌ”72“±1Ôÿ¨AP(µ£M#Ö””äÄÄ{©óÊ÷ß<ô’j≈ˇ)œa5≠ ¯ªø¯˛Ó/ˇÇGøÿK ÷Ô¸n t‚˘öœÊÏ_‹á:Á≤(º(Vó}›ó5~¯ÉπÓ˙ÎxÂW}e^˘U^Ä›Éóï@q£D,*¥÷»L 2ìà †®Ä†t@rYâ¬ê ÖÇÀJ ¡e≠5Ó
¢2ì0A)Öñç¢óEÖ®ÄúJÈ»L J)¥i§‘éW¥òSJ°µF)∏ÅîÄñ	†¬e”
ÄàM2Ç¬Æe6gooóùù„¨ñ#ªóŒs¸ÿ& ´©qø66óe& Õ\Vƒeê…≥åçÀ" 2ìJÈ [!"(*@GÛ@@R‘Qjalá4è¨¶9}@WxN*\Ê∆çä†à+Txn‹Ø˙“Ç÷ T†Ó◊ çgt]£Î†5Æ»F)–îÕê	<Ø
ïˇDÕPÕ\Vh≠—u˜kÜLhÜ‘@W: öyô–.kÜ"hÊô
œOs†®qô
óπAÚúT∏_W†2°^®ÃÄhqYœWê–Ã≥åm§®BM	µ p∏\qt¥¢ç+(ìgiçËpu»Ê|ìæÔ◊#˜kn D≈çR∏llê…e0é–âÀ"Ç L˛µ˛·Ô˛öW~˝◊Êô◊9„40L¥øªÀ›~ÎSÿ=ñ˚ùπˆ:V´œa‚≤R9%5»L Zk<P)Ö÷´q≈ıÙ<?mj ÏÓﬁ…›¸‡áqÀÉ Õ~ ]-‹osﬁAùsøúˆˆ∏Ó∫Îx†G<Ê≈Ä„ˇ√˛˛Ô ¯‚Oˇd˝‚/¡Kº‘KÚb/Ò¸g∏ı)∑rÎ≠∑Ú«Ù«ºÚ´º2Ø¸™ØÃ£_‚•yaZkîR(•pø±ç47RI–#9–G¿ê˜Î£Á~• Zk‹ØÎ:Zkd& ]◊1é# • Zk0≠(µ#jO‘û4œ2é#8h”H7ﬂ§µ∆8éDóerŸ¥Ç:á»" (•„~ô\ô<À˛˛. ßNûbwÔà„«6y(ö˜+Ç»‰≤L.ãÄL(Ç.ãÄ±5ä
 ô	¡sà^òÊÄÆl“á„ä!π¨+º@Õ¸´5Zkt¥∆ã§5(ÖÁ–œ!∆EP
DÂ?Y3ÒÊÛ9T•@@Gs£πêYà‡9D,E\VÕ<è¢Fs†®ÒE@& ∏Å
˜+∆Ö¢@Q£π P‘ xñ"ûG&óeB¥∆e…sj\!Æ®µ p∏\qˆ¸. Û
›lŒµ∆≥å„!=•tî“—hå”¿·ÍêÕ≠MÓ7ÆGö˜ÀLö!"xñ»Ñ÷ ‘∏_frø÷•Zkd&AkçÊÏΩ˜p˚≠OÂÊ?åjnd&• Üi‡ÅˆwwŸ€›‡¬πÛ‹Ô∂[ü∆Ì∑>ï{âóÊÃµ◊Ò¸îZhS£Mç*µêS“h<?≠5^ò65^òGºÙ+ pÕu◊qÛÉ∆mŒ;h\–¶Ä˘|ŒÛÛà«º˜W¡ˇWO¯˚ø„	ˇw<Ó%^Äwx∑w„?Àˇ—Û«Ù«º‹ÀΩ/˚äØ»ÀΩ“+¸îR h≠PJ°+óM@ a»Ä>zr`»Äyùsøà 3i≠PJ°îBkçqà∆q$"(•¿4“¶ë6ç\VÁt]GfRJ!ßÄnæ	@)ÄÃdGÊ≥‘Å¥"†t‡*¿Hk#≠ç ö°5ûeooóÌÌ„ Ï^:‰¯±Mv/r¸ÿ&4ÆH.kj‹Ø+0ô–E<KœWDêôDTT∏_s„ÖiyQ4sYåº n†¬3é–˛E≠qY&tœWW`l–Ò(¸^˙•_ö…Á~*`Å»<'Ò,E‚9ÿ&"xaBA(% ƒeÕ`Æ0–“Ä¿\QdB&d öEçêi.ÑÃe
Æ0`pÇ 0î
6` BPL`Çêôñ$äZÚ,Õ @õÀ"∏L@≥)Q∞Ä1 Ê≤Z 8{~ó›Ω 6sjWy 6î6déÿ≠≠P©î(î( »`æ1ßµÜõiŸ∞ÕqY("∏¨(
l 	€ D≠5l#âÃƒ6‰ƒ˝˛˛ØˇûsÁŒÒ@˚xÒó~yÓÜ6
“	@À¿8çÏÔÓ≤∑ªÀ˛Ó.√jE¶∏Ì÷ßq˚≠O‡ökØcskÄZ+µV$QJ°ˆï⁄W¢‘ÇµØ8M‘†îÇ$j≠H¢÷J)ID•JÊ˝!"ÖËÁ=
Qj°‘B©!∂Nûfckáç≠6∂vx–É ÌlÃx†ñfV8ì˘÷qÊ}•÷J≠ïÀ¢r?	ˇwÀˇwgÔªè≥˜›«oˇ˙Ø√TŸ‹⁄dskìÕ≠Mv˜ ∏˝iOcÔ‚E¶ú¯W	û√›∑ﬂ≈_˛ÈüÒÛ?˘”‹}Áù<Ï∆q¸∆kòÜÄñ∆6˜≥L(xñà+&ËjGQ°π—‹h4˙Ë)*47‹Lf"	Iÿ∆6ô…4MH`ö&"I‘Z±Mkç"Û¢"âgq„
Q à2ìà†x	T@@!*(¿úî“Q∞ìZ*}	J@vvé≥≥súùù„∞Zè q¸ÿ&ShÄÅÄ¢B(∞çm$»Ñf(Ç.≥A‚≤L∞°ñ€H¬6
ëô DA –‹»L$ûCÊÄT0	¿î`^alPP·~c36ÿÄ@\QÇ+\¶‡
s?d3µÇ• ºP6 ô\6é0M`sÖxñ4‘‡YÓ∏Î*/ÇyÂYö!"∏"
œ©ë…P(j‹Øî@3A3Ò")‚≤Ê@@„~ô@ä˜+j †¬ÛP·ä $@ çÁ‘»ä∏,b†äÄÄLà öÅÑ.À‰Yä
c(*î( 470Pz.3¨ÜÅ6ÆòWËÊõ §yM-AtsÓeN©Ö÷ "‡pl Ã	Nù8≈jZpœwrYÈ)<ìÅ÷hnÓWJ·Å2ÄR
œ‚≠ŒyaÓy =<P£—’éq5Rj°MçB`ˇ“.ÁÔπÄ˝ãª ¥ªœs˚Sü eéü:√u7=ò€o}*€[õº0´âÀ
œ4≠(• PJa^Áº Û:á ø`ŒÊÊúçç9õõsÓWjG‘j«˝Ê∆©—om–Uhtå”HõõÛMF√îÙ5∏˘!„%^Ê•˘ªø˙kÆ∫‚∑˚ó˘Ìﬂ˛e^Ìı^õõÚ`Êu¿ç∑‹¿ìü¯¸´Mº@Ò'∆_¸…üÒ“/ˇrº˜  Û˘úÁ0Ò,•.'àÄ¢¿òçV •
Öah≠—´ßµF)Ö˚ç„@)ÖÆÎ«ëÃ§Î: Vc£Î:J) ¥÷h≠QJ·2'D–Váå•–us ∫Æ†µ ß§Î
® #L+P7 "x¶¬ÿ`∫éÀ
ô€€sŒû›Âû’ä˘¢„¯Ò„PÄVá+6gõ<á,@ I@#" ÇÀ2π,ÇÀ"Ç±çt•#3àÓ◊‹»L"HÓóDÙ<Pi–u\@3‡∆˝"
EÕ#c;Ñâ+‹µß∏ÒÇ5®\ñ@–J)º -`lP∫QôÕ#ÕPrìà †+∞b‰®¸;4®"∏¨†Ò¸qY/Ps°®qô®–\(j<?•,Õ\÷ô¡e%
∏Å
ˇ¢LÖ¢∆˝äÄÄLH†+PÕê	¡e–4…eê…ãdﬁu ¨∆ë’82ﬂ:Œ˝⁄4‹/3yñË†‘¬∏iS£õwå#D@d‚≤’8pœwrœwÒ“Ø¸
‹s«ù<–Í*»LÇ‡~• Zk îR h”»ø∆ìˇ˛xƒãøTj·Åvœüg˜¬ Œﬁ}˜˚Î?ˇc^êõ¸0Vª<Pkç˚ç„»|÷Ò*œ°+œA<áRœAÖ˚Õ76Ë¢ ∞π9†õoê”¿A3tµ@}ÌÈk¿8çPÉæ «∑Ê\ı¸˝¡o¸6 ~ÿ√¯œˆ◊˛|Ù˚ˇÔ˝¡¿+ø˙´Ò@•rYõ†M– ¿u∆£a^°Î
„ÿ Ë∫BW; Üi`ò
Öà‡ÅZk‹ØÎ:∆q§µF)ÖR
„8RJ†îBkç÷ %ÄqÄ÷H< ≠5 JùC¡ÍúNçÃ§µF◊uD@&dÚ,ô<ÀÊÊúÕÕÎ8{vó≥gw9~¸8 ´√ÛÕ9òÁ1∂Ä¢¬˝2!2°∫¬≥d&EÖ˚E˜kn DEi. D$/Hk<K&4Ct•†®£‘„¥:í”@õF⁄4í›úÆB5C•–Z£î¿·ÓY6èü·~ôP–Ãe]Ÿ§öG∆÷h≠—ïéÁÉ¬ø‡•_˙•yÈó~qÓg@‚2!.k.ò†»ò+B\÷\0A»4ÉÅ4CàgiÜœbÇêπL@»<P3ÒBÇîÄÃÃ≥(∏B<ãÑmL2˜¥ÑÄ∏,2AÇêÜD@&‘RI'° qYDPk%"ÿ=<‰`µ†M#ÄàBkI H"I@@·YÑPEê	Hê<€¡j≈È”'πÁéª ∏Ó¶ô¶q`G∫Æ£F%î(D≠5$aÄR
íh≠Qp&ŒÜ	Ó˜˜˘◊ú;wé™QÒ»1 ú¶‘¿4L Ïû?œÓÖÏû?œ≈ÛÁ∏ﬂ?¸≈_3Âƒs∏Â¡„ÿÒì ‘ÄZ+µVj≠Ù}è$J)Ù}OâB-ÖZ
µj-‘Z©µRk•´•J)Ã7Ê(D©ÖR•f˝åZ+µVj≠‘Ÿú⁄u‘Æcæÿdc^È˚ ˝JÌP "
 J@kç’–Ëk  ∫⁄Q¢êò˚ï∫YÂÔ˛ÍØπÍ˘€Ωxë›ãŸΩxëˇl˝Á…›wﬁ	àn∫ O‡ÑR!Vm ùî( ò†H0488X±πŸìi2MH î(¨Ü5*ôâ$$a€ÿfö&$Qk≈6∂âJ) ¥÷à"€d&≈JÅZ°Ôâ4m…iD¿î¶÷ ˝"¢ÄŸ(!$!	€ÿÖ∞°5∞!"∏,s`ss@Æ'Êõsj_Ä!öòg	` öA@3Å6ÿ¢π
¶úà$êô8ç$ å	%&xA≤ôR†à 6Ñ å1âIBì(
•ˆî⁄cõ4 ÒZÇÅ\‚≤à†µÜmñ{ÁòoÁ~cB-<@`ìuH"ùî(d&sø{Ó∫á øQ&tÖÀö Eçj(‹Øπ ÄfûC3œ°π¢(ÇfhÜ"^®"@ÖÀ" ‹∏ÃçÀÃ≥EP‘h.<∑"  ìg)ÇfhÜ"  "∏¨ÇÁïô 47
ÖÆÎ X≠Vú›ﬂÁÅJÌh”»ç„H)ÖÀ(@P†‘@N	•pøq*œ„•_˘¯Î?˛3˛˙èˇå◊~Î∑`utƒ|sZ„˘…L∫ÆcG^ê®=mj¸Kû¸˜ˇ º •⁄‘»)ÿ=û›ÿ=û˚›w◊=úΩ˚^Û˘úZ≠Vt]«˝:û[«”Õ;û√Û˘úg©s^T•vA3óe¬0%„‘ß †—Ëkœ8çtµ„~]- ºƒÀº4/Ò2/Õﬂ˝’_s’øø¯ì?„/˛‰œ¯À?}^ˆ_ëW{≠W`\Aõ∏¨+ cò◊@P`åc£Î
„ÿ¶Åæˆ tµ†îBkç÷]◊ å„HfRJ°îBkçqâJ)d&‡∆e•@kDÌh”H‘û652ìà‡≤iu*P
„∏¢Î:"ÇÃ§5hJÅRxô<áÕÕ9´›´çÛÕ9 C Ù—sYrYs„~ÕPƒ≥D@&D@&Ód& ≠5∫“QThn 42Éà‰˘)2°hà‡˘jA<áÆo6é#œ≠+º@Õ#E©$3âç†/xÈó~4è~ÒófJòJ@§°å.0ê§¡Äû(!”¶Sêx´`† 0Õ Lö&(@ `B` ƒsR(@
pN¿ †
P– ,0∆6c36 hí 	ï™AK@<KKê¿.ÿ¡‰â°tu
PÄÇ&∞Äà`÷u .W≠ò<“	+h-1†lcõà ¿aZÜl»D-L¿îç)çe"Ç:<Z≤\<ˆÂ_Ü'¸Ì¯≥ﬂ˝^Îı_ã„'éÒ‘'>âçÕPÄåm	$“OÄiÕ ¥iƒô‰4†(Ùi*PÅø˛ÀøÊ‹πs<–îSNúæ˛&NﬂpA∞{·„0p·û{∏Ûé€«Åq∏„÷ßs◊]w0Âƒîœ#·%_Ú%y–-7±µ1gúÖàÇ3ôjÖZ°V®ïÆŒQp&•vDú…euQÈ˙•ˆÙQ®Q©Q©Q©Û
îÆ√% †Î
•a–uíò,J©îZ0WlŒ;1MôfúíqJ6Ê=QÇ®Åe,à“ö—lr±Õ„˛ÓÔ∏ÍéªÔºãø¸≥?„÷ß›ŒãΩÙK1ÂƒîΩz¬A•R©47"ÄÃ˚ ÿdQU0AKS¬îúD∂ëÑ$ ˙æ'3…LJ)D ôI)ÖR
]òñ	òæäà¬‘åß§a7∫Z∞Ñ›pú)ìmd @@≥¶§Y4ãBÿâùD 2Î©—úteF≠ïR*•T"‡‡‡Ä≠ç-HËJGQ·~°@B47 Ä LiB;à$aõZ*Ÿí.:2ìZ*XÇl@2œèmBtò âûS#”H¶»4uX´`Ç®@%mBF‚2!.ã¶’ƒ40ﬂ:Œ˝L°»òœÕÄ$¶ú(QH%˜ªÁÆ{˛ï2al–Õ9999pøbû•µFkçE3œRƒø†qø"ûì
/27p„Å
çB£ÊïÁ+3ó5C&AóeÚ,}Ùt•„ôwÛÆ„pπ‚pπ‚Ëh@¡sÎ∫é÷ô…E •pY)¡eê	≠5ÓWJ·ÅZk‹ÔŒ[oÁ≠ﬂ˚ù¯‡w~o˛‚èˇåó{ÂW‡ÈJ·~≠A)P
î⁄QjG‘ûç'¸Ì_Û‹.úªè;Ôºù˚›u◊m‹sœ=¸ktÛM¢ˆ‹o≥ÎËJ°+ÖÆJÌà⁄µß‘é®=Q{∫˘&›|ìÆ∫Z∏_© •vî⁄PJG) ])t•pøR
Û˘Äà†îBfrøÆ6Á]- Ù5ÿúw tµPJ 3àË€!ô /ˆ/¡ãΩƒKp’ˇ0Üø˛Ûø‡£ﬂˇÉ˘Î?ˇ^êqi≠qøÆtd&ÕçærŸ0qY)Ö÷A)Ö÷ô	@kçà `GÓå„»˝˙‹Ø´Öæ}Ü)y†!ìgGÓóôå„Hkç LË6! (√î Ù5Ëk–œ2é0üœôœÁÏÓÓÚ@≠5Zkåmdl#Õç¢BQ·~@Q†πëôåm$"(* åm$"(*<Pfëº0„4røûØÃÅ˚5C&4CfÚÇ47öπ¨ä∏¨MÄR›|ìÁ÷\xQd&œÖ‡ﬂ®2yÅö†ò™àÁ´àÁP‘ h.<ß¬Û•¬øä
 ∏qøF°QhÊ≤Æ@&DAD åçÀ"`l06à‡9t•†µ∆˝"Äy◊∞GééV≠x†!ìj≠D ≠52ì÷†5(ÖÀ2πl°5.+•PJaGZkå„»8é<∑;oΩù¯Ë„Â^˘¯∂Ø˛˛‚èˇå?Ï<–ê…ê…ÿ˜+ÖÁ∞:ÿe\í”¿ø≈˘sgπpÓ>Œü;À˝˛Ïœ˛Ä;Ôºù´®=Û≠„ ÙÙÙ<P‘û˚ï⁄Qj«Êº£ØA_ÉæQ{∫˘& Q{ "z∫nìÆ€†è†è†è†Î: J)îRà ∆q`ú√îÆFË¯÷úÕy«e&c;$s‡π=ˆ%_í´˛Á˙Óo˛6æ˚õøçÁVJ°Î:∆q§µ@Q!"€»0A_πlò∏¨î¬8éD•Zkå„»˝"Ç÷„8PJ`GÓ◊◊`òíqjtµ–’B_É!ì√q‰YZÉR  ìR
AD0é#ôI◊uîRË∫∆C®Ø¡0% ]-tdB&î¬eÛ˘Ä››]"Çà†Î:ÓWT(*<∑Ã†π—‹(*47Ó◊‹hn (3àHû[f êº0cÉÃÄàÄL(‚9d&ô	@s„_Rj·ﬂ*3(*47û¡øA4Û/j‚˘ ‰≤fûC°Qƒ≥4Cs°πP‘(jº0Õ\·n‡∆sŸ=XÒØ’Õ–ô…˝2ìÆ@óeB3óerŸê cπ_kç˚ÕªÄ’8≤{x».W∂Ä!ì*•‹Zkî¬e≠Ak<áR†î@kç˚E¡Ú˝aº‹+øﬂˆ’ﬂ¿wÛWÛ‡á=Ç˚ıÙ‹/ÇÀZ„9î⁄µÁEıÑø˘kû7Õ˝Œü;À˝˛Ïœ˛ÄèR;JÌ ËJ°+ÖÆ∫R (µ£‘éR;JÌ(µ„~„‘Ëj°´Öä⁄Sj«|~úR:Ó◊G–ï¬ø$"∏ﬂ85∆©1NçÁ÷Z„π5è4è<–ãΩƒKb/Ò\ı?◊_ˇ˘_—¸¡¸ı_¸œ≠Î:2ìÊ@Q°®0N\÷W.k≠îR»L"ÇR
œOkçÃ " ¶‰~}Ü)ß∆85Ó7∂FW
}dBk]GkçÃ†îBkç÷œ=¥r‡~}Ü)ß@óµ∆≥ÃÁs ∆q§î¬E¡Û”‹ (*47 ∫“ëôd&]Èxaäœ-"y†Æv<?E—Û‹ö!ÇÁëô<∑"^†®¿∏:‰ÅäEÄ±Ú@@D|P¯ºÙãø8/ˇ“/M*Ä É!Hò¿0  ∞àÀ$ÆHÉ66ÿ`C
Tôêh.òÜ1!
@
¿‹Øπ4¿Ä!*•TJ,çB–hL<† %Ç©5$!	I4ã(I† öM-R¡6!”lBAk€îR®µ≤öV,óú€Ωƒ4MÙEÄ≤ë2EÖZ;"
V¿¥"H2'™Ã‡‰ÅV√ä>*≠çÑí8f$0é≠@©ï&cÅúO¥ÿ`ÉÀ£#éx£7cvW?˛˝?ŒSüÙD^Ûµ_ù˘|F…`V{fµgV{∆iƒm"0ÿLÕÙÛJÌÜëZÅ ˛˙œˇösÁŒÒÇﬂ9ŒÒ”ßy˙ìüL)ïg<ı)<Â	èg&H ˘ó’9è|‘£8u˙ SÚúr‚Å¶  Ä  ¿L¿8Çƒ$&1SN‘æB 8É)¡&®¡sà))6ë	”u&`&Lbí)'¶ú®Q±çml≥VL”ƒ4Må” 	”41Mé‡	ˇ˜\ı?◊4M¸˘ü˛)O˙Sy–#JùW¶úHÀ(E)ÄÖ™Ü”∏l6`äa¶f‰$dL-ëÑ$J)îRò¶	I Hâf 
&à(≠°®ò`ÖNïL¿ÅUÄ†îé9ii‰$d0Mâ4aODô1Nç4Ä *&Å€àTë@	∆∂¬6È$J∞Ã÷∆úal†Äbí$I,cÀÿ∆6˜3†îÇ1-Qc$	¡eô…≥D%mA¶ëÇ)GB¡*W òwsåÅ ) ¬∂¡lÏ$=Å&“PKGQO≥0ÖPT†‚L¶∂¢‘≤%•n*4ãñ¬Ü(=0∆c"À‹ÔûªÓ!¯W ‰≤»Ñf˛’" ì*"°π–\x†"^$ET@T@ÖÆÔRJ°µ@fd&˜ã ∆6PÕ\V}ﬂ”˜=]◊∞Zè¨ÜÅ˘¨`»†è†+ÖÆÎÿ››eGû€ÿ4Æ(Ä`^Á47Ó7∂ÄÆt\÷œ“ëIdrøÆtt•£+]È∏ﬂ≠∑ﬁŒ{ø˜;Ûa˝a¸ŸˇÔ˝ŒÔÕµ'jœ˝∆qdGJ)¸k<˘	ˇ¿˝ûˆ§'‘'>Å’j≈ˇuá˚áÓp∏¿·˛!á˚áÏ^⁄g˜“>ªóˆŸΩ¥œ˛Ó>˚ª˚ÏÔÓ≥øªœ˛˛>˚˚˚ÏÔÔ≥ΩΩÕUˇ;¸√ﬂ¸ü˝ÒüÃ_ˇŸ_@Akçgâ⁄„!˜œ“E<KkÄÃ$3)•êô‹ØîBf“Z„~As„~–D@)Ä÷ôIA3åçgG.k”HõF¢ˆî⁄ÅœR:ZÉLûCD–ïé˚›snó˘¨„y$W$`@º@•"ÇÁñô‹/"»LZk‹/3»Lä
 ]Èxnô¡Ûì	ô<áà‡9drYfPT h”ä6≠ »i≈∏ﬁßõm0Æ˜inåm "¯W¢/xÈó|q^˙•_ög	ûEâÀö¡@àÁ ûÕ6óŸ Æ»âÁ• ¿Eçœ%x†Ê dûÕ†  7Ó◊P`Çï€d&µV $a ß	∆§ìò+jÅ⁄Õ(•0é#´’ä£aÕ˝j-8Më2[cΩ^ìô H¢» ¨Zc5M‘RπÃÄ°π`ÄP ÿ∆iò&»ÑL"L`–,å	ÕçêπﬂÓÓ∫ÂfnºÈF˛Ïèˇåü˛ÒüÊ¶ÆÁ∫n‡~Î’ŒÜ¢0+öED 	€ô˚˝ıüˇ5ÁŒù„YqÒ¸9.û?«Sü¯˛M¢Ú»G=íSßOpiˇêqπtÈGGGê„82é#„8“Zí”DN9M‰4ë”DN9MdölI∂$[í”HN9M‰41ç!≤%ŸíÖq…LJ)LÎ”41M”4±\≠∆ësó.±tƒ˙‡àq=2ÆGéˆè◊#G˚GåÎëq=≤VÎ5´ıö’zÕÍêıjÕzµfΩZ≥{iÄızÕŒŒDp◊Ì∑s’ˇ˝g…=wﬁÕKø‚ÀPT ∞MDÄJ”
%ÃSB-–ò$ÿ&"∞çm$aId&• BAÀÇ™ @ÇiÇ®AD`€àÄ4óŸ<K&('úI©=⁄ ®@6†`ÉƒeˆÑ%
%
SrŸ‘[s¶iÊä@ÄπlGJ)D˜ìÑ$l”ZC ≠5"Iÿ&"xÛ<ö BÿÅ- $Éπ,s`öVÿïZydÚ,Õ∆H¬òÀú 8'¶·ÄiZ1ﬂ8M∂Ä	(*D ∆º0ñπﬂ=w›CÂ?@œñ…Û’î‡˘ä‡_‘\Ä∆˝äxEçÊ¬˝äóπÒ@E–Ãs(4ÖI)Ö÷„8RJ·˘)* 47ä†ä∏Ïêqyn´ıHW
 }}´RË˚ûaÜ*œ“ï4Æ`»L∫“1∂ëÊFd&Õ(P
DpôG(3HÄRxØ Ø¿á}ÙáÒ_˝|˜7/˝Ú…{ µ ßÄÆÎ h≠‡∆ø∆Sü¯˛£<˘âOfæsÄ√√C /≠x†yùÛBÕÁ<ái@7üP*åÎëd.X-W‹Øï¬˛·!˜õÛlõ€õÓÚ@+û”ˆºcwü˚Õ∑ÊÏÔÔ≥ΩΩÕﬁﬁ7ﬁ|3∆Uˇõ¸ıü˝ﬂ˝ﬁˆîR «ÄçÁ÷óA3ó5C)Ö÷ADêôD„8îR h≠QJ†+c[°àÄ÷†µF)ÖR
≠5öÅÑÆ¿ÿ†û•5à⁄ê” @QÅ6B"(\—î]È»L∆6“ïÄ˘¨„Y
– 
œñ<À··!õõõîRxn¡˝Zk Dô… «C˙ËàH2ÉäËh2!ÇÀ"xE–E ÖÃ‰~¡•Œ…:ßõmÛ@]È¯w†Ú/X+û≠.À‰≤ Hû- ÇÁê…ïÁ¡≥dBóeÚ,A„9 äÕÖ¢∆ÛjdBW∏¬ç˚5
œ".+4 ÖÁaûCpEî¬ÿ!7y¡sh≠–•v¨ V+V„ägQ·≤qdPÉ∆3e—Gòœô–ó ÊÇCsÖ!3inÑÉÊ¿ÿFÓW"x†¡ê	\4J·Y∆"xñÄóx˘ó‡—/˛hû◊ÕˇÒ∞yÔxo6ÁsÆË ÿ››†ﬂdZqÎmOÂp<‡¸SœÛ@´’ä™ÚÊïÁ2Á_g≈sòx•+‹ÔÏΩ∞ªw»uµ@gk«us ÓπÁ NmÁÖ™<ßâj>üÛ@´’äö◊9¥öV\ıØ˜◊ˆ|¬¸-Ô˝ÅÔÕÀΩ¬À—	pÕπ¨.s#`òín÷AB&D@–h¿8éÃ+dBQÉô" (•0é#8Èk –h†ÉñP≤PÕ<K¥]Å±AåS£+ÄlçåBDGNID@·
è¥	∫Æ£î¬ÿckt∆a$"∏Á‹>ßéü‚~+ØxCQ`æ5'J@rYD@Úl	Zkd&/ä±ç t•„≤H í∫“1∂Ä¶B+çy∑…ÿFûCpE6Ó◊Eçπbµ<OGt≥m∆Ò" »â‡
œ!yNÊÅ®¸E@&œ#"∏,"xñ"àÄL.ÀÑû%" 2y°öEç˚5 äEê¿ÿ†+¸ãÖç¢éÊë¢é!˙ËyAJÌh”@õFV´CÓ7N#( J·_R\ñ	c„y2ì¢Bs„~EÄ!ì˚¡eE@·≤÷xñLàÄL(Ög˘ËO˛hæ˘Àæöø˛ãøÊØˇ‚Ø˘Ëø¯hæ˘ªøôÍfs∆ıäˇNˇÕˇVÛ˘úöœÁ<–|>Á~7>Ë¡<?oˆoÕìûÙ ˙æ ˜‹Ô∆õnÊÜõn·Æ;ncc±…#˚h^ê[üÙTû˙‰'søG<˙—<˘	O‡™ˇx„8Úmﬂm¸Â+¸%a¿Û3LI_É˚ç∫cÉ äÄc„≤hÜ"H 3π_DÄì˚ı5hWœ2$Ù¡≥4C –åÊï+dBWÄÄ2ìà 3)<Sd2∂∆çm§®PTyÚ≠OÜ√©„ß∏,π¬<áÕnì! "Ç§µF)Öà 3yA"Ç˚u•c»Å!˙Ëy†±ç 47Ó7∂ëEó5C4Û,„·Y Ê'àË›^4ÕçÁBÂﬂ "xæ"∏,ìÀ2!2yê…≥D@&œ#ìÀ"xÅöEçäÄLhÜ"˛C5è<–ê}Ù<PDêô î⁄1Æi”»˝∆i‰9D@&œ!Çú•|5Cœ°+ Õç±ç öÕçf[£+Ö>ÇÊFœ“/Pœ„Ω?‡Ω˘næõø˛ãø‡£ﬂˇ£yÈóiﬁ˚Éﬂõ´˛„<ÏQèÊ°è|4Ö¿Éˆ0 Vœa^yNœ·pπÀŸ{œÚ¸‹p”-\sÌÒòGÛÇ<‚èÊxNO~¬∏_®k?˜\ıÁ/˛Ï/‡‡>Ïxa˙4 ä`lP*A
∆]Å±A)–XMçà †îBõíaJ˙\÷#\÷	CBPÕ<K4√ÿ "`l@Éû%3π,ìÀ∫Ä!ì>ÄÆ¬0∂ëp–ïéG<¯<H¿<èÊF<?ôI)ÄÃ‰âû[=C<∑à 3˘◊*‚YäxæJ∑Ik#]∑…˝ä "¯∑†Úo¡ø(ÇÁô<K&D" "†ä†∫¬eô AD–\xnÕPƒ≥dE¸ªeë…˝"zz`»Å!˙Ëπ_f4√∏:§M#œ≠´c„y©Ä˜ã‡Y"∏,ìgÈÜ‰≤ÊFfÚ@A ¥)πﬂê	@&óEpY&DpYî≠ÒΩ˜º7ﬂÕwÛ◊Ò◊ ¸ıüˇ5ﬂ˝ÕﬂÕ{{≥π}ú›ı=\ı¬ù:u
ÄG?ˆ—‹¸†õπ˝∑sÛÉnÊ∫?öÁ0≠¯˜:sÌ¯;ûÂÜõn·∆õn`W¸k=‚—èÊÅˆ®èÊ~O¯ÎøÊ~˝◊ÕjZq∏»∏πÍE˜ˆ
ØÙ
ºÙ+ø2/L3tZ„≤fàÄ±A"`l–Ë∫éÃ$" Ëk0L…≥ ÅòçÁklP@B3t‚äô<KDêô\÷t d2∂FAW
ck4è2ìÆt4 ÁwœsÍ¯)ê\!û√f∑…jZ1∂ëÆt<∑ÊFô	@Dêô9–Gœ˝2ìà‡~cyQöˇ^„·Y∫Õ3º Õ@&º@]È€»PyQTû≠Ó@“ hÜ" !ÇÁë…ã$ ä!®=ô=‰äúíà†îBs†πpøf.ÎJclê	ó5ö°àÁ–\∏L<_EíÁ–GOkçÊF° –u ˚ªå#œ“©0∫—T(H0\÷†QJaG JÅ÷∏,ìgiÜÊFfÚ@ 	drŸê	@W
} ç†ê‹oÃ@&DpYk<Kk\ñ…eÛ≠„ |«|4_¸ÈüÕ≠∑ﬁ
¿ˇÒÛ«¸«|ı75Û˘ú˚≠V¸ﬂVysÊ<–jZqøG<Ê—‹¯†s¸ƒ)¸∞GpŸ¥¢Î:n~»#»L@kç˚ïR∏ﬂúF)ÖÁ÷Z£îBW ◊›páá+∂OÁˆ[oÂY&¿<Àˆˆqäœí–‹ (*45Å¬J·YœÈ•_˛ïπﬂãΩÙÀ—j„û;Ô·ûªÓ·û;Ô·÷'<ÅÁPy´i≈sò¯Î/˛Ï/¯ã?˚>¨^·ï_Ä’¥âg)Ö+ä°5(Ö+PË#HäÇ@–≠
#mjPÁ–Ä – ÊcÉfËT¡8›&–Ë
¥	∆D·≤Ä±5JÅÃ§Î:ZkåŸ`aòóBÀ§ï¬s" ∆Q˜[M@◊¡8@)4˜knPÄ##äó¥lî,‹/3ijîRh4⁄‘ËKœeôIW:∆60∂ë¢¬eu@∏PT ËkœsHûC3 ^®Æt=‰@+Ö*A&óµl<Pâ¬˝íÑ Q˘w«C®s∫$óE/ä‡9dÚ,¡Û—PJ·E’\ËJclê	<áfÄ¬ã¢π¬îRh≠–u ááá¥ê…sË#∏,2!ÄÃ$" h≠—u–dÚ|çm§+/»ê	¿ÿ])Ù<áL(ÇÀ2π¨ûCå#¥Û90Ò,ü¸˘üÕ7’WÛ◊Ò◊‹Ôì?¸ì˘‚ØˇbÆÇá=Í<¯—‡èy4WÃy†R
„8røR
 •"ÇÃ§µ@)ÖR
˜ã2ÄR
 áá+67Á¸[57 ä
Aõt¿òœa°5Æ(@ …eá´C ˙⁄”’éF„∫Ø„∫ØÉW xcû˙Ñ'¥'<âß>Â…\ı¬}√Wˆ—∆+ºÚ+‹" 2!2°.+öa»`»§è `»§è 7(¥‹@ÖÀ
êê<ØÃÅR:2"
 ]Å±A∫Æ£µFkçà †µ@œRàÄqÑÆ£4.ãÄLß]ùÛ,•@&¥≠A·9	ê@·E÷¶F©≠5"Çà`úFûGù¿¥"Uxa"ÇÃ†πÅÄ‡˘k\1?Œø§πQTxñq bìÇ¬ø‡≈_Ú≈yÈó}iÓW‹/sÑ®î 	$»âÁ1%Ñ@‚yH`sô∏B‚2E«˝ä:∆qâm$ò‡)j îÄ4ÿÄ∏,!ôê1AQ√˜KßêÃ˝ÃVk≈6ô…jµbG,.ì¿Ü§qø!ìê¿	lPêôd&Åd lÆ0œ“%@Q!¥lL9!@Q∞ö&6ªé"0d“läÑmà 	$BâµÇÕPCB3¥∆eµBkPƒsxÒóx4˜‹}˜‹} 5*ø˛ãøŒΩwﬂÀKæÏK2M<À_ˇ˘üsÓ‹9˛O	û√£ı^˛U_Ö7|À7„aèz$ßÆ=Õ©3ßy∂ ’ÄR
ôI)Ö≤MkçR
Akçà†µF≠ïÃ‰~≠5"Çy_∏ﬂ——
ˆvwπ˝÷[πﬂç∑‹¬Œ±c ‘ZŸŸŸ·~5*BD IrY	l∞°Î +–x€ î(¨ÜQÉÁvÚÙ)Nû>≈√˝H^˝5_õSßOp·‹9¶úx…U¿ü˝Òüq„M7ÚR/˝ÚÏs?)∏_≠ê	•@k& Ë#h6Õ¶è†Ÿ	ãgÿÖÀL‡ÄÑ¿@NK"
=v√% SBDpøR
„8RJ`GÿP∆EµB&db
%∏LÇÙDÊDâ 8≠ËK·≤∞@<'‚≤ ∏_Q·πY¶MçR 5*ôâ$$·4 ]ÈhnÑ¢¬¥Ç’.Æ3å	óâÁ‡4˜3Ü¬ãŒâ%ä
œÕcW‰
Í°‡Å,sø{Ó∫á øC)2!ÇÀ"xñ"hÊ≤"à‡Y2!Ç*` ¢†y$"(•0é#óE·Åä cÎ   ê	ô¡sh.5û[êêD$/LD –uªªª<?ê…UJ 3â24$ÙCB–\€Hí‹Ø®@])‹o»§è‡Y∫∆ë˚µ‰y	£π¨˛EÔ˝ÔÕwÛ›¸ı_¸5˜˚ªø˙;~‡;~Ä∑{∑w„ˇ™˘|Œçæôá>¸ë<Ï·è `>üÛØQJ°µF◊uå„@◊u å„H◊uîR«ëR
 ]◊ëô ¥÷(•PJ·ﬂj{{õ˝˝} ä
I2∂ëÀÃ≥»Ñ÷`>Á≤q‰Ÿœ°Ø=ç∆ø‰è~4èxÙ£XÌÆxÚSû¿ìûÚû¸î'p’≥}√Wç∆øÒ[sœ=w¡eô–D¿8Bóıô<?C&%2!⁄tê\Qxæ"z "zF7:ÆË
$êôt]«8é d&A◊uèåçÀ"Ä÷x†Æ¿ÿ†+\÷’9„¥‚YZÉR †hû-ÇÅÅ>z^òq5¬J-‹Øµ∆çm§èûÊ∆e”
Íú¢Bs„EQTh4ûG–x∂ Ê<∑Ê∆ÛËéÛ"†/x˘ó|q^˛e_ö
T¿2i3ŸDPÄ¿Ï@2˜3œ&Ò$.ÀÑ)!ƒe
HÉÄë
œ¢Ç	L2yDÄT∏ü	L`…@ AëA€ÿÄ ƒe&0Å	0`¿Ädò¨÷JD∞{∞b5`âƒHLfCÇ©%ñ09—(D©åS∂∞ç$*=ô8hû[£Far£e†πaÃ¨ŒH'ÕcL2À’gœ›«Œ÷ñp)ÿ¶µÅêiòñ∆Ä`'ê†»PÅ (‚y‘ÄZ+/ˇJ/œﬂˇıﬂsÓ¬9¶úòr‚ÆªÓ‚◊˘óy˘W~iV´û¯'pÓÏ9˛∑{ƒc^åWy≠◊ÊçﬁÍmyÒ{1Æª˛z"ÇZ+mj√Ä]tLtQ	
≥⁄#A_†H‡lîR∞M)ÖR
 ôâm$ëôDíêE∂Cñi≠Dnbc„∂Ü}jÃŸﬂªƒ≠∑=Hx»-∑pÍÿ1*0ﬂ⁄‚¯Ò„L”ƒ÷÷”0Q¢0Â@j@)P6DpYk`Ä]ÌhS√i äUï^=B‰îê–EGkÄaêÑä∏˛ñyÏãø8/˛ÿóÊ˙o§+ï˝ã{‘®L1A ê¸øÚÁ¸Á<˘	èÁÂ^ˆ•!ì¨ï,H†¶	$(Lb$!cÇf”G–l¢T0`@⁄@	ò9-±å»=â)≈ ì	ÃS3@≠ybjFN™í¶#í@Q2qD–l °@f#ùA:…ú(„4"L©‘A&P@2πL@@®√Ä’0Åicåe ˆ∞M?ÎI0ÿ&"@Ä ÅÀ¶C.@Æp›§îƒÛ @Ä Ç Ç BAÅs—ANDÈ±å1∆É ä
A0`¿‡4$êpœ=˜P˘7Ë
Ñ!ì*"xÅ2π¨+<á.ãÄL^†¢éàûÁ'"y†ÊBQÉÄL»†pøÃÄH˛µ∫Æ‡ê÷íR:Z)•#3à2JmÑP·~Af ¥÷ »LÓ7‰ @W:Ó Af“‹ ËJ«ÿFÓ7üœπÓ∫Î`j–dBk§ y¡∫é≥O˛ÏOÊõøÓ€¯Îø¯Ëã?˚ã˘ﬂÓ—/ˆb<˙±èÂ¡èz1®î¬8é‹ØØ= „40R Ëk0NçÆö!∫h≠Ò@ô	@◊ud&@f@s#" à˛Ω¡0∂ëÆtd&mj¥•@k\÷u<[ÚJ-¥©Qj†—hnAsAW;(3)• –Õ: ∆ı»Êˆ&{‘#xÿ£¡º<ıâOÊÁ~Ó'¯ˇÓ/˛¸/‡õ·>¯x~JÅûC3ÒºZÉR†5(¢Á≤ÆÉqÄä†ôÀ2°∆]·≤R
˜k≠Q)ûCD0é#]◊QJ°µF)ÖÀ<‹Ø®–‹»L"Ça Ëfdrô@Úú2 ∏"Å‡yåÎë±Èj(@„´õ0Ú‹ÜË£Áﬂ%z Ë6!œ!yEÖ*ˇÕ\÷´ÈêÕnìÁ'2π,ÇÁê…e<áL.ã‡*ÍH˛µö–àÄ±AlEíùÆÎ 8<<dGP·˘…LZkP" ¿¥÷ h≠qøR
t8“ïé¢¿ÿF"Ç˚e& cπ,y˛J·YJÅlD,ô<Kœ÷u∞{nÄ„«èÛ@≠5 
œÈΩ?‡¯Ëø¯˛ØxÙãΩè~ÏcyÙãΩ ´âÁ—Z£îBkçÆvtµ„pu»8çP ]-‹/ìg…L "ÄqÈ∫éR
≠5 2ì÷ çFQ°πP(D ôIo≥ππ…··! Û:ßπD◊»ÑÆ„≤»Ñh`ÆHhnîZ ËÊ¨π,3à<P◊u¥÷»L2ìúín÷Ò¸<ÏQè‡ì_Ï≥y¬˛Ä'<·q<·ÔˇÅˇè˛‚œˇæ>‡£?Ç ‰≤LÆ(Ç±A)<á>Ç6éº ôœñ	Q »Ñ»‰≤Là‡≤÷ @dB3 û•µF)Äqâ »Ñ»Ñ ä
Õç  ÜÅn÷Å®Ä¥
ˇ≤‰ä õ€õ √@Á
œ°©Q\∏l:Ñ∫…˝J) DôI=ˇVCîËy…$œ£πPTxP˘ñ…≥D@óeBóeÚE@&œ—ì9—søÊëã¢F3óu2Çà§πØ‹Ôêqy†R: "ÇÃ†îB„T»L"ÄR
¡8é îR r†+}Ù90∂ëÆt‹/3in‹Ø®–‹xæ"∏,ì*Ç’E\ñ¡eô„ô–u áááÙ}@DPJ·≤i‰πΩ˜| ﬂ˝mﬂ∆ˇVèx±„ëè},èx±cŒ◊Z£Î: Zk å”H_{˙⁄3º"†öyñÃ†îBfêôDôI◊u\ñêôÃÎú±ç d&≠5 BÖ√√}˛µ(* .+#•@k¡e≠AkP
4ÊŸóEV+®\÷ïéÍk@£å„»|>†õu ¥U„π=˙—/¿£˝b¨ﬁ¸xÚûÃ/¸Ù/ˇÕ_¸˘_p˛≥?õO˛ÏœÊ~≠qY)ºhJ·≤R†5 ZyñL.k∫Ä"h"†5hÜ‡k"∏¨îBfÚ@ôI©¥à`l# EÖ¢¬∏Èfœ¡çgi\!û?‚9t≥Än÷A„ä$P\xæÍ]◊–Z„?Uœ£πQT¯P˘W V ËjG2≤=õìŸà‡ô
îŸà‡Yí¡î9—Û‹2"z†Q»‰˘h<Ó◊($@&ck"Ç 2ìà  IûüÃ§Î:vvGà‡Y"z2ZÅûEÖg)Ö†Ò@„4ÇÄçFKË£ 0d`^Á47 rJZkîR h@3@·ytL+.œí	´‰≤bhçÀJÅ†ëS“ï 3ôoÃ»L óátµc≥l–T Ë#2ôœØ¸j/G◊√∑}√∑Ò?NÂ9ÃÎú˚=‚—èÊa/˛h˝ËóÊ~ÕçÃ‰~]i A3åm†+õãMÜiÄ¬e¡»LZk îR aLà "z 2ó• Aft]GkZk îR ß∆|1 Ê¿
y—AùsŸƒÊ
ÊYö; í§πQ•l(@
47ZkP∏l≥Î∏_+Ä°\@pY7Î†+û•î¬˝Zk¨¶])å≠±ŸuÃÎq^‚≈_Åì«Ø„œ˛¯x¬Sû¿5Ò ≠OπïÔ¯∫o‡√>‚√ X— hZÉ˘º @kP˙Ä6“‹†tê<á¶éÀT∏¨%î2¡ÖVÅ÷`iÛ9aûCDå„@R (Zk# ê	– àÄLh†éúíÆÎ@@&M•Äc)•cµÇyWx†›Â! õÛM:u 4èu¥i•⁄‘(*<è2ßM#•v4è†¿8ét]µF®=Ûy+.+ä
Tû√8ç‹oò
ÖR
œO=$œ)
 √0–˜=MçÀ
óÕy†∆jÇR
≠5û«ïÉÆv tµ£πÒ¬D@&4C¬e=œ-¢'s‡?BD êô D$47Hà 2ìÀ"ÇÃ‰~]◊pxx»8Bóe<–êI¡ç„HDPJ!3à.K ∏¢A–8π¨® PThnD@f@î≠¡8B◊A&¥Fk\ñ…eWÙ¡eDpY&óu•cl#‘ïéÊ∆Ò≠„ å”@àÁÎÂ^·Â‡√‡€æ·€¯üÓè~4oˆ÷oÕeuŒe&¡≥d£öπ¨+ }Ù9pø÷A)ÄR
 „»sàËy†6ç î⁄êô‹/"(•pø÷˜ã çó 0œ£+E#„»e≠
–x∂h@*óô d& Af“‹ËJG= mlPxñ» 3È∫éà`GÓ7dRT ∏Ò¶õπÒÌﬂô+û¸Ñ'?˝”¸ÒgÚg¸Ÿ+˛ØJØ¿skJ·Ÿ⁄*‡∆≥dÚ@„82é#Û˘ T¿#4@¡e]„HFGW 2!2ì$"x•¿8Ú<Zk^∞q<dﬁÌ0üu ¨÷#õÛM∫⁄Ò@•v¥i§‘h îZxAJÌ (µ ]◊Ò@Ûy«j5r˚ÌwÚ@«wésøçç9}W ËjGW;∆q‰~AfÚ¢Ë˚ûÆÎhS`ˇ“> +Ç„«6π_)ÄR
 ≠5Ä ø¡8ç‹/
ˇ¢ !^†à$s ¢ÁπEÙ A3¡≥dëI&óuÖÀœñd&¥÷hnê–ïé±ç47h<áÆÎ 8<<dG"xñ»Ñàû˚µLû[kçj≠\@Ú∆∆shnd& A 0é#œ„≠@&¥≠Q*¥\∂Yx≠qY&D@NIíD˜+*47 ∆i‰˘2˘ﬂÊ—èy1ﬁ˙ÌﬁÅ¶+ cπ,°.+Çf€»˝2ì÷]◊QJ°µF)ÖqàË»‰9d DÙD◊ì” @õF∫Æ#3â Zk<P)ÖÆÎ«ëˇ	ê\V(¨¶EÖ±çî Û@çg+\6d“G 0 •∆q‰~cÿÏ6iŸ∏,Ä“	¿8éD]) lv Õ<èG<˙—|Ù'2O~¬¯Öü˛i˛?¯ÜØ˚>å„ﬁÏ-∏Áû;π_&óï„•lmÑË`!J°p≈8éå„HWÉÀJôê…sÀ‰≤f ìà †µ@◊ud& ≠AdrŸ8rYóe&]◊Ò,•pY&îB)≠ç‹o5Ãg ÛYœ2N#]Ì (µ„ﬂjG ∫Æ„~´’»ÓÓ!Á/ÌrøS«és∏\qø√Âä„«ÁlŒ7π_◊u‹ØµF◊u‹ØµFQ·9TûeGˆ˜ˆπÛˆ;y∂9é€†Î:Ó◊Z£µ∆P˘7:\∞Ω9'ÇIW`4œWQclÕ#≠çteìÁßôÀöyëIF42al\QÇ LÓ◊ZADPThn47¬ADI“Z£îBD 0é#„8Ú¸DÙ d‹o»§è`»†îBD@„8rôÄP`°ËÜÑ±ç D EÖq(•– ∆ëg)ÖÀJÅ⁄4røRxcÉ‡ä(ä; öEÖ˚ö]Ìx†’¥†S·ã∑~ªw‡—èy1^ÕÄà  i¨&Ë
å"`≥€§+cb " «ÄÃ "»Ñû•îéÃÅ÷F ¢ÙtÛM⁄40é#]◊qøR
≠52ìÆÎ»L∆q†Î:∫Æ„ﬂM@47h°Î`°h Êäò+HËJ·Å2ÄÆÎ«ëÆtåm§èû√ÒêB·≤‰≤à‡~ô…<Ä!Ä¢¬ÚàG?ö˛‡èÊ©O}2øˆkø¿ˇuﬂuﬂ@+ç7~„∑Êû{Ó†5àÄ÷x67û%ìÁVJ·Y⁄J(ê  ô<?ôID–Z£îBfPJ°µF&óE@kê	ê…e≠5 2ì¬¥¡e≠çt›& ˜ú€ÂY*œaŒ∑ö∏¨Î
„ÿò◊‘‘«ÄÆÎ(eŒj5røS«éprÁ8 …Û:\“’ÄB†Î:∆qdGJ) ¥÷Xy≈sXÛ,„8∞}lõ˚ù⁄9¿Ó•C Êõº0T˛%ïÁÖÀÊs.+ÇÊ¬ã*x.‚≤F°ç˚ Ã∑é”¶ëÀ d& A!3 àHí»$)D 2ú¥÷(•  EÖ(	IB@°–≤1ÆGËÄÖB£—Zc≥€d5¡·—!àÁë	-Äx∂ 3 ÓWJ°µFkçR
 ≠5∆
tZ¢–J@Ê! ¡˝Zk‹Øµ •pøBcHËÜ©Ò@≠A1œn$Ö˚eBW$å4:ûS£êôDåÄë¿ÊâM ˛‚O˛ÇÔ˚éÔ„ø€|>Á~{‘£yç7yméo]«skm†ó5C`Æ»7J-t „!•t4Æ8(• –Z„Å"ÇR
– »L"¶ù
]- ¥6–⁄@ﬂ˜PzAf<Pf“u≠52ì÷}pŸˆˆ&˜Çå¿äÀÍúÀƒeççg€HQ·~M@+Wd&Õ]È€Ç±5∫Æ£ï¬8é¥÷Ë∫é÷ EÖRÕ(0é# A_{Ó7‰@S 3i≠—œÁ”¿8ç‹Ø´˜õüÛr/˜
<Ï°Â÷ß>ô_˛ı_Ê9L¸üÚÕ_˝Õ¥VxπWz.„¿eÛæßµF)<KK@Ö‚œímEW6°h#¥"†ç¡˝ö°öπ¨µFWÄlAkçR
Af–t]GfR
óï“ÄÃ§Î:2ìI¡ê 	Í† F7∆ucl#˜tHP‘ [°+œ∂`πl5Õim†î(å„äÆ€d!ß]I2ÉÊ¬Òùm í@s°®ëåk.kc£®0÷Ä’¥‚Y&û≠Ö+Ög)Ö?yäR∏¬\!`Ç’¥‚9Õπﬂœ˝¬/P˘7Í &W4^TÕ<_9<PõFÓóôD AÒH)çÊ@D êôD ô…ïRxnÕÄå‰9ÆH†pY_{ Wá¨÷#/Hk œ=EÄÃ$"(•0é#≠5J)îRà ZkDpŸ8rY◊u¥62éá  ä
ÕçÃ‰~•Z◊Ak êI' ∏¨2°5.YQTà(ÇÀöÅqÄÓóôDô…˝2ìÁÁ/˛‰/¯∂Ø˚6˛ßxÿ£Õº≈[P*å”
ÄÆŒy†R:ûá
∏A$W‰ Û„–Fzû≠èûÊFkçÃ "∏ﬂ8é‹Øµ@QassŒ··ä˚ı}œ˝J) d& ≠5∆q†îBkçÃ§µFD ∞ΩΩ…ÑÃ§+EÄpPThnd& ôID 0ØsÓóJ.«ë˚ïR »L"Ç÷4é#A)Ö÷‘GOscG J)”¿uµ„πÌ^<œÒßxÈó?≈£_¸•yÚìü¿/¸¬OÛ’∑}›7 ∆ÀΩ“+0Ô{V√¿µ•pY)≠ç<∑àûÀ‹†t‡*¿ô¡u2°ôgâ ( d& •Zkd&Af“Z#"x†÷¡ÿF˙^Aföì˚5û[kP
œ“⁄@)˜ãËy†Ã †®q8élv˜+jD$ô¡skn
œc°v<á∆ø®5(óµ•<˛‡˜~è?¯Ωﬂ#¯wj.¸[5 ¢ˆDÌÈÊõî⁄1Æy†Ã$"∏_s†®ëô D/LD 0∂ëÃ‰Ö*@ #óuµ£´„42é+û[)ê…TJ°µ∆ìô î¬e\∂ZÌ2éáî“qøÃdl#cà∫Æ#"xnáÜÑ!aHû•(∫“Ó¡eô\—u<∑à‡~≠5Zk¥÷x†˘ˆ&Ò'¡∑}›∑Ò?¡ãΩ‘K¡ˇ…º¡[º5‘’9 „¥¢µëq<‰Åöy∂6Ç
®⁄9p82‰ ¿·x»8éå„@kçÃ$3…L"Ç÷≠5ÊÛ9¡ÊÊúÁ÷u˜«ëÃ§µ∆8éd&•J) d&≠5J)¸G LZkd&ÕçÊ∆˝ä
]È ËJGQ!"∏_s£+AD–u˜Î∫é÷¡˝∆q‰Å∆qdG2ì! Ür†µ@◊ut]G_{ 6Áõtµ„Å6Áõ ?q
Ä›ãÁxƒ#ÕGÙ'Ûfoˆ÷¸_ım_˜ Ãg˜[ •¿8Bk\ñ9‹ä:∆v n<K)–drøf»‰Y2!ìgi≠Ò‹Zk D ôIfd&˜;G ˙^êÊFf–‹x†Ã‡~@s£πë…Û»x†ÃÅ˚5 ö õ]«E$ô@f–‹ »LÓwÎ”oÂ÷ßﬂ e”»e”” H^†Lhç+êÄ`°5hZ„Y˛wÄ‡ﬂ†®„_+ÇÁ—\xnQ{JÌ»i  "à2ìÃ‰˘…Lû[DDAf–ïéÊFfíô<_(@¿0å”»·ÍÄÆõ3é+®5hJ·9Â @kç˘|Nf2é#•J)¥÷ »LZk‹Ø.ãÄR:∫nìàÄÊFs†+≠5 J)\6é0é0é–˜ÎÉÀJÅàÄ(*∆6røL»‰yeêôå„»8é¥÷x~Ê€õ‹ÛÑ[˘∂Ø˚6˛ªΩÿKΩÔÔ∆;º«ªÒ‹∫:Á~√¥"s  s†µëfû•àÄ6¬¥7û%àûÕnÄ±ç D˜+•D@)ÖÆÎ »L Œú9Œ˝˙æÁêaÜÄ÷˜ã"Ä÷≠5J)D˜€ﬂ?‰ﬂ™î@DpøÃ$3…L ∆62∂ë¢¬çm†® 0∂ëÃ†îBD–Z 3…L2ìR
ô	@◊u ¥÷xncË∫é÷„8røaxnªª<–Òßx†G<‚—ºÛªø77?Ë¡¸_Ùm_˜‹snóyﬂsøqÑ÷xñq<$¢Áj#dB&∏@) ¡øFD PJ·ÅJ)¥÷àû[W
])lv gÔ9À≠Oπï√ÉC ∆6Ú@@f“‹∏_s·~ÕÄÃ‰πe<Pk#œ≠πP‘x~2ÉÊ@s "hnåm‡÷ß› oˇ∆osYÌxñ’!å\—Ò|eBœf Åî¬CÂ_∞ö`5Ò,]i47 2!¢ƒsr·ÅíÁ<Ø®=˜ÀL "ÇÃdt!" h·‰≤Lû%HÆ Ç  IJ) î°,Ö¬‡&Ëkœú9ªª‹ØTHw¨∆ëæç@S£%îRh≠QJ·~• Zk îRh≠–≤A*–†5ûCßn4C—ú(çúí(ANI)ÖR
„8“Z£— Ëkœe
 Z&•x§GàÄ&»¢clP‘x†y) åÇa å@ÊÖÁ0üoÚ|€◊}´i≈•˘|ŒΩˆø1/˝“/¿Í`EW}Ì¶∆C ∫nìÆŒ°ç<á6Ú,9Ä
 ÕP∏—Ä±ç–F:u  hVÎ∆Êº„~ôID êôd&≠5Æ8uÊ8wû›eﬁ•⁄‘»)APT∏ﬂ8é t]GDPJ°µ∆˝Üñlnm≥ö VÏÓÓr¸¯qòxÅÊÛ9„8–÷çB°πQThn‹Øî¬ËëÊ@( (•@Éà†E£Ô{ÜaÄ	"ÇÃ§î@f“Z`>ü3é# A)ÛŸWö„z§Î:Jò†P(Qh4å„H)öEÖÆt‡" Z£îFDœ8p›M◊ÒvÔÚŒ‹y«Ì¸Ÿˇ∑>ÂV˛Ø¯ã?˘3¯∞è¯0Ê]`5≠GË∫M.ãB)œOƒúîRxñî Ü"öπBçf(µ– ¶¿0®\÷h`Ë‘¥÷»L"Ç*-∏¨+ÓØ8ø{ÄBau∞¢i§è† ∏Öb¿h ígjî≠	ó5sY®ê”ä¶•Œ… ¢ß©PJa\2Q{®‘Z5ÄxN•Ó◊ıgÔ=@3P: ÿ<N∂ÜéZkº0M\—∏,ògôW¯Ωﬂ˘=˛‡˜~Ä‡_)ìgâ‡_≠µ∆˝"ÇID êô‹oG2Ä¢@Q 3àH^}$$0çÁ—’éqy†qj‹oòí˚ïR∏_)Öj≠±Z≠(•PJ°µ@)
œñê	ôP
îÕ06.ãÄRQÉúí65"Ç÷ •˙⁄”◊ûÁ+ìqÑqÑ÷`a°5hçÀÜLÓ7dr∏:‰pu»0\ñ@(<_Ò'¡∑}›∑ÒﬂÈè~4˝…üÃKøÙKÛ‹Üi †Ø=D›& ¥J•É“AÈ †tP:Ë6hÜ".knd&EÖ¢@fÚ@} Ü)…L2ìÁÃÁsˆWÏÆ∏ﬂ∏iS†MÄà†π–u•∆q$3«ëÃ 3˘˜ÿ€€£π—‹€@)ÄR
 ≠5J)t]«8éd& ô	@ﬂ˜t≥Än÷–u≠5∆q†î¬|>ßµFD–u•.Å∆ÖgÈ∫éR
 à+„8PJ°µFW:Êu@f@&D@◊—uõî“QJ«|~ú˚›x”Õºı€ø3o˝÷oÕˇ%ˆ'∆ü˝…üÒ‹∆ÒêÃÄÊFs£π—‹hn d& mj¥©—¶ ≠Ò@}@\ñSÚ¸ ∆’@©Ö652ÄÆÎx†à 3òœ{hs±…ô ôdB¥∆≥drY&œR
œ“ô\ñ”ä6≠ h”ä˚e& mâ⁄”¶ëquHN˜k”»≥∏Ä¡e¯ª»¸ﬁø˜l.Ê<PW]-ÆF∆©Ò‹"¯W˚›ﬂ˝]ûâ‡_©∆ôPƒøIDº®"Çà‡~• 2ìÊ@s "…2ÉIê@„≤æˆlŒ7ßë√’!œO_Éqj<∑qy†÷ •Ó◊u•Zk –Ä∆e≠¡8Ú,EPmj‰î îZ»L "ÇÆÎx„„≠Ak¥∆e•@)P
tî•@¡ê…ê…sÎk W4û«_¸…_m_˜m¸wz≥∑~kﬁÏ≠ﬂöfòÜiÄ“Ò⁄m7h#œ“Fh#Õ\66d&˜ÎJG)ÖÁ6LIW ≠5 "Ç˚µ÷(•pø;œÓrÁŸ] ¢9%˜kn‹Øπëô¥÷(•@„8¸{e& ]È h≠—u@◊uD •Zk¥÷àJ) åÎë˚ïR (•PJ "h≠ëô å„HkçgÈÄ¬s»LZk Æóu]@D–ucπ_W: àÄR ì˚u›&œœ£˝hﬁ˙≠ﬂöG?˙—¸_Ò_˜¸Ÿü¸ •tº(öœ-ß‰Y∆Z„˘…)y†±ç‹ØMç&3…L^òçç^ê÷∏¨»‰YJ·YZÉ÷xñLàÄ".+uNN+Ó◊Z„πuÛMJÌh”HNœCçj2y¯ª»2NçaJJ·9dÚ,ôê	ô\6é<áæÚ‹®¸5` ¢ÁEë9PJ@f‚Ed&ˇíà‰~ô…sûW·äÑ√ÒêÕ˘&„4r∏:‰ÖŸúw¨∆ëÆÎ (•êô<?¡8éîR»Lûe†„Y2yñ" †2'/»8é ¶Å˚ï“Û@ù/™>‘Û<WûÂ«~‡«¯áø˚vœÌÚﬂÂï_˚µyÌ◊~m˛M⁄»e•É6Ç
îm‰Yr 
E@@&D EÄ÷œ≠Ø¡0%„‘(ïÀ2ìà †î¿8é†é )â‹Ø+˜+*¥÷x†à 3»LBpx∞œÊ÷6ˇ@fPJaGÓîR«ë÷Û˘ú÷• Üa‡ÅZk<PDpøÆÎ«ëÆÎh≠1é#]Ì`: yñÆÎ∏Ã@pEÉqh≠QJ!"hnDÕç¡e≠Ò@≠çº è~Ù£yÙ£Õû~˚◊õ›É]˛∑˚”?˝S^·ï^ÅÆ€im§µë=˜ÀLÓ47òxñ65:î …e}@∞j–¶FL@∂‰ÅÊ[s⁄‘(µPj°MÄà "»LZk ¥÷8szÄ››C Œú:√ÊbìÁßè†5ûC&óµ∆Û’E\66.ã:†‘9„¥¢îBDpøú¢ˆDÌâ⁄3Æi”H7ﬂ ®5.ãÄ?¯Ω?‡~Ô ¯Éﬂ˚nΩ„Œú:¿——äÌÕ9„‘ÿúw ¨VP
œWœ°Î Û,]Öﬂ˚ùﬂ„˜~Á˜x&*ˇFEÖÀí∆≥∏EOp‚ôÇ˚%I‹/I¬…@frY4()<P‘ 3yÅ&û•‘¬ºõ≥W√ @:âû≈Ö˚5†Î
„8îR h≠QJ°µ@)Öq)• å„»eï+&.À6–ïég…Ff†‡Å“…8éîRh≠QJ°/= ≠5hçÊ@Q°l≠5»LöóπPZÉÆ£–x†˘bŒ˝Úœˇ2ˆ¿ù∑ﬂŒâ s8æuÄ7x≥7„aèx ´i@W:ä
cààB&D@)\—Fû•çP:h#óπ¡‘@!VAö°ä†î¿8é î¬mÄid5¡|>†Î:Fè¥	öäyñ÷¿\Qal#˜kn Ç  ß§π—ïé˚mnm sÊ[«π˝÷[yQÏÏÏpxx@)ÖÀ0qY©Öqà.s£Ã6°ç †µF)Ö÷ •Zk å„H)Öà†µF‘†πA@DÄÄ
Z6äû•e`GJ)tÍhn4$îH.ã †ôÀ˙⁄3x › hnî“—ckt•0∂Få#ó=ÏQèÊ¡è~4øsø¿ìü¯d.õV¸oÙgÚg|Ò•/Êì?˝ìÈTËj`Ù@6û%T∏,≈–‘Ë∫éÃ`,Ä6ét]Gó5sY‘ jêS5àÄ>ÇÆ¿ÿ√„42N#õÛMç˚e&›¢££†£„˜~Ôèyƒ#Ã˝˙æ–º¢àgÍ»LZ)\Êë—àÀä ô\ñÓ◊ù∏"! ∫M2"zZ)≤çgQ7ä†∫Ÿú±¡85R–ï¬˝# }J)Ëˆß<ôÎNø €õsZkÑ`G vˆπÓ¯q V„HÈÇ4ÆF6Á°¬ï ≥¨&¯ç_˚Ä øRQ°πÒ¢ä2ì&IÇ‡_#"€H¬e&/L)Ö÷ ]◊—¶∆0å„@◊uîRh≠–x˛2ìR
]◊±Z≠ (• –Z£µF◊ud&˜+•–Z†µ@D@≠5J)îRX≠VîRx†à‡~•"Ç¶Å¢Bs£πABfd&ÕÄ¢BsÉû%ƒÛıˆg¸Âü˛)ÒG∆ßá=‚º¡õΩœ≠®PT∏_DPT†@)<ß“Aπ,»ÅgQ ÇÀ2a^π¨öyñ±A–(•êô¥÷∏_ﬂ˜å„¿jµ‚Y*‰ƒ4 J)îRh≠¥÷(•pø÷EÖ˚e&]ÈˇˆˆˆË˚û˚u]GS jPj°£„9tõ<?≠52ìà‡ÅJ) d&]◊QT∏ﬂêœ£pE
œRJ°µFî †®<èqyn•tDÙlñ∆nk t•0Æ˜k®foÒf<˘ëOÊ~Ó¯ﬂÏ	Oxˆ'∆+º“+pø√’HW} J·9E " àÓ7é#ôID PJ·ÅrJÊ] 0∂@_{˙⁄Û¸DÙ‘«?ôÛÁwyƒ#xñÆ@3å∫¬≥å„HDP"†5(ZÉ‡Ö Ñ»Ñ»x~2!Çg…2!ÊVéátŸ—GOW:Ó7LIWœÌOˇ¯OyÖW~û[)Ö÷◊?ŒÛ≥9Ô »ÑûØ'?Ò…<˘…OÊ®¸'ÀL "ÇÃ‰π%…˝Ç I Ç íÁß®ê√! —œ˘óDô…s+• –Z„ÄÆÎ«ëqπ_fRT h\—Z#"«Äà†î¬8é‹oGJ)d& ≠5J)¥÷ h≠ëô t•£π1∂ëà†î¿8éîR∏_Dpøà 3»L Zk‹ØπPT†@)Ö˚EôID£
óeÚ¸¸≈ü˝˘ß _¸ŸüÒﬂÌ›ﬁ„Ωπ˘AÊÅöÛ:†πQTàÓ◊dB◊AkP
œ)z.À¢7ÓW•@3Ò,E06àÄúíÁ÷u„8“u„8∞Z≠ òoÕπ_NP*t]G)Öq)• îRË∫Ä’j@s£+ As„~ôIî‡ﬂ+"∏_©ÖR/–x—C–Fö: 2ì˚µ÷(• 0é#• ∆q§’∆sk≠ëô (@rJ"Çà "(.åm‰9î„]«∏Z±9ﬂ‰~çéq< s`∫R[£+ÖR∏¨5û√#ıﬁå7„	ˇ∑<ı…OÊ´o¯∫o‡√¯0^·ï^ÅÁ÷’BkP
óeBs "à2ìà "à2ìq»LZk îZ 2È#xAJ) d&¡˝û˙¯'Ûk?Òº˜áø7‘Eê<[D0é# ôP
‘⁄H◊mí4ÓWm‚≤û•µë˚5ä†Z„≤"hö°5HAW†hì!«C6Ÿ$
œ2Nçü˛âüÊÅ˛Ïèˇå Lh5é Ãªé$ìÀ"xOz“ì8˛<@Ø‘‹¯◊h≠d&œO¡@í $¡Û ¥q≈ã"3ynA◊ut]«8éå„»8é t]¿8éd&AúJ)îRË∫é÷ @fíô D ≠5®µ@◊u ¨¶c»L∆qdG ZkDîôå„Hkç÷≠5 J)îR(*ä
œ≠î¬˝2ì±ç0éº ¸ÎøÕ∑}√7ˆg¸wzâóziﬁÌ=ﬁõóx©óÊEQT(*47 "∏¨Æ!ûGÈx~2yÕê	]◊QJ!"(• 0é#]◊qø˘|Œ|>†M–&.ÎÊ\ñô¥÷∏_fíô å„»8é‹Ø+˜+*d&c€»ø◊ŒŒ]◊PJaG ⁄‘hS„ÅZk\=î¢ánìR
˜ãÓ◊Z#3)•D¥Ÿm≤Ÿm“Z#3âû•„ä"Ç˚ïR à ä
d¬8@klŒ7¶Å˚µ6—”uõt›&˜ÎJ ∫∫J·9<‚Qè‡ﬁÏÕxÉ7{3˛7˚”?˝SÓ∑9Ô∏ﬂ85Ó◊¥• 2ì˚e&˜ã∫Æ£Î:"ÇR›º#j 0∂∆ê…˝Üi‡Å"Ç˚ïR xÍ„üÃØ˝ƒ/o˜fº Õ06û•î¬8éê…e≠Ò‹2Ó◊Ãs»ÑL^†".+‚≤"hÊ≤"àÄLËJ«f∑IW:«C∆©qøÆûüo¯Ío‡~¡˝J)<–ºÎ Ëj·~<K&œ·…O|2œÖ øWÚúÇÁPJ!3yÅú<∑$y∂ π_Ú@1Î», DÓóô<Ò ¨ pxp»—¡]◊1é#„8RJÅ:áq§M–(<KkçRFZ+ t]!ßëÆ@©∞ö•J)îR»LP†eÉi§‘9˜Î∫F.kS£îBD PJ·äÄÃFk¿¥ÇR ÇÀJ°—xAöEÖ±ç\ñ<K°–‘¿ƒeÛ˘úø¯„?„/ˇ¯O˘ã?˛3˛´ÕÁsËµﬂ¯çyÈó~i vwwiÇqÑÆÉRÄ	ÄæÎi≠A·≤“
 ÆhÄW†Bkr†î¬jÇ¢B7≠@Ä".+•@kç"(Í ËJ–⁄ @f04(µ£M0é#• J) ‰8R
‰ÖéR
 ô…¥÷ Hí÷•t≥Fh≠A $œ∂b^ÁtµÉ @Ã˘óD∏P∫éÁV¢@Õ#=ç¡\V∏¢Î:Zk îR«ëà`G "ÇÆÎh≠ëô¨¥†D°D†Ã
9%≠5J-<PkçB°®ê$câd& ])‹oò ä
–'î∆©1Øsíëé∆8B)–ÃÁs^Ï%^ÇÕç~˚◊~ç››]˛∑˘≥?˘3˛‡e˛Äó{˘óÉ˘úRçgJ»‰≤R Ä¢ nô…˝
…e\—Å°J°≠„‘ËÁAWPx†2+
˜˚É_ˇmæÌõøõo˛ˆØ†µBÊ@D@“ x∂Ë]Ö—\@)Ö°5 ∆	:A‡*¥l†§†n†©–2È#¿–ƒP˜+@£@£G ˙⁄”◊ûNh ¸≈üˇ-˜‹}¥ªªÀ—·˜K
D·~]ﬂ h42∆±qøÙHD êô¨Vç˚˝ÒÔˇ1œÖ‡ﬂ®πÒ@Õ¸ªeˇ^„8íôd&ˇíÌ≠m 9:8‚~]◊QJ°µ ] „HkÄ÷•Z+<?ÕP√0 0é#óeB&dÚ‹Zk‹ØÎ:"Ç˚µ÷h≠1é–óïî]•@)–óµ≠—‹€Hscl#cYM+ö/äø¯„?„€æ˙¯ã?˛3˛ªΩŸ[º5/˝“/Õsõœ!∆ëÀ˙⁄0L 4†H`‰YZk<∑yÖÆ|µ÷h≠—u]◊—ï¬ïR»L®M#mÈÊõ√¿8é‹oÜa ‡ê÷ ≠5"Äà‡πïR∏_)ÄÃdG J)¸Gh≠–ZcGàÄL»ÑR 2°Î∏ﬂ0Ò,„8RJaG2Ä÷ ôI)Öà‡Å"Ä÷ @Éúí65J-¥©–Z£µ¿ÿF«C«C ∆q$" h≠–◊ûg	 πB<èà†®–‹ËJG&î≠Ò¸∞áÒﬁ¸¡<˙—èÊ£o˚Êo„˘â‡≤÷†ÎxñÊBs "x<P<KW]-º(æ·+æöo˚ÊÔÊ>¯ΩyA"xñ.ÀÑ±qYD êô îR(•PJ·9∏qY¥⁄»Û’x∂√î<∑»‰yDœmwwóÁˆø˜¸¡Ô˝˜ãÄà‡9Dœ-"x~˛ÏèˇåÁÉ‡_©®PT hn4Û,ºHí‡πeˇQZk<PD<–ˆ÷6˚˚rtpƒsãJ)0é\÷u–ud&„8røR‘c„≤û√0–óE@)¥÷ «ëqâ∫Æ£î¬˝∆q$3)•–u–u\÷≠¡8¬8B&å#å#å#ôIDPTà∫“—ïéÆt D ¡s˚Åo˛næÌ´øÅˇnèx‘£˘ËèˇdÒ®GÛ¸¥]]«e√4,Ö+y∂H»LZk‹Øô™Î: 2ìq9GÜL∆÷[£µFkçà "∏_N õõõ √ ¿ÊÊ&„8rxx»˝Zk d&Aft]GDêô‹ØµFkç÷œ≠µ∆ø«ﬁﬁô…8éd&œ ≠AD@k<?@◊ut]G)ÖR
˜ãJ) ¥÷»LJ)¥÷»L† 	å–¶F7Ô (µ êôd&˜€¿ê•Óóô”¿0ÙµßØ= †pYF@ôID –‹Ë:Ë:Ë:(ÖÁÒ÷o˝÷ºı[ø5ˇ}€7œ-ìÀ∫ZÉ¢∆øU–◊ `òíqjº ﬂ_Õü˝—Ûr/ˇ“º‹Àø4˜+•£µëÃÅÃÅ±¡ÿ†àÀ2π,ÇÀJ)<Pkç÷AfÇœí	 *¡˝˙ûØ‡˘ ‰≤ûCfÚoë…≥d& ôIfë<?¡˝˛ÙèˇîÁÉ‡_©πÒ@E\VôºHÇ‰πE$…øVFOFO+≠tîR(•–Z "»L2ìà `{kõ˝É}ÓºÁNŒﬁsñ*∆∆J!"h≠1é#„8røÃ 3 à‡Y˙æg«JÅ à 3Y≠VD ô…˝2ìq)•Dœ◊8Bk\P
t]È(*<∑Ã‰~@◊u ¸›üˇ5ü¸˛Õﬂ˝˘_ÛﬂÌèz4oˆoÕR
î¬≥ÙµßØ=}ÌÈky^h<K)ÖR
ô–Õ–Ã≥Â 90é#‘G–GpøR
•ÓWj@‘ûR; ∫Æ‡ê√√C∫Æ£Î:˙æßîB◊uîRh≠ëô å„»8é<∑R
˜k≠—Z "∏ﬂ·¡>ˇV≠5J)D]◊A&dÚ,ôê	ô åœ2N0é#≠5ûü÷• J) ¥÷h≠QJ°Î:ÅëgÈÊ ›º†µFkÄÃd»ÅÆtlvõlvõ d&œmòû•Ò2Çå †πQT(*d&„≠A&/–£˝hﬁ˙≠ﬂöˇm˛‚œˇÇ?˛ÌﬂÊÅZÉû•π–\ (jºP*<?}ûünﬁ_Ò’¸Ÿ˝1 ¡ÔÕµ6RJGk#˜+‚≤LûC3¥÷∏_kçÃ$3)•–FPÄ^ò! íI&¥÷xA~Ïáå‰˜à‡9Dœ-3∏_fíô<∑?˚„?„˘†ÚØ%h4WD·9$œ“‹ËJ«•ìˇH-Äh"i<S)¥v»–6Èk êÜÆv¨V+Óº˚>v/≠8~|N´œíç˚	ê\—F Ë∫éqi≠1L∞Ÿ52á#tj@·~≠‹o>üÄπlG ÊÛ9 ô	@kçq)•–u h å#ó57 
Ö—+"zä:0W®–¶FÒä˚†©  äGûe˘Óo˛n˛˙èˇòˇ.Û˘ú˚ΩŸ€Ω}¯És "H"∏,= •tÑô	@kt\ë–hÙ—30–G»T à ≥å„!ƒ&ô=óe†Mç±A◊çdB)–¥÷h≠—Z£îô•„~„8–uÛÕ9„j ∫‡~¡˝"Ç˚2ÄÊF…BQ!"»L"Ç±ç¥÷∏¨lnn¬¥`5≠€»sÅWÃôWXîÄR
A)Ö’jœñêôD•p£¥Fôo“∆ë“b÷QT€Hs£SGfrøÊF= -ÛŸHÆËÄ‰äÖ¬·xHﬂzîR»L Zkêêô1–‹(•  
47 0 †B$óçm§	ÊuŒ˝∫“1£%
A[èîê	crŸKø¸+3üœ˘·ˇaû√ƒˇhﬂ˝ÌﬂÕ+ø˙+søBÓ(µ£y§®—\h.§ìà†îBkçÁVÕPêŸsYõµ„Y&¯≤œˇ˛‚èˇÄ¯ËÉ˘úq5røVWZW`Çfû•– »]-¥!°Ç"Ç÷•∆ıH«äÁ÷¶F¥“P ‹h
ä
ò+4
≠5 JÖ∆s…∆≥ÃÊ‹ÔÃôÎxO‡˘˘Éﬂ˚ﬁ‡œﬂÄó~˘ó¶ûe§pY"Ä…û-∏¢'s‡¯Ò„|¡g´’äÁÉ‡ﬂ <_Õç˚2ìˇHMçÁ+íÁ† &„‘¶†´Ä›K˚ ?∂Õ|Î8ˇíR:JÈ (•0é#•∫Æ‡pÑ!°+êôå„@kçR
•∫ÆcGZkå„»jµ†Î: ZkD≠5∆q§î¬˝2!∆öc)* ∫nìR: Zk¥÷h≠ëô å∆á#å„»8éå„HfÚ@˝˛Õ_ˇÒÛ?¡õΩ›;à«ºcâ"ÄÆ„Y"xñR:Z«Ä÷œ!Å∆eá„!}Ù<K∑	•É“QJGÊ@Ê¿|~Ä÷F ∆Òê".tÖÀ"xñÃ§îB◊uDDpô¥ë˚ç„Hﬂ˜îZËÊ•rJÓóô ¥÷»LZk‹o»Å√ÒÄÊFs„Åä
ˇ^ª{{ D• ∫Æ#3…LJ)îR∏_kç÷—˜‹/˙û˚EÛ:ßîB◊u t]«ÿFÜr`l#4 Å‡ä‰ä‡≤√Òê˚9–Z#"∏_fÚ‹Zkå„»eÊyu@	}Ù lvõlvõ PxEÄÃ§à‡≤ûeˇ“.7ﬁ¸`>˙„?ôG<Í—¸oÚmﬂm‹ØM#˜k”@s·~Af“Z„y∏Ò@ô<K=œÌ´øÏÀ¯ã?˛3 >‡£?åó{ÂW`u∞‚˘jZ„πuµ –’¬85äxñLà®+–Ã≥4sYW¥ëÀ"x~J)‹oGûüfàÄûÂœ˛Ëè˘≥?˙c^ò˚·„âÄL»"íÁñ9—Û/ ¯∑<è¢¬57˛#ûG$œ√#®£´ÖqjS∞{iü›Ω=˛%C& •t¨Vª¥6–Z„~ô…f«≥Ù]◊—u •ÓWJ`G"ÇR
@kÄqË∫éà "GhZÉR†®–ïéÁßµÄq…LZké0$…Ûà æ˚õøõè~ˇèÊÇG<Ê≈x≥∑{Òò†®êô d&„»Û(•„ÅZkîR(• @(–Gœf∑…êá„!œ“FÓ◊uõDÙ‹ØÎ6…∏_tÖÁ+" «ëÃÑLpà ` Üa`u∞¢‘B7Ô∏_fÚ@≠5J) éáÙ—0∂ë¢BQal# câ˛#µ÷h≠Ò@„82é#≠52ìR
•rh„@EÄ¢@kçq(•–ïé>z˙ËŸÏ6°ºH†Ò|e&˜ã"ÇR
 A◊ut]«e‚ä t<[ÉÆt 9p8@ P†+As£π•pY&œ◊õΩ≈[ÛàG=öˇ-˛‚œ˛Çø¯≥ø‡Ö)j‹/"»L.ã‡2P†öy°æ˙Àæå?˛É? ‡Â^˘xπW~®Mç65h2 ì⁄›Ωá›É]-åS£´Öfû%2ì˚µ÷ (‚≤f(‚≤fû-⁄@f“Z„πïR(•¿»s(‚≤±A&ˇjÁœÔÚ@–c„Y2É÷
≠Ó◊⁄H)ø˜€ø«Ô˝ˆÔÒ¸[/í¢¬ÿF˛345^(èÙ5ÿúwÙ5ß¿Ó•} éÔÏ/im‰πïRh≠—Zcl\∂ŸqYkç˚µ÷∏_kÄÆÎx~∆q‰~ôIf2é# •@)–œ“‹€Hk#„x»jµÀ82é# ≠5 ˙‡≤>xÛ˘ÄÔ˛ÊÔÊØˇ¸Ø˘ü‡ï_˝ïy≥∑{Òò„Å"Ç¢BW: 2°(ÖÀZim§îéj≠AòÜx„!¥ëjm§îÄR:JÈàË)•„~cÉ±Ò,≠A)PJ°Î:∫Æ„≤“Å
L+»‰~]◊—˜= mj¥©—¶FkÄ÷ •J)D õ›&]ÈËJGW:ö˜kn åm‰Å˘∑ L2ìq…Lû[)Ö÷„8røÒê öÕçÊ∆ÿFû[=C<K ¡t\\÷GO=CÙ—SJ·Å2ìR
≠5ÓWJ·yh¿»8π_W:(@rEÉÊ@Q°+ô\V
DΩŸ[º5oˆoM◊u¸oó˙ó î⁄Ò@ô@s·πç„»≥¥‹(Çf(‚99∞Ÿm’_ˆe¸Ò¸ /˜ Ø¿|ÙáÒo—us∫Zß¿852yñL.ÀL2ìÃ§ö°2°ôÀ2alÄ
DÄ
 ≠5 Zk¥÷ h≠ ê<K3œ◊ü˛·Û/˘áøˇû¸‰[y†±Ò,Õ<K)çR˜+•‡w˚wy!®¸+
Af$…sûG°ê$/ä »LöEÇÁ–x †Å ÛLÖjN Ê]«Ó·!Á˜Œ3üCÈ+7ûÉ-"(\¶B)«i≠êô îR h≠—4C3î
– ìRÃ≥D „8¥©ëSR(DV„ä65 ˙ËÈJ`lPÕ0é#˜K z∫nŒ˝2Ä÷ÕPÕPÛ≠9 ˝'¡w›∑±öV¸wö◊9 èxÃ£yÌ◊cZ[P
¥]Èhn47 :.õ†π—SJ«≥td“x¶	J)ÑÇ±éÙ•ßµFQ°‘•@k 05Ë:J °Î`Ç÷F ∫nìq\P
D@f#¢ßÎ`¶B_ÉÆ“PhéçÆ∆±—∆D°ÔÁ t]Pj°MÄ’õ5h@QÄì÷AD∞W ∆q§tÖÊ∆ÿF"ÇÖgI»€õõ0¡j‚
œñ¿ƒ≥¨&h…eàûüaË˚Äà‡≤H∫E@fBôIkçR
I–u ≠4J)¥÷† ≠pY=•AÙAI£—»§¥Bkç¶FD –Z£Î:ä
ËJ@kçg)<[Å’Ä>Ã≥îRhj∞P ß$" (]ÅÄd&ÕçR
 QÉúíN\ñ9/ˆ“t•„ß˙«xñâˇë˛‚œ˛Çó¯Ìó‡ï_˚µiS„~›¨qø"¿Ä"¿0ÆWDÌ)µ„2C0óuÛÄéÄ/˚Ïœ„/˛¸/∏ﬂkº˛Îq|Î8Áœü†îBõœ‚BKHCdP
óµid>€§Ø‘Ãe≠5(ÖíçûC4Cd6í0–˜Î
‰4“ÆhIòFä
0∏ –<“G0d“›ƒe„∞bµZÒ/˘Éﬂ˘m^˙Â_ö˚7 ö
 M‹@‹@Ö˚µi≈Ÿ{ŒÚB¸+57Óóô¸gà öœ#2xÊE2Ô{∆ıäÕÌ„t≥9óπÅ∏Ò¸¥÷h≠qøà  "h≠¡Ûj2h≠ëôîR Ë∫éÆÎ«ëúÄnﬁqø>z6ªM∫“16ó	„8t]G◊ut]GDêô‹Øµ∆Û◊Ú|˜◊}ˇS<‚1èÊÕﬁÓ≠»ÑLGûGQ†πPT hm†µ2y†R
AfRJ!"òœÁ îR †Î†.ÀÑË:ÓWJ@k#≠Ak¡e=•t<?√îtµ–’B_ÉÆ∆ı
Ä√˝]ÜaEN…∏(µ–’¬Û3é#„8røqi≠qøÆtd&œí¸ªÏÏÏ –Z#3i≠—Zc®µ∆˝∆q§µFfíô d&A)Ä÷ ≠5û•Òº¢Á~•+D\ñ	]Û9î¬s+*47∫“ëô‹/3)•pø˘|ŒÒ„«ŸÏ:∆÷x~Zk0ËÄAf“ZcGJ)‹ØÎ:⁄‘àîZà‹ØÎ6im‰—è~1ﬁ˙≠ﬂÅˇæ˚ªøõÁñ	ôPƒsGû%ßÅquHõF^òo¯äØÊ/˛¸/∏ﬂ| Ø¸ ú?ûj≠—Z†µ∆˝2ì*µ„Eë…≥¡ÿ ìÁ0d–Õ–ÃsW∏qô
óïéÍ# Ë#¯∑¯≥?˙cûü‚FqÉ6rô®@˝¡û^Ç•¢@Dü%3yÅ"!2 ÉgI˛E´a`s˚8 „z≈e*<áû%ìÃ‰~ôIfå„@W∏ll<€8B◊A≠52ìà`G2ìR
˜ãtÛéq52ÆF˙ËÈJ«ÿF∆62$	CrY◊uîRh≠—Z£µ∆˝2ìÃ†µ∆ÛÛ›_˜m|˜◊}ˇS<‚1èÊÕﬁÓ≠π_tD@&47ä
˜kn‹Øπë9ê90éá<KD@)¥÷»L Zkd& •"" Z„Y2aahm†îéR†.+2Zyn„‘ ßF_É˚u≥9}?gs˚8 mj¥©Qj`ú } "ÄR
•®î@s£πê¿»ç∑ÆÎ∏_)Ö˚u]«ÊÊ& • "ÇR
 AD@≠5 Zkd&„8¬ÆyN•#˙‡y¥≠A˜ÀLJ) ÃÎúÁ<∑’jEW
])‹ØîB)ÖÆÎ(• @ (êô îRà∆q$3»LJ- ¥©PJG)„xHÊ ¿£˝bºı[øˇ¸¿w7œO34sYk–Dr∏ﬂ·j≈}√W|5ˆGÃ˝^ÓÂ_éó{˘ó„¸˘Û<?•®µ@õF⁄4–¶ëx∂Ã†ôÀ2!∆Õ–ôºPÕê	<õ
D @dÇ
œO¿ˇ¡Û««º®æ·+æöâÙ◊˘ó¸®¸d& ÕçB·?CW:∆6Ú|e@$ó%/í’8≤G∫ŸÄqΩb\ØËjÅû%"∏_Dpøà 3…L(ìÁT
î≠ D „8“Z£Î:0å´ÄR cr‡äB<K3œíô‹Øµ∆ø‰ß¯á˘Î?˘˛ßxÂWm^˚ı_õÁ÷óE 	Õç¢Bs†®pøàûR:û≈#î„»˝ZkîRË∫ÄqyñR`†hJÄ÷†vî“1éádD2!JÅ÷F"z2Ó7LI_Éæ√î Ù5 Ë˚9 ›lŒ0¨(µ–¶FõQÉ†0L	@_ÉÃ†µF)Ö˚E˜+*<ãy∂ò¯wãZk¥÷Ë˚ûa8<<§Î:J) å„@)Ö˚ïR «ëÆÎh≠PJ°Î:Zk–Ä íg+¥ÄÒpdd§tÖg…Ä 2ìà`Gä
câ∫“1Ê@D ∞Z≠x†¢Ä>Ç!ì‚@kçÀH yAf“Z£Î: ∆q§´ 9%ó))•£Î6«CÓ˜ËGøo˝÷À?ˇs¨V+˛ß˙ªø˛k˛%•<¢ˆ ÆV‹ÔÃÒ„¸⁄o˝6ﬂ_Õs˚Ä˛ ûü÷•∆q$"∏_)ÄR;∆’! Q{˛%E<K3qYœ°è`»§ßE–Õ\—E@&∏An–Ä.ˇπ"xA˛˙/˛ÇïEÂYÜq‡9¨y∂¬s
(("€HW:..ÀL FÄW¥‰äÆHà‰YhÄx¶∆sóçS†„ôfs ∆qÑL"ÇR
 y¶  3àÇF&ó¡(ÆW∏Ä
L–îRh≠ëôt]Gkç÷ ô	m j@Nm, Ù•£°ô+‹h…e„80Ø\ÖÀäxN”Äo˚∂o‡/˛‚œ`‚ø’Ò≠„ º¡[ø{Ù#hçÁP† Ë6imdÃÄàB2!¢Pj çgQ¿8Bk îÆ„~	ôÙ ¨2).tã9 „≠@¡êIﬂu4ØhZ+ t›úÃCZÅéyù≥ZRJ°PÄ∆eÊ≤æ@D0é#(3X¨¿#ÛEG°–’é˚Õk«ÿFÜ†ı 47 Jûü÷•ZkîRhjêPT<≤b Py^TÆòÄi” S2N#$–∏¨õw å„»8éå„@©Önﬁ
 J) d&•(" (• Ä°e£în05 òMÄqÈ∫‹†s†5 "ÄR
≠5ÓóNB\÷ÄF◊uîRh≠QJ°eRÄ†µ∆˝J)P∏"π,"x†yù3N#¡ºŒYM+ ∫Æ£îBc zZ[0éËG?å¬[?˝c‹o5Ò? ÓÓ.ﬂÒ-ﬂÃá}‹G0µß®£M#‘@)\V(\— 8u˙:Ó˜€øÛ|≈|14üœyÔ˛ òœ(”äqÑÆ„Ÿ¶ë »@&4CWÄ©Å
]h4:hÄP
 @k¥‡ŸT °»‰
ÒlZ
îrƒeê		D( (‚94ÓWJ¸áÃãjµZÒ{øı€ºÚkΩØˆ⁄Ø¡∏@k#•tt<ßqZ«Ù«‹sœ=¸˛ï˙ËÈ£ßèû>zËÄ(<ØÑ!Ür`»Å±ç åm$3«ëqh≠A&d@È¿çëÄ‡ŸHû√·j Å
PÄÆÎ »LZkîRx†Ã "»L2°∫@Fû•µ@kçR
˜Î∫éq«ëÆÎ(•–Z#jœ˝⁄4R
tD@)\·”
⁄»˝∫Æ£Î: öy°æÌ€æÅø¯ã?„ä7xÎ7„aè~˜+JÅRÄH†	≠çd<P&¥„»≥eÚ,≠A)–uôô ôå≠p8é îô\V
Ùô ô å#î•@k# •t ¥÷(• t]«µ÷»LJ)‹Ø‘Bõ9%˜knåmdwµ@=C åmdl#TJ`G Zk ¥÷∏ﬂ8é¸{ÏÏl @ (0é# ]◊—u•∫yG7Ô »L∆qdGZk t]GfRJ°îB)Ä÷˜+•–Z£µ@kçq)•PJ!"« 
–ÄÑR
•ÓWJ°î@D@]- å„@kçÁA)ÖR
•û• h\ñôd&As 3€H)Ö˚µ÷x†à ìÀJÅ’
ÒË„Õﬁ˙¯üÏœ˛Ëè˘≥?˙c ⁄4–¶ëR;ZÉ÷†5G^†?˛É?‡´øÏÀxn/˝Ú/«Kø¸ÀÒ@]„»≥4C&åçÁ+ÇgkçÁ—œA ‹ »‰ySP
¥„»≥dB&œüD Ä
‘Z„ﬂÍ˚whm‰Å2ÄÃ$3πﬂˇ·Û" ¯˜*@:†: ÄË†èû>z˙ËÈ£ß®PT hnîR(• PJÅ(œ¡2!ìÁ+Ä‰ä‰yÆFÓ\—x∂ÆÎ «ë÷œ-"»LZk<_W$óµ÷(•–ZcGJ)¥÷h≠1üœ«ë÷]◊QjGN9î⁄—u\ñ	´‡∆e•É:ßîB)Ö˚ç2π,ìÁÒmﬂˆ¸≈_¸ˇú:}Ü7xÎ7„aè~‘œ÷ÄH.+• ¢ßÎ6)∫JÅÆ∆2°5G(Ês »dlç˚ç≠0d≤Ÿulv ≠¡8rYW
˜[†Ë:.«C"z"z"zÓWJ!"∏_kçä ⁄‘àîZhS£πPTàÓ7‰ ¿·xHW: Ü∏_kçqâ2ìÃ$3…L2ìqi≠ÒÔñ\@Éa∏_ﬂ˜tÛéä∫Æ#"«Ä÷ A◊u¥÷h≠qøqi≠PJ°µ∆8é ¥÷h≠Ò,ê@„≤q…Lû[fÚ@á´ëqy≠Ak P
„82é#œ“Äû%"àJ)d&As£π—Z£îBf2é# ]È »L"†.Î:.{ƒ£_å7{Îw‡≤?˝√?†õoí”@Nm…ÑL»‰yÃÁõ ¸Ò¸_˝e_∆s{âó~iﬁ˚É?ÄdyñÆ@óEpY&å2°ô+2!ìÁ+ ¶œ≠5ûeòÄæ •@k<K4sYDπÒ@•˛ΩJÈhm‰~Af“‹hn‹ÔèˇËèy¸t•„y4†ÒlçÁ–ïÄà "(* "Çà‡Y⁄»≥îégâ‡ÖJûì`ú„‘∏ﬂ4Æh<[DPJaG∆qdG "ÇÃ§µ@3tÖÀ2Å‰äd&å„Hf∞Z≠ Ë∫Ä6çDÌâ⁄µga°5ÆP h#≠5Zk‹Ø+–(ÇÆ,ˇ˜ˇ¿g˙gÛÒg¸OÒàGø{Ù#xnô<Ø‡≤q<$¢`π_◊qE◊Att¥≠A◊A◊±Ÿuå≠1d“ï@¿ÿ˜+ZÉ±5˙ ∫Rh"†5hçÁê9 –ZcG2ìqÈ∫éR
˜k≠ëô<P‘†õwåmdl#cπﬂê˜ÎJG=õ›& ≠5 J) d& AD@• V¨¯◊⁄€;ÄF.Î˚ûW#„j§Mç65∆q$3«Äà`G"Äq…L∆q§î¬8éD˜k≠ëô Dô…˝Zkê¿»≥å„Hkç÷ ¡sÎk0LI_Äà  3†»Ñ÷à"ÇdG∆q$3i≠êô∫“Ò@•Ó dBk\ñ…≥<‚—/∆õΩı;0üœ˘üËœ˛Ëè˘≥?˙cJÌh”@N –u–u<À|æ…Ò„g¯„?¯æ˙ÀæåÁÁ›ﬁ˚Ωyn≠Ak¡eÕPÕ\ñ	ô\¡e]·ye¬8¬j≈≥¥m»ÑLÓW
¥√î<PD@◊Ak\ñ…s»Lû•tº ]◊Ò««¸Ò¸1ˇZ€ø«¸ˆÔ—uõî“–⁄»ÿF ä
EÄ?˛£?ÊEDÂ_+`Ù¡e≈ÖÀÇ+Wö mj tÍ (• 0z$3π_!! íÀ¿ç"¿<áÅ¬e¡eŸ∫Z∏ﬂ·z‚Ÿ\ hn‹Ø®@@D å„»8éîRh≠QJ!"=2rEsÉÑ¢¥÷Ë∫Ä÷• 2ÄR
≠5J)d&A© ≠5∆qÑ∆≥(4.P( å„H◊u0Ë¯Ò„¸Ò˝_˜’_«eˇ≠Êu¿#^Ï≈xÌ7~cöôID P*ÄLhçR
¢„8öìô¥÷(•:Z)•F
œ6dR‘PÃeòwdBkî:gòFJÈ∏¨Ak#–qôaòÄæç˚ÕÁ–¶M∆Â!•v\&Ë∫éÃ†îB)ÄÃd5AWEA“¡eôPúÑ äEÖ˚ç„»äA)
óµ÷ h≠—uô…e	CÙ—”© ´’
X¡
òF®\1¡0¬j≈eÛ˘ä’
Ü!ôœÁå•—∆F∂§€ÏhS£µ¿··!L+JÌ(ÃπÃ–≤¡tP\XM+
ÖÆvå”Pa5≠(2ì÷•:u¨¶}Ù»L"ÇR
„4‰îDQÄÃÑÄà†î¬8é§ahêÜ°A◊u d&A£ë”H◊u¥i†îBkç÷ ≈Ö±çt•„~•"ÇÍJ¿8ç¥©—Õ; “I:âZk†.GÄÄ÷èxÙãÒ∆-˘Èü˚ûeZÒ?≈?¸Õ_Û
/Û“ÃÁsû•ÚÆ;}˜˚Éﬂ˛æÓ+øí’j≈s˚Äè¯0éü>Œ∏π_D@@&tF\÷h∆∫ä∏¨5Æ(Ä Õ@ÅúÄa$“≠PJ«˝Z[qø÷†DÅÆ†Õ<[∆ë@+∆]-‡@k<'Òú ú´ﬂ˚ıﬂ‡Â^˙%x†R:Z(•Éu„è˜èa‚EA("xAÊÛ9Û˘úˇLck åScúá´2!2!ì** 472ìÍ∫éR
≠5Óóô‹ØMçúíR
 ≠5Ó◊Z£îBkçqÈ∫éa8<<†µ@)Ö÷„82é#óu@t@Ü)«Äqyn¸G¿W≈óÒ?…#^Ï≈x≥wx ∆6PT(*ê	ô•–Z`G J)D]◊—u •t¥6RJ«ı î¬e≠•@)Û9≠çd¥6Ú@≠ç tµ 0NçaJ∆ëÀJ·YJÌ h”Hf2é#≠5"Äq«ÄÕyG_É ÑL.Î∫éR
ô…˝∆q†µF◊uD„8–ZcGJ)‹/3h≠1‰ ¿êá„!ˇ^ml‹o<«ëÃ‰~•vDÌyAWá‹oúF Å∆≥¥÷(• p8rø√Òêqâ2Ä÷ôID 0∂ë±çd&˜ÀL∆q‰~„8êôd&ôIDPJ "«ëÃ‰~•J)<–·xH)Ö÷47V”äR•rJ "Çj∆ëÀJÅà†µ¿jµ‚—èzo˝o∆ˇDø˝ÎøÕãÍ~ˇ¯≤/˛2yn/˜JØ¿ÀΩ“+  DôItö°Z„≤R†5G(ÖÁP
î≠A34C&Aœaim§µëZ≠∏"ZÉ÷`°5h ZÉ»‰Å∆©1Nçqj¸Kû¸Ñ'oı‰'<ôÁ÷⁄»˝"z ˛¯è˛ò¡øQS„~AD <∑˘|ŒÌ≤x@◊ut]G◊ut]G◊ut]G◊uD ›º„~]◊DœOW]-S2NçÁ6∂ë±çd&´i≈ÿF∆6êô d&•Zk îRx†65rJ∫y@kçÃ†µF)Ö˚u]«8éÙ}œÒ„«)•pø÷„8“Z£Î:J)<áÑaJÜ)9\çåScG^ê'¸√?’_Òe¸OÚà{1ﬁÏﬁÅ˚u•£+Õç¶Î:∫Æ†îB)Ö˚ç„!ô„x@W
 ]) ¥∆e]å#å#d¬8RJGDœ8røÃÄ÷FW#‘uê	≠AkPjG7ﬂ‰Å∫Æ`GZk¥÷(• 0L…0%]- ¥≠A◊A¥÷∏ﬂ8é¥÷ h≠0é# ]◊—Z#3âZk<PkçR
}Ù<–jµ‚ﬂ‚Ëhè££=rHrHÓ◊Z#"»L ¢ˆ‹ØM# $PÄ∆i`òû«≠5Óåm§èÄ>zJ)îR∏_)ÄÃdGö ÕÄÃ$" àZkîR àZk‹Øµ∆˝"ÇÆÎh≠ëô¥÷h≠1∂Ä√Òê>z J)<PfRT(*‹/j 0é# „80üCdBk\÷uÙËG=Ç∑~ã7„¢ﬂ˛µﬂÊ˘ôœ79~¸ ˚¿ó}ÒóÒ¸º‹+Ω∆E Õç±A3œR
dBkê…e≠qYk\÷¥∆eôê…ec„≤Æ„≤.À∏_k0é<[&dÚ<ZÉL àÄLG Ü)π_Nê‰ƒÛ«ë'=·	¸[ù?wû'?Ò…º •t¸Ò˝1ˇ
ˇF≈Äà†îB)ÖR
 A◊u¥÷ ÿ››Âû{Ó·û{Ó·	∑ﬁ ùgœrÁŸ≥<·÷[9<<‰ÅZk¥÷ (•5(µPj°Mç÷ô	@D–G–G–G 0Nçqj<á à "à ä
]È(*D˜Î∫éq(•–Z£µ@õ9%QÉ65∆q§îB◊u îRh≠—Z`GÓ7é#A◊u å„H)ÖÆÎ»LZk ê¿4û•´ÖÕy«··!ááát]G◊u<–OˇÿèÒ?…+ø˙kÛfÔ<PQ·˘*ÖÁVJ†µ∆˝Zπ_Dœê…ÿC&á„H◊Ò,„»≥E@kå„!•tt›&„x@DO)˜Îk–’¬852!2!⁄42Æâ⁄Sj¿8ét]«µ÷∏ﬂ85W#} ∫ég)• –uœODPJ°î¬e&œ-"ËJ¿ÿF∆6∞Z≠¯◊8<‹ÁÅ⁄ÿ à>(•êô¥÷ »i †M#ó5ÆË∏¨´}Ì¶œ÷∏¨î¿8é<PW:"Çqi≠—Z„~≠5J) ∫“—‹∏_kçÃ§î¬ïR∏_fíôd&ô…˝"Äq8ynôIf 47"Ç®¡ïR∏_)ÖqÑL.Î:»L∆q†î¬˝˝®G÷oÒfÃÁs˛'πı©∑Ú‹ÊÛMÊÛÊÛM˛‡˜ˇÄ/˚‚/„˘È∫éó}≈W‰Å2ìÃdl# ê…e≠¡8BkP
î¬s»‰≤L.kÜfhÜqÑq‰≤L(•£µëq<dGhJ·9ç#¥„ô0é–å#d@kÆF Ü)¶§M<KN0é#˜ÜÅØ_¯π_‡«C˛¯ˇò*ˇÇÛ˜úgu∞‚~MÖR: Z)•–óÛ,Õç±wwW+.Îxñ˘∆ú≥w=rø66®®pøqZcs>Á~+û©5(¶•vDÌÈjaú *`(‚äÄ¢¬≥$t•£µ∆jµ‚~MhcÉÑÆvå„@◊u ¥÷ h≠PJ°µFDêô D ôIkçR
“	ÇFÉ‰ä}Ù7Ë¯|Œe´ +Æ¯Óo˚6nΩ„Vò¯o5ﬂöàGøØ˝∆oLk#TJGkçR
 crY7Í(%àË)•£µë¢F©ÖÙµ£π`^°∆}ö°ViÙ4:.3‡$¢†î JÈhnî“1éá≠A◊ JÈÄÄ‚F©Ö±5P†õœ…i `4óE¿j›ÄÛ:mjÃ+¥i§Mê9êösøR;h		ôIW: ∆ı»˝Üi†î¬µ÷hn0¬—Íà®¡ºŒW#Ã; Váá¨VPaòòxñqX≠V Ï¿Ò„çÆ€†µë∆
≤£¥M∆6rø÷•Ù@pøÊFiåm$j0¥ƒecétÍ¿–‘†AkçR
≠5Êu≠5B	≠5∫“ëô¥÷ (•pY@°ê$•:5∆±QÄa›(ïÁ–u≠5^òR
„8p8–G@DpøqâDc)* D	
ÖÊt•Ä∫Æ1é\6éPJ„~≠5P`»‰—èz„z¸¬/¸ˇS¸ˆˇ6/˝ /Õ+øÚ+0üœπl˘ç_˛æÓÎøé’j≈ÛÛnÔ˝ﬁº‹+Ω´Éœ¢∆≥î¬ÿ∏¨Ja$ÄÆ∆©—’Ê≤Ä†0Ú⁄4≠ÒL( ¨V+P“’é÷†5i<Pc§lmjû≠¥F∂FW
ó’é6Ò∆i‡	ˇ<˘âO‡ﬂ„Øˇ¸Øa‚˘˙ã?˚3˛¯èˇò*ˇJ„xHfGDOÊ@f!2y¶@f l?Œ≥≠ ÿ=øÀÓ˘]Ê[«Y≠Fû≠Ò@Èd∆q`‰9ïR†5 G®–¶Änæ…85^ò÷ •Zkå„»˝J)4`îZ àÓ◊Z#3âÓ◊Z£îBkÄà†îBkÄÆÎ»LÓ7L„4“ïé>zû€0% ÖÁı›ﬂˆm¸ı_¸ˇì<Ú—èÂ~ô=•t¥÷∏_kÄà`l#]ÈàË…«CJÈ 
 ôP–	∆´	ä†+ê	]Å±5Ó7dRíÁPJ·Å∆6åm$ï å„!]∑…˝Zπﬂÿ†ôÀäx•v¥6R
¥∆Û’⁄»˝"z“\6L…exnCÙ—3‰@fêôD• ä
 ›º†Mç®¡ø≈·ÚêÕ≈&˜+•„˘)•pøúÄ(Ascl#EÖÃ$"»L∫Æ£îBkçR
•Ó7é#@kÄÃÑÑ¢Bf‹Øµ∆˝∫Æ#3i≠0L–W.+•–Z " «ëÆÎà2Äà†µFfíô‹Ø+˜ÎJG£QJaG 2ìÊ@D0∂J) t•0∂FW
 ≠çD¿8B)\V
óµ∆≥Ùé#èxƒ#xƒ#¡ìü¸d˛ß¯„?˛c^˘ï_ô˙≤/˛2˛‡˜ˇÄ‰•_ÓÂxÈó{9⁄‘(µ –¶ô\¡s(ZÉR ¶§´Äqj‹ØÒ\óïRh≠QjGõF JÌ«˜Üîé
Ò,•t ¥i‰~9Òä∏ÏpÈ#†≠∏_7õÛ<Ãø€7|›7aÒa<∑ø˛ÀøÛØAØTJ@Ê@D@&œ#"xaéü:ŒÒS«˘◊:\≠8Z≠xaJÌh”¿Êº„Åöcπ_)Ä’j≈8éîR∏_D @0Á≤q(•–Z†µ@)ÄR
≠5∆q$"(•–ZcG"Äà `ò ∫⁄—G¿êCS2L…Ú›ﬂˆm¸ı_¸ˇìºŸ[øèxÙãqøàû˚ïR «ëÃ$"∏ﬂÿF2Z)•„Åö°2π¨+\÷Ã≥d¬êI¡Û¡8éå„HkçR
 ôIW:®îéq<d» Ë
qYWxm…Ñ÷ JÅyù3∂ë±ç47 ∆Òêq<§îéÆ∫ZËk0NçÁßèÄ>z 2ìÆÎ(•–‹∏_s£Mç65rJrJVáá ¨éé¯∑äË«C ∆q§µFkç65rJÓóôåm§+¥÷h≠ëô¥÷∏_kç*•PJ°µ@DZk¥÷ Ë∫éÆÎ»LZk óu6Á\6üœÈ∫éR
≠5ÊÛ9•(3«Ä÷≠5J)lvõÙ—0∂ëÃdG J) t•£+ôIQ†π0∂¿ÿckdB&î¬e≠ÒΩŸõΩèxƒ#¯üÍÀæ¯À¯Éﬂˇ^êó~πó„Ω?‡ »)iS„Y" 2aµÇ÷†5hÄqj‹oú √îÆFÜ)…)…)W#9%ôIf2é#ô…∏: ßÅqu»˝Üa@_{Ó7Lôôô≠ç‰4ê”@N9¥©ëSíSíS2d2dp8é√ä˚çÎÙÑ«=éˇL˝WÕø¡ø‡œ˛¯œx†÷FZimdiçÀZÉ÷xñÃ$3yaÊã9«èoÚ‹ä
EÖ˚ı}œ˝6ÁsûCkP
œœÍ`óÆ6Ád&´iEkçÃ†îBDpøÃÑ$0¥÷Ë∫Ä÷ „8RJ†µ@kçq)•PJ°µ∆8é å„@f2L}ÌÈk¿êC Ù—”◊†Ø¡ÛÛ√ﬂˇ√¸ı_¸ˇSﬂ:ŒõΩı;àGø˜À∏ﬂjµÀ8é t]GD êôD‘⁄Hk#Õ–ÃÛAdÚ,}˜Î#  JÅR à®πDÙt›&≠çî“ê9—3éáåö°VDÌ)µ„~P
œ2∂ë  (•£µÄqj tµ–G¿ÿF«CÜ8r‡~AkÄ±çåmdl#ôIN…∏iS£MÄ’·!´√C^TGGG.9\2éáå„!≠ç¥62é#≠52ìq)µ–¶∆˝ö]È(*47Zkd&˜«ë÷„8“Z£µ∆8é¥÷(• –Z£µ∆˝∆62∂ëÊ∆e&„8PJ†Ø\v∏Ç√¥÷h≠∞Z≠ h≠—Z†Î:∫Æ#" h≠qøà`l#]Èx†÷ ≠5 2ì±ç47"ÄÃdl#])t•p8éé#≠Ak<K)\V
óôt•0d“Gpø7{≥7„ä?˛„?Êèˇ¯è¯≤/˛2˛‡˜ˇÄÊ•_ˆeπ_õ mjîZxñ(∆∆∆∆ëaJÜ)¶dòíqjtµ –¶Fõ mj¥÷ h≠—Z`\“¶ÄaX1+∆q¿0Æ¶Ä÷FZimdi”HõF⁄4“¶Ä65⁄‘hSclç±5∆÷ ◊+Üa≈ÛÛÑ¯˛#¸Ÿü¸ˆ'∆˝ı_˝5ˇT˛´i≈j‚Yä
œiÑÑÆ EÖÊ@D≠ë$ Aê* 47ä
Õ\ "A–‹∏ﬂäF$tã9 çqIèD#Ö†ë‚ächÜ˝ÂH◊uîí√ • •t¨Váå”»Ê|Ä—#ThS£µ@ﬂı” @_z J)”@:È∫ÄÃ‰ÅJ)¥÷h≠QJ°Î:äGZkåÀ•Ê—Ak î©@i= Ä¬8é‹oÛ¯q ˛‚èˇå?˛˝?ÜâˇVÛ:Á~7?Ï¡<¯·fúâ⁄–åáP:J∑	n‡ÇR°9âêDÅ6çîR∏_õV–u‹Ø≠Òl.<qYâ†ÕIÈ:⁄4Rj4Ji¥≠çê@4í	ôIkçÆõ	9%•kî:Ä÷2[£–QhS“◊é6%Ö†tp∏)Üà `\èî“SJ¿86∆±qø4CQ!ù ≤çdY1“≠5 ∆q†—∏ﬂÍ`≈sZp˛`Ä25éˆèx†››]P`˚ÿú˘ÕfˇpÄyÂ9’9 ≠5VÀCÊïÀ⁄ƒuŒÿFFF √8Pj·~]È(.45 J)¥÷xn•∫“ëôåmó5Th4XZB)@Ú,„8Ú,ÊYJ-¨¶m‚≤R°¥¬ê}Ù∆2“ZÄÑÖjn ä
I“‹ (•0z§Î:∂ô	@kç∆—
  ¥é—P‘—ûÂ≠ﬂ˘≠˘È˛i˛[M\ˆ’_˛’lnnrxx»Û¡˛¡ºÙÀø4ªwË∫MÓWh@A´m…i‡äë®ANIõ•v ß∆#œaÇ6Ò,´©qøqjSrE·≤q`úF ∆ söxNu≈Õ'ûC£–÷#c„≤˘∏‚~«Oá[˘wY≠V ÏÌ±{∞À˝ŒÔûÁû{Ó·_â øCs£®–‹ π,I ö$ó5ÖBí 47ä
œ!Ä±uD$ ôA0Ú@ô	@kçà ÇÁ—Ã≥≤ππI◊u√¿≠VÃkO_{û[N	@‘`ò∆i§´œ-"(•–Z "»L"Ä÷ ¡˝2ì˚eBóuåÙê ¥ë¶éà 3πﬂ_¸ÒüÒm_˝¸OÚà{4oˆouNõFr (›&ƒ»≥î≠A&tL…u]«8ét]GfB◊Ò,•@kP
 ¨VP ≠çî“qø„õõ Ï¨h”HN 0é•@)–dBîR«ëR
•p†µ@C&õ]«!0L	@_ÉaJ®´ÖGÓ◊u•V´]◊—Z†µF)Ö˚ç„»0Ù}@7õ3ÆW‹oµZ1üœyn´’ä˚≠Vá å”ä˚Ìr|>ÁÖŸø¥À˛Œ.˜ksééVllÃ(µÒ@´ı»˝Ê≥éqπ_◊uîZhS`\çtµ£+ cinîR »LZkîRË∫Äà †πqY #–qE(<Ø‡≤÷˜+¢ mj¥âgi¨¶C∫“—ïég)\Q C)Ö¶î@Dêôå„H◊uå„H)ÖÆÎ »LH.À¯óºÙ£_ﬁ~˙'~öˇ	ya^˘’^çó~˘óÊÅ∆©–’¬0%œ+y~¢mjS“◊`òíqjF¢9% ]ÌßÄÆv<–0%9 DÌi”»Û0‰0}œeçÁdû√®‡95⁄4íµ#jµ‡ØˇÍØ˘Îø˙k˛£¸Âü˛%/˜
/«˝˛ÚOˇí*/Ç?˚„?Ê^˘ïyaö/™¢Bs£® Ä˜ÎJclIDBB14A¡˝2ìàB&ó5sY4Û,ááálnn≤ππ…·j≈—j≈·j≈ô„«…i‰πµ©—¶F7ÔËkœ·ÍêÆvlŒ7W# √4 PJ°µ@◊uå„HDPJaGJ)D˜«ë÷• "xñLÄ⁄•É“ArYDPJ·/˛¯œ¯∂Ø˛˛'yƒã=ö7{á∑†M#9DÌ…iÄÒêÀ¢Á≤÷†h∫éæ√î Ù5( J)d&å#î–dB& î¬µ6Rj ∞{x¿Í`üR;¢ˆ<P&î≠A)\ñ	– àZkå´ Û˘úq!Ç>Ä>Ç°%√îÙ5∏ﬂ0%îôDôIfRJaG ZkîR h≠ëôt]¿0êçaXqø±qŸjµ`µZÒ¶∆juƒ˝J˛µˆˆvŸŸ9¿——
Ä££ ]πﬂ|cÉ’00Ô{V√ @£—˜= „89%4∂ë¢Bs„Å"Ä÷ ]◊1∂ë¢¬≥$W¨Ä4Æ(\QÄ	 h≠PJ°µF‘‡~„jÑ
9A7á6Ò∆6¬ Ä*óE A  I“Z„Å"Ç÷]◊ëô d&≠5BÖÃÄàh¥∆e•@õxñ›˝Û<˙1èÊ—èy4Ox¸¯üÓï_ıUÿΩ∏Àsß@Wî”¿˝⁄4–¶F©ÖR´U„Å⁄‘ hS`òÓ7L–3NçÆ∆©¡4–¶ëR; ⁄4Ú‹⁄8ÚÇîÆ„~á.‹Ø´ÖB†M#Wt¸g¯ã?˚^ˆœ^ñó{Öó„/˛Ï/¯ã?˚˛®º˛ÙèˇòWxÂWÊ~Õç˚57ûü¢@£Q(4 ÖBs†πÅœAçà‰~@rY$d&¿8éDÌhÜ"û•ôÁ1]◊±9üs¥Z±9üÛ¸¥©0ﬂö”¶∆0tµ£Ø=ªª0AW; ˙⁄3¥ÄR
„8îRh≠—Z£Î:Ó7é#òœÁ¥÷∏ﬂ8Úl(îôD ˘« ˇ4è|Ï£π_© 9\=œR:0–î≠AÅæ]-åS£µF)Ö÷Aã‡≤LhJÅ»Ñ0¥6í9 Pò≥G Ê]G©mà⁄ì	ê	„»≥¥•@f2üœY≠V t]«8é¥÷Ë∫é±5«ëM`»†Ø¡0%˜ß∆˝
å„H)Ö÷œ≠µ¿8éîR«Äqó˚<–j‚≤’j≈Û≥:ÿÂÅÄ˝ÉC Œû=ÀãbooÄ“Õy†yÂ9ïé’z`µôœÁå„@◊uîV (µ5∏_s£®5»LZk ¥÷òœÁ¥÷∏_s†®–¶œ©pE*P∏¢qY)Ö’j≈|> ß‰π≠†õCW: ∆6rY·äëÀ¢∆q " !3hn‹ØîBkçR
˜ÀL J)îR∏,!¢ s 
•@dÚ|Ωı€Ω5?˝?Õˇ˛ßzÂW{5^˘’^ç››{8~‚8œ2qŸ85Ó◊’¬˝VSGõFJÌËÄqµO‘†‘¿&¡0%}˙4Æà) ò3gúF Üi †´Ö˚ï⁄µ'ßÅ˚ï⁄µ'ßƒs2óEÌ»6}O—˜Ã‹oòÄR; ¢ˆ‹ÔØˇÚØ˘èˆó˙óº‹+º˘ß…ø‚_0üœyÖW~>Ï£?ÄÊBQ£π P‘h. 5∆\V¥†@k+JÅ÷†hÜ"hÜL.Î
4C&óEpY&êçàÄq<Ñ:Á_“‹ (*t]«ÊÊ&ááá å„@©Ö65 (ÄÄ„‘ËfÄ›s+vÓ·Ã©3l.6h≠qøÃ§Î:Zkd&¡˝∆q‰≤ #W¥•t‹Ø©–Z#3Ë˜˚Óo˛6˛¯∑ˇÄˇVïÁ÷oˇŒ<˙≈_ö˚5è ÙôåÎCÊÛ„<ãGhJ·Y"∏_â@å#î e√„E#Af“ïéyÖ√qdlçÆH.À àË«C∫nìÃíÀ∫R ßF‘ûR;VªtÛMJÌWá¥i§QËkpø∆@kP
œ°5(ÜqÈ∫é÷9%‘‹∏ﬂ∏in<–jZqø’·ä.‡Ëh≈≥∏qx∞œ≥‘9/ÃúÁtœŸ{ x¬?<ÄyùÛà«<Ç˚ù∫ˆFûCÂ9¨V+h≥Îx†Ë˜€\Ãa>ÁÅÊÛ9TZ°õu åÎën÷—Z£î¿ºŒ€@W:húFçÆÎ(• 0ÆF∫yGõ•∆q§µ∆|>Á˘2W4†ÉB·~C ûC° –u˜ÀL"Çqy†R
@)Ä÷• Zk`.À)πÃ˜kmÊ<á ≥¸∑7˜úªáˇânºÒF^·^Å’j≈ø«jZÒ¬l;Œ›y€ù<P7Ôy†‚∆®:ÁÅÊ<ó eˇwˇ¿Ÿ{œÚ©®0ﬂòsxx»øï¡ü˝ÒüÒ@ÕÖ¢Fs°π ê— »JÈ†çÄ
ô\V
œ“ôE<KåHûGÊ@)çÁ‘Z£î@kç$in §íqŸ‹‹dssì√√C J-<ã Ò∆u£õ∫Ya≥mÚ@•Zkd&]◊—ZcG∫Æ„~„8–u£Gh@
ÃÁ«im$s†µë—ID‹˛˙œˇÇø˛Ûø‡íG?Ê≈∏ÒÊÛ@ck‹olçR:Ó◊⁄H	†àÄR†5( Z£5.kçg&Ë+ÙVk.ÎJ¿ÿ}˜+•£µëàûÃÅÃÄq<§Î6YM+˙û[õFJÌ»i ßÅ®=mÈk–’¬85 Z„≤R∏¨5.+ÖÀZk‹ØîBN…˝Ü(* åÎë˚røqX≠ ÿ]Øx”äÁÁ¯Ò„ t]·ÅÊ% 8{œY ˝ÿGË«>ÄÖ:˛ê3◊û‚~ôÄÛwy~ó#T¶ëÁ06Ó∑πΩ…Íp≈|sŒçÎë˚µ÷x†√Òê>z «Czıtµ`òJ-å„»8éîRà¥©ëSRj†î¬8é¥÷(•îR∏¨(<Àê}Ù‹oúF∫⁄Ò¸å„H)ÖÃ†î@Dêôå„H)ÄR
ôIfrøP‹∫nìq<§îéÁ÷x∂W{Ω◊Ê'~‰á˘üËŒ;Ô‰Œ;Ô‰ø⁄|>‡—/Ò ‹¯†õ˘≥ﬂ˚Ó|∆Ì¸_”‹8<<‰ﬂÅ øQs 3àH"ÄL.ãÄL(—∏,"∏¨5Æ.Î
4√ÿ 2!ä∏¨∫ôê9 –⁄»Ë§Î: Zkd&ô…˝öEÖà  39<<dssìjS„≤ò+›¨pøæ6g8\Ú@ôID–ZcGJ)‹/3)•–u≠5h@s†¡8“⁄»˝"Äà 3¯Î?ˇæ˚õøçˇI˝ò„≠ﬂÓ†Œy†Æ ˙˙Ü©–⁄H)•t‡" `µÇÆ„≤q†‘¬˝ZÉa‚9Dô	¡eÕ	@¡ê	@)≠çDÙ t›&≠çdlvcké#}Q{rà⁄–¶ë˚ï⁄1L…0%œ"(Z„≤L.À‰≤ ∫Æ£µ∆˝Ü∏ﬂ∏πﬂ0¨Ü GGG¬ƒs™<áÕ≠m6∂v ÿ‹⁄Êπmnv<–ºÎ∏Ê∫k ÿ>æÕs›•ChF.\ÿÂ‘â„ ∞{iÄÕE¿·r‡pπ‚~áÀõãM®PX≠ òoÃÈ¢†Ô{ ∆q§î¬≥ó9pøqËkO£QJ°µ@©ÄRmjD „8îR «ëÆv@	˜Î£g@W;Ó◊uôIf“Z„~≠5 ZkîR∏_)Öà †µ@kçR
≠5¢˜kS£.ãË»l D¿8ïgπ˘!ÊﬁÏÕ¯µ_¯Æ∫‚—/Ò<˙%_í˚≠÷á‹pÀ-‹˘å€πÍyP˘W*j 42Éà‰Å" ìgÀ‰≤“A…Ñû%ìÀígÒ<∆àËhm$"«Ä÷• "Äà‡˘πı÷[Ÿ‹‹d˚ƒ6´É •çÀ ûe\7Ó∑πÿ‰py»Êbì÷ •∆q§îBD@Akçq¡@ #–†1RJ«˝ZÚ,¿wÛ∑Ò?Õ£˚X^ò!ìÕÆ£π–⁄@k#%∏¢.À‰Y∫édrY)–Ùïg)*åi≠1ØsöÄ!Ä÷F2∫nì÷FÓWJ«ent• p8élögi”@7ﬂ ßÄæ√îåS£»ÑûC◊¡jm«ë˚Ó7∂ë64 ∆ı¿—Úà√√C^ò3ßé≥πòsYùÛ@«èÁÅéüÛ@Û˘úZ≠Vº0gÆ=≈≠Vú:qú˚ÌÓÓrŸÕ∞{i∆Có#= •;Œ·r≈——ä√Âä√˝C 6∑79⁄;¢+œ°Én÷1 ˝º'"»LZkPal#‘◊ûaËk@kÄ÷m›(µ 5 «ÄR
 „8“Z£Î:û≠Éq5–Gœıµß´„8–Z„~≠5®µFD–Z " »L"Çà 3)• êSPj7Z)• ≥—/–√ÒûˆàG‘'?ôˇœﬁÏÌﬁöG<Ê—?}˜{¬ﬂ˝WΩPT˛%ó}ÛW˝…ü¿·ró+çlÖÆvå”»Äl\6“ ËhP†"∏¨≤AdÚ,E\ñ	çgê–Thn¥÷@ô	@D îRh≠QJ°µ@)ÖqZcÿﬂßõœ˘áø¯^˙’_*ó5 -!!Ë[a»ÅË£ßπ—Zcs±	@f“u≠5 "ÇR
„8“Z£´Ä9A" ZÉR†iN„ŸJ·9¸wˇ0´ÉˇSüÁaèzè~ÃãqŸ¥‚≤R Ç¢ÄqÑRX≠V4 Zh	}Öa=“˜A#∏¨Î†5VÜæˆ”¿8çÃgsœ÷htµ#ßdúF∫⁄Ò@çëÆ€ s†SÅ©ê≠±2ómŒ7Ÿ,#¥ÅÊëpœ|~X±WÃªé—	ÇF!ΩF:Õ«@W ´É´’äqÇn>ÁŸX-W¨éVtµ„ËËÄ√√Cû€|kŒ˝ÆªˆÛÆ@«èÁ~«Oá¬≥lnm”Q∏ﬂ|1geû√úÁRy´œik≈ÕÁsÓw›u◊±ø‹‡¸˘Û îV`:œÊ±9géA+ç≥˜û•çá ¥%œ“ïmvôœ{ ÊÛé¢„4˜+.t]¿8édMÜ60N#•0œ÷†tÖ˚eK⁄ÿ(µ5»)€@©îJ£MÄÄâÀ∫“1‰ @Q ¥÷à∆q†îBkç˚u]«˝∆q§î¬Eô	@D êô4•Zk
ôhdrY)\V
`.ã‡ä˘ú«æ¯KrÁ”o`5≠¯?•ÚÊuŒ˝Òò„≈^Í%x£Õ˝V´˜;~Êªª˝¸<W=_T˛ï2π,ÇgßëÁ6LW˙
„ƒeEê…e…ô\÷E<Ø‰äMÄR
 •Zk‹/3πﬂ8é D„8“Z„~ßÆªéSo¸∆|ﬂ7}ÔÔ∆˝ZÉqÑÆÉR` ˙Ëh≠QJ†µF◊u¥÷«ëR
ô	@kçR
95⁄•rŸ8B◊AdrEk ê	]«˝˛ÓØˇöﬂ˛Â_Êíá=Íº¡[ºœR
óEpŸ8B)–îB_ÄaH®ÔÉÆ+¥	hZÉqd‰äÕ˘&„4“‹¿@•®µëR:û[k#=∏Ò@}Ì9\–’é’t@Ê@2–2Ÿ=<dﬁuÃ˚ûR: "zZß∆≠V+ÊÛ9´’ä’jEõ∏¨õœW+öW ¨éV pxx»s;u‚8€;€<∑SgŒpøÌ≠MÓw¸‰q∆÷ÿÿ⁄·~õ≥éöG·ÅÊ≥Äq=“Õ:Ó7é# Û9œiösø’j≈ôÎŒ ptp@∑Ë 8yÚ$.\ N^sí˜] ‡æ˜qÊ⁄3‹ÔÏùgπﬂ˛•}®s®˘ê˚m.6πﬂ8é ¥÷h≠—u„8“ı$Wt\÷ïé±ç tÛéúÄ65®\µ'ß( ‰Qa≥€d»Å±çlvõ å„»˝J) ÃÁsZkå„»8éîRh≠QJ!" »LZkt]GD0é#≠5J)D≠5û[&œôô•@k\ˆ∞G=Çß=È<ıâOÊˇÉG<Ê≈x≥∑{.´<á’j≈U/2*ˇJ<_√4 0N#˜ÎjG_yÅö°àg)‚YÜ‰≤¬3¿• Zkd&˜ã"Ç˚E ôIkçR
≠5 ŒﬂsßÆªé«æ‰KÚŸˇ…|ˆó1 ô–uP
¥∆e}Ù 9PJ†µ∆˝2ìR
AfíôîRà∆u£T.kî¬sj2 Ç˙ÅÔ˛n˛'πÒ∆yË#…shçÀZ„≤R†Î J7 ˙> Üdíæ∆±Aô–uP
›‘ßëq¶ÅB¡sW#•∫⁄—⁄H)≠çddt›&≠ç<∑aËj«Ó¡.]ÌË’—<“<0ÔÊﬂ‹`5tJÈ (•£S·p5“◊‡ÅÊÛ9 á+Ü’
Äaµbl+Ó∑ZÆX≠V‹ossìyﬂpÚ‰q ∆©q›5◊pø37\«mŒ; éü8¿·jdskõgWÃsû€j=Ú¬t]«8é‹o>Ô∏lÍxïÀ6∑6X≠V<P)Ö:s„Œﬁ{Ä˚ÓªèoæÄΩΩ=ˆ/Ì∞Zç‹ol\∂±±¡·Úêy?gÓWfÖR
 	4† ::∆62‰@=9%˜+µ–h‹Øõo+∆óï
√8 –ïÄà  3π_)Ö˚ç„»s+• 0é# ]◊—Z#3y†à†îB)ÖqhçÀJÅ»ÑLàÄL.ÀÑLÆóΩ¡[º¸√?¸ˇΩƒKø/˘“/ÀÕ~/Ã|>gµZ∞Z≠∏ÍÖ¢Ú"˙„ﬂˇ‡(Ç±ÒÜi`úF ∫⁄1N#]ÌËk4Ó7LP*œRƒeÕPƒó<À8éD<Pf“Z„~•Zk<–˘{Ó·≈^Í%x‹ﬂæü˝ÒüÃg˘•@kê	ÛËr‡ÅZkå„H)ÖÃ " h≠QJ!"«ën9Aõ†õçÀ2π"ìÀ" J‡æ˚ª˘üÊ^·xÿ£¡sòœπ¨5.G.ã‡~√ê‹o˜Î˚ Ähç:\“’ég–`G¢Û≠9mj¥62éádvDÙDÙ å„!=˜;G∆÷ÿúo0N# Õ# EÕ#´q‰~Ûæu¨Vª‹Ø´Öæ√îåSc^aµZÒ‹Ü’äqµb5≠xnõõõlll∞ππIWxñS'éÉ
◊]{Ü˚5‡‘ô3‹o^yõ[€<–|1Á˘ôœ:VÎë˚u≥éÁ÷u]«4üœYM+^êSßN±ªª¿©3ß ÿ››ÂÃµg 8sÌÓπ„Ó∑≥≥√·r≈ÓÓ! ´’”¿·ÚêÕ≈&EÄÆÎ«ë~£`GJ).k\v»!cŸÏ6ÈJG£0ÆF.´Pj@õF∆î
›⁄cÈJG=]Ès "x~ZkîR(•–Z£µF)Ö÷•Zkå„H)Äà †µFfíô ¥÷ (Ög…‰Y2π,2°5Ë:hÊY˙»GÚ‘ß>ô’j≈ˇvÛ≈ú„ßésÊ∫y…ó~Y^‚•_Ä››]˛%Û˘ú’j≈¥¢B‘ 3à2Äà 3y†à 3à2ì ¯W	ûC)Ö¶µ∆8éºà®¸V”ä˚›sœ=ú:uú÷V‹o5å”@W;“I)ÖRçFkçR
 ®⁄4
∏–Ãs(ô ÇÁ‡äó%Wd Åf.+( ”@=î#Wt\ˆÔÒn¸¡Ô|0˝˛ÃWÛ7√(ÇÊ	ôI◊u‹ØÎ:2ÄÆÎh≠qŸQ∏1ü√∏‰≤Æ@#3i≠QJ°â+ú ÿúœ˘ã?˛3˛Ï∑ˇòˇ*ó=˙—/∆£_¸•yñR†Î†5»Ñ»Ä÷(
ò4«¿f◊1Ná\6€dòí• ¿8RÄ“u 0éå^–uõ ÑÄñ¥ñ Ù%ËÀ6√îåc£Î
 ]∑	¿∏2È#Ë#`Ëj°£0ÆFË†¶ëR†e#" Z;`°Î`µZPÄÙ»j’∏ﬂjµbd≈∏ÜÄq=Ú@è~¯Éy†„ßèpÍƒ) ∂èùa>Ô∏ﬂ|^xNs∫Æ –˜A∆i§´ •Ù<PÀF)–î2ßÆ0óçÊyD@&W.kJÅÌEGf“Z†´˜ßë„«èÛ@Ûn¿jπ‚≤πlæ5†›}ûÎ67 ∏Áﬁ≥0Ò,á˚á√@ﬂ˜t≥éÀy«∑é∞ZØ òoŒ)µ–‹hSc>üsxx‚≤æÃÈja ÊÛBkç∂ÜÃÑ6®¡ËFD0é#]◊êôDôIkÄà`GJ)D„8¥÷hZ£œTh
ç˚ïR yÕç
:∫Æ—»L
=ô/ˆb/ANç_¯πüÊãyùÛ@è~ÒGpÍ∫ÎxƒKø4Û˘úÕ˘&ÁwœP(47ûeÇæˆtµcúFß¿jl¨V+˛£<Ï„°è|(gÔ<À≠¶• Zk¸ã*œiÇÆv‹ØPxA∫y«Ê÷&• "ÇÕŸ&tœÓ=¸Òoˇ1/"*ˇ„∏:∫⁄1N#„4PJ·~• ZkîR  ⁄Ö+2 2y7C¿ê		ô<èLh®\Vê	C<À4† #0Á≤˜˛‡‡ªø˘€¯ÜØ˛j>Ï£?ö L∫Æ†µFf“u„8RJ°µ¿8éî e•Bõ∏,ÇÀJÅ÷†µF)Ö‰€æ˙¯üÊ—è~,œR
 ¥ô\ñ	œ≠+Ö>Ç!ì˚Â0}ô\V
óµ P
mΩ¢Î6im‰~•t¥60L…˝∫Z»àËim$s`»dlÄ>ÇaJ ˙ d6J·≤÷`y≠Ò∆q§Î:Üa`G V´ cy~Nù:Œ…ì«¡\vÊ⁄3 ÏÏÏpÚ‰IÓ∑πΩ…sjt]@ﬂ˜@pøÆ+
œ!2π_)\V
d¡≥%tZÉLàÄL»Ñ.À‰≤ÆÉR†5.+• 0Øs∆idò ∫Æ„9léÎ8œ° ÓπÔ>Æªˆ„—äÛ˜πﬂ∏ÜÅæÔπﬂ|>`µ^Ò¬2é#]◊—˜= „ÿÜds≥„~• "
}t]a„8RJ°µFf“Z£µ@)Ö÷ôI)Öà 3)• 4C&PÛy«·jdú •B◊ud& ¡ÿF∫“–Z£®¬d å„!èx‘£yƒìÕìü¯˛∑∏ÒA7s√-∑ p›Én‡‘u◊qøaËkœ0¨¶EÖÊFQ!J0LˇYˆàáÒ–G>îá=‚a ‰êú?{û˚u]«˝"ÄR
≠5û[)ÖÊ∆ıµÁÖâ‹oÛ¯&Û:ßµF)Öˇ T˛˛‚œ˛å7{ã∑‡póÆõ”usä }Ì¶ÅqâÓ◊Z„~≠5
…e*ê…ÛàÄ6Ú‹ÜL∆÷(ÊYJÅ÷`°Ë:  ìÀ∆Õ˜;ô3ÁYœÚ“/ˇrºÙÀˇ%ø˝Îø¡ü˝ÒÛ
Ø¸  ¥÷ h≠QJ!3âZk DïÀ⁄„
∫JÅ÷`°µëR
AfÚ@õ[€|€Wˇ”<˙—/∆£˝b<KkP
œ „µ#j@N }‘mnR∫éÀ∆2!"xÃÁ«πﬂ8—”⁄H)≠ç Ù5 8\çî¬e•t Ù1∞Ÿuå≠–◊`òí˚E¿j•@î≠Aå#óïô0é¿4pxx»˝V´ ´’äÊ∆˝∆ı¿©S«9yÚ8 gÆ=¿5◊\¿∆∆ßNú‚~´i‰Å∫Æ†Ô{ ∫Æ‹˙⁄søñ…≥DÄ ≠Aœ)†5»Ñ^†.kçÁ`.ßÄæÔÈ∫éq(•∞ZÆòoÃòœÊ<–ºõÛ@á{ªú<π√Ö{úø∏œ˝∆ı@s„9òÀÊ˝ú˘lŒ8é‹ØÎ: ∫Æ£Ô{ Ü!Ë˚ `GZk îR(% «∆0$}_à2ìÁßî¬˝2ì˚e&˜ãÄ±W# õÛéÆ ∆q†µÇ¢¬˝∫“ëôDc	≠5Ó◊uõå„!=ô è|‰£yÚü¿ˇto˝ÓÔÕºÚpÍ∫Î∏_W; Üi †+ A0∂ë  ¶Å+
˜õ/6Y-˘∑zÿ√∆ºŸ@èx±G¿?¿˘≥Á(•–Z£î¬s+•–Z£î¬˝˙Ër†èûÀÃÛ5∏_?Ôy†R
/»ìˇ·…¸+P˘7Ë∫9œO_{îRh≠qøÃ$"xn†¬sh#®pô
∏p8ét•–ïBQ£5»ÑL.+"xñf^∏4†ﬁ˚É?Ä√ÉCæ·´øö˚ËèÊ^˘ï…LÓ◊Z†î¬jµ¢î¬8éîRh≠—ux '(ïÀZÉLhJ)D„8rE`skõ[üÚ˛‚èˇåˇI˝Ë„≠ﬂ˙x• ¿8B◊A&D@) å´CJÌ∏ﬂêI¡f◊±üœ°Î†5 »ÄLàÄqÑZ«C"z"zJÈ hm$s†µ¿Êºcsá´≠çdvDÙt• –ï¬ÿ]-<P£Q
ó≠VP
tå#î√ •@dÚ∆qdµZ±Z≠∏ﬂ∏Ëf«OßNû<Œ©S«∏Êök 8sÌ ÊuŒÕÁ‘Z†Î:∆qd]W∏_W;∆i‰9Dpø÷∏,ìÀäÅ¬≥îôê…e\ñ	<áR`Äà‡~√4 –’éR ]◊1é# Û≈ú˚≠V ?vÄ{ñ˜ p›µg ÿ-çj•∞{nó˚≠V+û€|6`µ^Q˙¬˝∆q§µF◊u‹o]W «FkÄR
‘uÄ»LZkîR(•@≠5J) Dô	@kç˚A©\÷xN„8–uó%œíô 47H(*<∑q< s‡~èx‘£yƒìÕìü¯˛3?}è~ÙÉyNsh5≠∏ﬂÓ˘Ûå√¿ùœ∏ïÁÁ‘u◊Ò¸å”HW;2ÄÆt§íqÈj«8çtµ„ÅVÀC˛≠ﬁ‡çﬂÄá=¸a<?èx±G¿?¿˘≥Á(•‹J) îRxn}Ù t•„yTûC©ÄnﬁÒ¸ú={ñ3gŒ €ø˝€ÏÓÓÚØ@Â_·Ïùw≤öV§yñF„Y‹(• PJ°µ$ 	@£êÜP#'à‡Y
Ä6 §(Çqjå-¡ T†t–FZ•É≠5 2ìà†îBkçNcé0AD@¬jwó˚]w›u|ÿá0¸«Õw|ı7—xπWz9.s†ò∏—	¢Éqlî0Öú ¢ˆ„‘@P*4√ÿ(ïÀ ‘ XÏÚs?Òs¨¶ˇ≠*œ·—è~	òÛ,≈Öà 3i .tµê	QôçV
E\÷HJ@#i”HW
¥ ‡ Z& •tå√! 1ç¥Vòw¿j<‰~]∑IƒäqlÆ ]È»LZim$]à XM+ ∆±—u&.;\ç ¥i`sæI©\v∏\QÊs
PªÎ¿jµbµ:bup»üœ∏Ó∆Î òoÁÃôS \sÕI∫≈&ÛÆ`ﬁ˜†ÄR∏¨  Ät\aË∫égiD“Z# d&– 0î‡≤b@PÄaÇ>∏¨@pY°pY¿ê]û•A ÓW(îZ(•% »LË†S«ï≠¬0å”¿©”ß 8\p›¸¡ÏÓÓr„÷q6∑wŸﬂ›Á‘÷&Áœù`∑ç ¨V+.õL#¥ ÛrúÁVJ°µ¿|k≠—»dﬁÕaŒ◊#]--Ÿúw0¡jZ0◊ú—# @SG„äfò´ –‹ Ëk†µ∆|>gG.s≤ZçîRàZk\–Z£µ@'4∆¢„≤ÃÅ+zÓ4ç ºŸ€º5ﬂ˝ıﬂÃÓ¡.ˇYÆªÓ8/Ò
Ø¿ÊÊ&óU.ó+ ⁄z¿˛˛>{{{å.úΩÛNŒﬂy∑?ı©‹¸∞áÒ¶¿|æ	@°0N#ÖBN	ÇÆt<P∂ m¿ÍpüÀÍJœãÍ∫”◊Ò
Ø˝j‹¯‡õ(Ê≤÷∏l>Á≤t3áÀ”ä¶©qøÃ§©—ïÄF£®@]Ìx†R•B¿ºŒy'`5≠¯Ì_ˇm˛(¸+ÏÔÔÛÍØÒjÃ∑∂»i¿<ìó)h≠aõ+¿8RJO¶ë`ö@6ÿ`C∂ëÃD Î)ii∆)Yµ( Éÿ  hi2ìZ+•"Ç÷ôâ$l”ZC∂)2˜;88†÷ ı7^œ_˛È_Úó˙ó\{√µ‹x”ç<–jlÃªÄô‰4—¶ë⁄/ L¶πﬂ4%•Úl…eÒg¡œˇÙœÛﬂ.xñ{ÒóÊ%_ˆ•òÕg‹/¶i¢÷ä$j-dBd¬êç>ÇÆV≠—ÅJQAÜ êÄ`PJ@)= ∆©–◊Ä åRzJÈim§S+îÖ Å∆∏ôæÔ±M)Ö)' 2M¶…f2MK”◊`5,iŸb5¨»)ô¶âiöò¶âÉ£C¶idµ:bµ:Ñ‰YNù8Œµ◊ûfkgÄÎn∏éÌc«∏Êöìln.8sÊÛnF-ÖZ
 •j" 
 ûSl\@@6∂±Ä1$`@\ëÄÄÄ04Có¿¿B¿ê QÃ≥A(x Id&≥ŸåP
J¶ú °îBD`õ!˙⁄–EGW;6Áõ1#Û˘ú’j≈|>ß÷ Úh…∆∆\‹€ÁÅj¶©¢÷¬dò⁄D≠ÄR
 ∂â∞∏l°Vjê<ÀîP" ßDNä
EÖÖ±çDµVlìTÅ’∏`ﬁÕ!¿6∂ô¶	€D≠5 j≠îR∞çm "Çà "®aZlË˚ÖÃëàûZ; l#â$πﬂÓÖã‹sœ›¸g9}Õi6vN"	ÄæÔ◊+röéV¥q‚püaÿ€€cüãgœpˆÆª8{◊]\‚∫õn·~µäZ;¶i§÷cûÉ ù§ cBÅ1Bsø’jQŸªpÅ€üÚd˛%èx‘#x”wz[vé„~¡6tDpŸ∆∆ú≈∆ú˜ù„9îÿçR
A)I<P((*ÑÇZ*àÀ˙⁄S¢% êD)Öïör‚∑˝∑πﬂ4M¸+P¯WÿﬂﬂÁ≠ﬁˆ≠œÊ6Ç∏¢çåÕÿFôâ=`7ÏDÇà @‚≤H ÅŒ$" »LöyñA‘¢Ä H⁄ÄUêÑmlcõqôÕf¥÷h≠QJ°µFDPd®÷ 7›¿›wﬁÕ›wﬁÕ˝·q„M7r„M7∞ µ √ƒeµB&`QPrXçñ¶Ñ¶$'‡'W¸¬Oˇwﬂu7ˇÌÇgyÌ◊}cÆªÈZ("ÇZ+ó)ò4C0d2f*‡'DÅ $∞¡¶e" 22G@DÏ§DP"hiZ;â(¨VªdéHï÷¿ÜLêôIs„≤€‘Zi≠ë$„ÿË∫¬j’hiZöæWòqßëÖúÄ’j≈4MLiV´#V´C.K.;u‚8'O'ÄÎn∏é≠Ì-ÆªÒ:∂∑∑8sÊõõ Ãªµj)‘RH¿Ü.ÒlÇgK@Ög…¿9‹œi0 ¿Ä sÖ`j\VƒeP √‰âÊ∆˝Ç‡Yœ“‹∂…Lj≠‹ØπëNÊ˝úÃ "∞MâBâ¬8çê\∂9ﬂ†Ô{ÊÛ9 Û˘úæÔ9u˙ À£%≥9H„@ç¿45@L2Sõ ®µRk•îBD–Z#öAÇ®ïZ	L0%Äqj†âyùìN“â1A)€$¡∏^QjÂpóûe 	I¥÷(•ÿ∆6 ]◊QJ¿6í∞MD 	€ôR†∞Lk+ §Bkâ$l#â$πﬂÉ˛0nøıÏÔÌÒü·Ù5ß9}›Må„»ÊÊ&}ﬂì91≠ ó+í`Ω^3√z‡Ï]wpp∞«÷Œ1∂véq≈àZ;¶iÑ%
 √4–‘(*‹œcä
Õç˚0MDeÔ¬n ìyaﬁÏ-ﬁåW~’Wf‚9Õ:»Ñ®ïÁ∞±1g±π‡¬Ÿ<K≠ Å!Û@]tä
EÖP–ïéÖP–’éÄÆv$IDPJ†FÂÅ~˝Wùö¶âÇ•qµ‚9D@&¥Äà "∏_D@) „»e≠qY&dB&åçÀ2ìqi≠–◊†Ø¡em7h#œ¢”
ÄR
ôIfíôå„H◊u¥÷h≠—uA)Ö÷/»|ƒpøo¯Ío‡œ˛¯œx†{vW¨∆@)\÷¥i ßÅ6ç Ù5¶dúQyñq≈eÒg¡_¸Ÿ_?…ãΩ¯KÛb/˛“<?≠5Zk<PtÜL ˙˙ à 7òVê…e d î“—uõ då„! } ˙ î“1éá î“qøR∏ll#ÕÄÆtt]¿jµbGÓwx82éçqjÙ5¶dòíqπﬂ8ç¨V+V´´’ä’j≈juƒju»˝Nù8Œ#ˆ`Nû<Œ©«πÓÜÎ∏Ó∆Î∏Ó∆Î 8sÊ/L◊Aœñ@	HûSœ	@kçÁPÄ H¿\ë\÷œ+ÅÄ>z ˙ËÈ£áHû√ÿFä
 •J)‹Øπëôt•†Î:∫Æ#"∏ﬂ8çÙµgsæ…Ê|ìÁv¸¯qé?Œ˝Nù>≈…”'Ÿﬁ‹dgcÉœú`µY≠FV´ë’j`µ^±ZØ X≠Wå„Hkç÷„8@œ2	4†∫Z €»·x»·xH)Ä’j≈8é t≥9 „z≈Ó·.‘Z£î@D@ô…8é îR∏_f<Pdt›& „xHkçÊ^˘’¯Ørxx»p¥‚πÌÌÌÒ¬¸ıˇ˜‹q;˜[≠πﬂ8çÆ¶Åæˆåm`»ÅÁVT X≠Vº®Ò®GfoÒf<‚Qè‡˘G.ã‡˘:uÊèx±G|eÚ/âö/HDPJ°µ∆s˚„?ˇcû€Ò„«9~¸8õõõº®¸k~¯áå˜˛‡‡Y⁄»e*‡Fa‰~% YxtíÀ2π¨ M∏ÅÄ“QÄ–FJÌh„ô@Å))jåm$ä†MçP êSRJ 3)•P<rYBFÓ◊Zc\é ú9sÜ˜˛ËÊõø˙´¯ÜØˇ>zˆ	<˙e^Ä„« „¡!Ã7÷# }Ì∏_£PjGäìR
–∏_ôÃ˘À?˝k˛ßò3‡—èz4´’.•(∫‘1é–Õ° #06(ÇÕÆcl\÷xdﬁu¨H.SGöÊ]pE†Q(‚
7•Ü6í(SÉÑyùs8éÙ‚≤ÆÜi§Ø˜[≠ÄúÓ◊’M»‰»ÊbŒ02LÄR„4gµ<‰~„z‡py¿x8pÍÙqNû>Œ8¡ŒÒ„ú<yÄÕŸú¢éçù6∑∑aÇR 2°î¬57JpE¬j\—ïé˚H ÄÄñ+zzû• Zk Ç‡YbdlÄπ¨¥ òÄ ÇÀçB°—∏L∞ZØ X+∂∑∂àä
 CDöEÖÃ†®–‹(*47(•–Z£´•Zk‹oskìqiS„~«è`µZq„M72^;rﬂ}˜qˆÏY|”uÏÔØ8~Ä’jdN°õwÓ“œ{J)Pπ¢¶∆!&(µ@É6
çÆ özCW7)µ£«C∆6“ïéMÆXç+®0Øsö
˜+4Zk‹ØîBkçR
câ °µ@D0∂BDPT(íë±çDùuNN	@kç÷•pYó=¯·Êè~4O~¬¯è∂öÄi¿∏‹g>ü√lNõFr†Bõ:JÌYÌ¡¥¢y‰ÅV´ O}¸?0Øõ[õ ﬂ:ŒeÜ˘bÄ65::Üq†‘Bs†µÖ+&ò◊9##mjå”.√x»ÛÛàG?ö◊{„7Ê¯Ò9áá# Û“xñ“¡z‰≤(† è<–ºÃπÒ∫G vWªº0sÊ<á sòÛ\ÊsË∫ÎÆ„≈^‚≈ x≥∑y3∫“—Õ: ∆ı»Ò”«¯Éﬂ˚æÏæåïÛºTx†qYrYKûC/úœ‚ ôm§è`»‰~cÉf†óÂî¥©QJ†µF◊u¥©ê	–Z„~•ÓwˆÏY^˚µ_õø˛ì?„èˇË ¯ÍØ¯2>‡√?åó{ÂW‡~Q{⁄42ÆÈÊõtµ0NçaJû•5 à 7Ë€æ·¯ã?˚3˛'yƒcÕ#Ûh "ÇÁïgiÊ≤yÖfD¿ÿ†+P‘±GÊ]@3ó06.Îj·p52NçÆ,´	òv)•#¢'¢gú ∆÷[cú]- Ù5Ëjaú }Ü)ÈÊõ¥id\¬z@ﬂœπ_N…≥ VGG Ìqø˝√}ÊÃ9u˙8'O‡‘©„ú<yúÁ∂πΩ@◊Ò,]ò™+˜€Hâ¬ı—3‰@=˜ã Zk d&¡˝ä∏¨ôg3ê@úíÁ1üÕŸ›ﬂeµ^±Ωµ@=‘G¿êAQ†®–‹(*47 J)DôI)Ä÷ QÉ®¡∏8~¸8´’ä˚ç„»5◊\¿Ÿ≥g9yÚ8 ÁœÔrøq5rø∂jtÛÄ~ﬁ”Õ;J-¥©qYÂ9lŒ; ∆©µPj@õFFqŸf∑	¿j\Ò¬îRà 2ÄÆÎ(•–Z#3inê–ïé“Zk‹Ø+Õç±çDAfRThnD•2Ä÷ ≠A◊qŸ#˝hû¸Ñ'üiµZ1üœ˘∑:{Ô=¸Õ+æ ´p˚≠∑sÛÉo`µ<dæÿ ß‰ÅJ-¸[ºŸ[ø5èxÙ£im‰p‰9®@óuóeÚ¬ºˆº6~ÿÉa‚Öõx°V”ä™ÚÇmÛØEÔÂn‡∆e	$W4û%ìÁê	ôê…≥¥dB!ÇÀ⁄nê	ôÙ å≠Pôê…e9%mjtÛé÷ô	¿8édB&¥ô\VJ°îBD‹>˙„>Å˙∂Ø˛˛‚èˇå˚ï⁄Qj«|Î8•våS„~} »ÄLËˆg‹Œ_¸ŸüÒ?…#ÛhﬁÏÌﬁö§Tû•T(ÇyÂY∫E–»Ñ’8≤V„¿ÿ ∆∆sÿúwlŒ;2al–Ã≥DÙî“ë9–ï¬ê…êIW
 „‘¶dòíqjS2L…0%•v¥i†‘éaX1+Üa≈0¨ à¥©ëS≤Z≤::`µ<`ˇpü˝√}∂7∑yƒ£Ã…”«8u˙8'OÁÅ6∑∑9s„ç<P)<KD<KÚl}ÙÙ—–ï $œ“Gœsã∫Æ†πëôÓ]·ä‰
…	$–∏"y«∑ès›ÈÎ Ë£g»ÅÁ6‰ @Q·Åä
 D]◊t]G)ÖR •h>ü3üœ9sÊ ◊\s/ˆb/¿…ì«yƒ#Ã©S«˘ó‰î¥©ëSíSíSíS2ÆF⁄‘8\çÆFÜ)»i†M#„ÍêúÜË£g»Å!ûüR;JÌ(µ 3…LhµZqø¢BW:û[f2∂ëÁåm§® –Z†Î:∫Ês(∆ëÀÒËGÛàG?öˇLÛ˘ÄquHNˇgÔΩá?¯Ì?‡~∑ﬂz;´£# VÀCVÀCû[kÄ÷/äG<˙—|Ù'2èxÙ£π_ﬂ}Ù}Ä
∏@&î¬e]«Ú⁄o⁄<¯aÊ!Ç•ø˛Ûø‡9®pô
∏ÒÇD,ô<è÷x∂“@&®pYd0d2∂FW
\0ÆF⁄‘(µêS–Z†î¬˝JÅ÷†î@Dêô<–Ÿ≥g¯Ëè˚Ë€æ˙¯ã?˛3˛%√î–¥∆ÛÛø˜¸ORTx‰cÕe&ôI)ÖR
„äÀ¢Bõ∏¨Vd¬ÿ`5¡ÿ†Ê]«ºÔŸ=<d˜ê"û«85∆©1LIW†+\÷(•#s†µë˚ı‹Ø´ÖÆ˙‹ØØ¿85Óó”¿˝∆ıä˚ïZ∏_õ´£#VÀCVÀC ˆ˜ÿﬁ‹Ê∆37pÍÙqNù>Œ˝Nù:Œ©S«9uÍ8gnºëÁ÷î¬øZ=P∏"a»Å&"(*47∆6–ôê	W4@@pEpEÇ+íÁ—Gœ9–Gœ˝ä
/HfîR(• –Z 3π_©Ö®A7Ô òœÁÃÁsÊÛ9 gŒú·~ßNÁ‘©„ ú<yú„◊Á~„j‰πµ©1ÆF¢ mj¥©5 ß∆85∆©1LIõF∆’!4‰ ¿ÿF Ê›Ä„õ«)µ„ÅZk D˜ÀLJ) t•£+Õç˚ïR à∫“–ïé¢BfRT €H)ÖR
AkçR∏¨Î`>ÁY˘ËGÛ_!jO‘û6ç¸[›vÎm‹oµ<dutƒ˝⁄‘ »)π_f2é#≠5hˇ`üPÅûC)<–u◊=ò◊~É◊Ê1*ˇJ´’äÁ‡Ë¿ -W‹ØT'ûóxmj<[@rY&45.k# • ÊÛ9mj 9qÖGà†qEõ∏¨Ø@k4Ä Ë†ScúEÖ’z§®É¬vWª<˙e^å◊x≠◊ÊÔ˛‚ØŸ››‡€æ˙xÿ◊5«èÁÅÖ÷( h@ñ¬˝∫âg˘„ﬂ˛c˛'yË£¡Õ7?ò¢@7Îhn<PWπ¨πQT†∫ÄL†5
WDÌÅFQ∞=ﬂdú–ËJ°∆÷h„H)Ö÷})4ÕimA)õuŒ·j‹ö°+(4¨∏ÃPh4≠A©êÜqπO◊u «ë"»⁄±ZèåSc>üÖ’∏butDW¨V+ûeµ‚∫Îo‰∫n ‡¯ôS‹Ô¯±méoo2_l2ﬂÿ`æÿ†+Ö˚ïl@„≤—# π"yñF†D°—ËË»L"ÄíÖ÷ EÖÊ…≥47J)
 cÉ¢¬≥®qôÄsÊåm``†è@T»‰≤!π¨àhåä
–Ä4ÜÑ>
˜kÊ
7PÅiEß•–Z£îB)Ö÷T\ (•–ZÉ9å”»˝Ê[s N˙$„z$∫ †‘¬˘sÁŸú
õ◊ü‚¸ŸÛ å”»x0≤±µ¡∞hj<á
]◊AÉÃ§Î†‘@õJÈËj`µZ±ππ…0tÍòws∆6R¢ –≤Q<røË: 2ì˚E•Zk¥÷»L"Ç1G∫Æ#"«ëà`Ù»eÇR
·‡Åä +è ÙÍ 2[c^Á ºƒãø4Áœ›√ˇ˛Ûü©‘é6çî⁄—¶Äf¨&†ÚBÌÓﬁ√Ó_ﬂ√™qÍ⁄3ÆW\w„ú’•} 6Õ=•ÎhS£îBDpø+ s`µªb<π_)pÎSü¿£_Ï—\6u<PsrŸ40üœ°v‹o˜`≈˝^˙•Õ|>gu∞‚~EÖ!∆6–ïé¢@s£‘BkçqÈ∫é\ë	@◊u<–8é t]GfÇ!"»L"ÇÁVJ†èû¡øSs„~ÕçR†.kçQõ•Óóô d&¡Û5hS#ßdπ¨5hçÁ1N–W.&Æyñqjtµ0Nçæ`&û√ª}¿{Û‹~‡;æõIfrø÷˜˚Óo˚n˛ßy‰£ÕÊˆ&›¨„Åä
˜kn472Ä÷`yñ6ç¥i§õo0NçÆ˙tµ0d2∂∆ÿC&•Zk ¥÷hm§îéR:∆Òê√’.œOtÊÛ9•"ÇR
≠¡8Bk\å„HfRJ·π≠ñá¨ñá¨ééX-Ÿ?8‰ÅÆª˛FÆª· Æª˛FÓw¸ÿ6«wv8~Í«Oùaæÿ‰πıP (@H¿ÄyNÖÁ<PQ†π–‹hn47J)DAD –‹à"` ∏ll# C‹/ÇÀ∫¬e}@<KqY\÷óE@tä pà †îBkç÷ôIfD]◊‹ØØ=]ÌËjGW;Ó∑πΩI7Î∏ﬂ…”'9u˙˜;uÊ áá qtpƒÛ3é#„8‰î¥©Pj°Î:∫ÆcG∆q`˙ægssì˚u•c»Äa Ë∫éj≠0é#„8êô å„¿8éd& ôIkç÷„82é#˜kn‹Ø+ÖÁ÷G‹^Ï≈^öˇ-û¸wˇ¿”∆ëÁñô¸KûO‡ßÏß˘È˚iûO‡˘ôœ;ÊÛé˘º„Åvw˜∏Ò∆ÎxÖWxi ∆’»˝J-‹o≥€§+ôIs†® PJ°Î:J)†¬e<Pf2é#•J) D@DpøR
•J)¸+Q¯W™µr˝ç7r√M7‡4°†π‡LZl∞∏ll#ÈÑLúIDau∞KNÅB‹O!2 €8hN3NS+å#óï.là `Vyñ` ¶÷ßd5LÙµ‡ @@@ùUÓwÌı◊Òg¯«‹Ôæ{Ó·Ó;Ô‰Â^Èy†÷í»LZkÿ&"àäÕw€wÛ◊Ò◊ L9Ò?¡#˝h^˘’_ùæÎ)µPj†e#ù§ìcä
%
c1ÖZ!"@àŸ∆„ÍêiXQ(döñft£/Äy≠d&∂πﬂ0-ë
}ù—r‚ÅZÇE–Zcö&2ìà`5òÆ„2	H3M∂±@â`úíL≥::dGVÀC ¶i‚~7^wÜSgŒ p›ı70Â¿u◊ú·¯±mÊõ;<PW
 } vÚ|	0 Æ0Wò+»Bôâ$lPK%ù BA(@ â˚…"ÿ∆6∂π,∏, 47ÆH``›†àg±°òÕPCÇi–¥rÇRπL@D–Z "(•`õà "(• âZ+Bî(¥ld&˜bæ1gccÉÂ—í≈∆Ç„ßèÉ`y∏dcsÉaJáëæÔ±L-ïZ+óóu]G)ÖÃD!ú∆idëô‹occÉR
 ôIf“ïé±ç¨¶9%;;;îR àÜa¿6 ∂∞Mfbõà "h≠QkE•$QJ°îBfbõÖñçP êò1ìA⁄ —lä°¬˝67∑Xlt<Ì)O„?¬Ò”ßπÓ∫Î òœÁ‘Z!*ŒƒŸp&S¬8å√öqòr‡‹˜ 0Âƒ≤<<‰⁄Îo‰`è≠ùc í“˜ 8$$—Z#"∞¿4å¨éòˆˆ∏Áé€y†sgœÒÑ«=ÅsgœÅ‡Ùô” ‘æ ∞Zç‘ZÄ¬˝V´ÅoºéWxÖófgg O¶‘Ç”8M((* $aLÀßâ"Ç÷!Û,6óŸ¶÷ä$$QJ¡6 •"€îRh≠—Z#3)• p€3n„˜~˜˜¯P¯W™µ"¡ÀΩ“+∆6"âÃƒih»ëtr?qÖ3…i*B8ç”XÊÅlC#  AD0MÊ~`–ÿD √%¿Ë ò†D–“®≥ ˝ÆΩ·:ûÒ‘[πÔû{∏ﬂ›wﬁ≈›wﬁ…ÀΩ“+0é# í∞çm j≠‘Z˘Óo˙v˛˙/˛ö˚M9Ò?¡´º˙´sÍÙi6∑6y†ÖÖtíN¶ú∞Iò@	2ŒFD ”tµ  ây≠î J)ÿ∆6]◊uÉ÷Vî“Q†Â¿8≠(Qô“ 6ô	@DP:c√8B)@öR
í∞Õ·jD@Kìi¶q`µ<‰~”4p„ugÿﬁ⁄Ñ(\w˝ç‹ok{¡u◊ú·¯±m ¶÷ò¶ë⁄ı î äÄI @Ä Wàg3 ∞M:1&ùcå∆ ‘RëÑ$å±ç$2ìñçP–‹®•í$ê ÕÄ.Ç.hÜf(Çf.+Ç4C\VÊ
ÛL9BÈ  ìf∞çml DAk€¥÷∞M:π_â¬8ç‹/[b¿∆∆À£%ô…∆ÊñáK;€Ï^ÿ†Ô{∆6Ç∏ljµØ H"3i≠Qj·~mj¥÷(•–u”4QJ·Y´∂¢®–óû~÷ìôd&• lcÄR
∂π_◊uÿ†÷
@)€å„à$lÿ¶DAíòr¢Dpø¥IõE≠ ¨¶âï⁄ÿË˘Û?˝s˛#?}öÎÆªér6ú g2%å√¿8¨áÅ)' Œ›q SNº À√#vwœr›ç∑p∞ø«÷Œ1j@È{J◊• ÿ&"∞¿4å¨éòˆˆ∏Áé€y~Œù;«ˇ~ˇwüsgœq¸ÙulmÕô¶§÷Ó˜ËG?î{±GÛúÊ~°‡Åå	Èƒ6BD ∂â(† mƒ*å„HD0MôIf2MôIf2M”4!âÃƒ6 ≠5j≠ ‹ˆå€¯Ωﬂ˝=˛T˛-2aZq≈ŸÄ&.kS†£0NÄë¬≥‘9 ç@kçB·~≠5J) hjÜ6PJ°µ@NI7Ô h\—¶@©Ö¥©Qjaòä £G:u47ä
 MçÃ$" ·“!}ﬂ3õõõ|ÿá}0ﬂˆmﬂ∆_¸≈_pŸÒ'Fõæö˜˛Ä˜f>üsôE∞=üsøo˚Üo„èˇ‰è˘üd^Á<˙≈^åWx˘WÊ~≠5Ó7z§®h–‹h≠1Øs0‰]Å±¬T hÊäQ
}Éqj‹/ƒ≥d&•Bk=≠çlnv¨Vên î“Q4'uHÛl≤ J°è`»Ñ©PjG)–¶ë—\°µ£Th¿8≠X≠éhŸXM<À|>ÁÊõo†7^äÌÌ9;;«Ë∫9›¨£t= ]È (Ü(4 ö Ö¬$¿\\ë\÷‘(ó57ä
ÕÄÊFQ°πÒ@≠5Ó‹ØPHí¬ê	Õç¢@3¥∆≥AóE …≥4CDpY&Ó7‰@Q·≤L J)<P)‹¿T(• êôt]@kÄR
õÛMÓw»!1u Ù8}#´É]vww9u‚EÖ;Ô<ÀÕ7ﬂ»Ÿ≥ÁiSç¨éF†1_l2N#óUûCNI‘†îB◊u<K)≠P*`(*D äc◊#ÕçÍ‘—’ÄÊ∆jL˙SBK˙ôIkçR
 ≠5ÊÛ9óÂH)–t≤ê	4†Ù9∞Ÿm2x‡~•é?Œ£Ûhû¯'©ÃÁ0ü”&û•)ÅFQ–ïûyù≥Z≠¯◊ÿ=∑À?¸ı_Ûb/˜
‹sœ=\w›hç±5 ÊÛ9≠5 Zk<ã‘9Û∫¢Îxñ7~Û∑ÊÅÊïÁ∞⁄›Â¯£¡˝V˚ <‚è‡‘©S¥±1∂ÄÆtÙQ hÊ≤Ê@œR•v 	Õ\‹@TÄëqπ@õ∏¢Œy†R
]◊qø4ÆË∫éyÂ≤Æ¢†Úoˆ|  ¿8ç ”¿sÀ)IœOkçÁßµ∆µ÷∏_kÄ÷˜ã¥©Qj†Mçúí®Aõ9%›º ß$∫ `G ∆6“ïÄ±çDû€0 å„H|¿| Ò¡˝ı_¸5ﬂÕwÛ¡Ò¡<?ﬂˆﬂ∆_¸Ÿ_?—£˚XÓ◊Z„~ôIW; 2ì$âHhn47ä
åä 2°∫dB3¥¶†ØAf“Z„˘9<)•„ÅöG ä:∆vH ])ô‰4pøú†pø6ç ¨Vá¨VG¨Vá¨V<áõoæô˚›rÀ-lltÏÏg{˚8 ÕçæÔËf≈\¡…àˇ0EÄÆtd&¡e	ôIW:ö]◊ëô d& AfÚ¸D≠5∫“êô 47 äxê…≥Ò¬EÄ
óµ÷»L ∫Æ  pZkD≠5J)‹Øµ∆uµ£02Lp∏ÇÆ¬¸¯qh˜›wÅ3gNqˆÏyVÀCÊãMVGG lnÔ@• ¢•äôID–Z#]à ≥îRà∆q§Î:«C˙Ër‡äB&tÖÀ∆6–ïÄæ } ⁄4PJ!" Ë∫ÄÆÎhÎ∆eÚ,Û9¨&r‡~9% QÉ65
Ë«>ö'<˛	¸g«C"z˛£úΩ˚NŒﬁ}gÆøë’¡ Û≠Mû«8B◊Ò¬º⁄kø7?¯f^T]k ú:u
Ä±ç<?E\÷ÃeÕPE<á>∏lHÆh#(°tPÁÃ∑†Mçúí®A©s V´•∫Æ„ÅœV¯W#¯w¶Åa∏_NININ…S2LIkçq…L2ìÃ$3«ëÃdG2ìq«ëq«ëÃ$3«ëÃ$3…LÓ7ÆF∆’HNI‘  ß†Mçq55 X≠V‹Øπ—‹XM+∫“qøR
ô	¿8éå„»0‹Ô>‡xn˝Õ∑}√∑Ò‹æÌæçø¯≥ø‡õÆÎ (* 472ìà`^Ád&Õ\Pƒ≥å∆<èqj<∑÷√êåc„~≠çDÙDÙDÙd4è4èteì!Ä√q§è j@NQ{ ⁄4“¶ëúV´CV´#ûüG?¯:ÓwÀ-∑ ∞≥súÌÌ„‹ØÔ{∫YG7Î∏_œ+Åç∆øVD@¡˝2ìäöÕÄÃ†µ∆Û”ÃÛ(*d& ADPTx~2π¨ä Çgâ‡≤!Ü∏LÖÀT@Äà "h≠¡¥Çim`G®µ∆Û3L„4–WË*œr¸¯qÓwÊÃ)ÆπÊ$ gŒúbæÿdµ<`utƒ∞ W#Tj°Mç˚e&•¢ÚZkd&]◊1é#c€@tÖgin åm$3¶dòíaJÜ))•PJ!" (• –Z†X≠ JÅ.kZÉÆt Ù—–¶∆˝rJ ˝òGÛË«<öˇ,]∑	@Ê¿î¯ã?„Ï›w≤:8`up»e´¥≠qø’r≈∂ÆtÙ—Û‹ä†àÀöyñûC–PÁmÑ6rønﬁQj·~]◊—u/H·ﬂÑ‡ﬂË/˛Ï/∏ﬂ8çå”»8ç ¥©—¶Fõ√îÆF∆©1Nçqi≠—Z£µFkç÷ ≠5 Zk<∑÷≠5 Zk¥÷h≠ëS2ÆF ⁄‘hS#ßd\ç¥©Ò‹2ì˚µ÷(*d& Õçq«ë÷˜Î∫éqπﬂÀΩ‹ÀÒr/˜r<∑ø¯≥ø‡€æ·€∏ﬂ∑}√∑Òˆ¸OıË{1˝b/∆s+• PT€HD–ïéà 3in å2y–ûel<À0%t]G)ÖR
 ]Wx†ÃÅÃÅÃÅÊÄÆl–G 0∂∆·8RjGNmWá¥i`\“¶ë˚≠Vá<–çgésø[nπÄõoæôÌÌ„<P7Îx†ûSl¡eç∆˝Ç Ó‹/"à ä
 ¡˝"Çà "(*ä
EÖÃ§® îRh≠qøà "(Ç(‚≤Ã " (*d& EÖ.ãÄ"à‡9dÚ¢s#3)•PJ°îuu–F"ÇÁñôd&˜Îj«Ê|ìÕ˘&]ÖÆ¬Ê˙ ≥?~ú„«èpÊÃ)ÆπÊ$ «Où`µ<`\ç´Å˚µ©1ÆF⁄‘»)i≠–u „äÁ—ZcG ∫“—ïéÆt 4Ûä
 ÕçÊ∆85∆©qø÷4é#≠5 ∆q†hZÉRxñLûe»Å! ⁄‘»)y†G?ˆ—¸gkm‰?√Í‡Ä’¡!œœ|1gu¥‚˘πÌ÷€¯˜ÍJG=œOD@ó5C3dBœü
DÄmj‰î<∑R
≠5û[·ﬂÖ ø“jµ‡˜~Áyÿc^&û√·t»5ÒV”äöW.«∆eÇÆ^ê∆m‚ôÊÎ •t”
&(µ£MZÉRh≠AkDÖLË»M £G0åA∞ø^pÊ‘qﬁ‚ﬁÅ¯ã‡ÅV”äø¯≥ø‡	ˆ∫Æcwwóˇ…^˘5^*œR\∏Ã@ ⁄‘• Ã°çdÇ6é42IQ{JÌ@#´ıä˚ı} „j≈jwór¸8›ú+ƒe≈<è¢¬jµ¢îBô…∏>‰≤:ßµëNÖÀ¶Z) å≠0√j≈∏\±V ¨∆◊m‡¯Œ6 ~»√ ∏Ò∫3loÕYqEW;˙⁄”©Ò@´q@W: V.t‚äÑ\÷h‹/" π,ù‹/3	Äà 3Å‰äËA@£qôÄÄ÷:E–\@‰î D ô@,AQ°π—º¢∫ô<K&î¬≥AœG£®–‡—C–F∫nŒsP·27(EÖÁ‡Fà †®„~]Ì∆é˚5FJ-”@_{Ê[sé˚8ó5ËT∏ıŒ;πÓ˙õπÁÓ≥¨ñÿá≤A©Öv–òœÁ 
•®–h¥©PJÅîR`Ç’jE© Q{˙ZXM+ä
]◊1é#œ¡0L˜õ◊@)î“—¶FéI‘  3π_££[Xçåc#≥P
óe+tµcúF∫⁄ë5¶ÅB·≤âÀ˝àGÛ‡á?ö[üÚ˛Õ∆L\1 Õ sòVê#d`^˘7kÎë››]∂›(ÇÌc€4u PÅi≈en ¨V0é<À_˛…Úr/ˇb‹Øts öa^°π –G 0z‰≤:gµ:d^Á\<S·~≠5ÜıH_Ä†¬E@&œRÕP¢–TË›hå0A)àg+Ö‚∆sP·ﬂÅ‡ﬂË•_˛eπﬂ8çå”»8ç ¥i§M#mi„HG⁄8“∆ëqßëqßë65⁄‘hS£Mçqlåc„~√îÆF∆©1NçqjåScú„‘ß∆85Ó◊⁄»8Ú@9¥id\B&óµ@&¥ôê	4†#W4Æh<á≥ÁwyM◊Òﬁ¸ﬁ<?áááÏÓÓÚ?Ÿkø¡p¸‘qVÀ´ÂägÈÄ‡≤qÑÆÉLG«C "z"z h2°5Ó7ÆË˚‡˘ÈÊsû[]◊—u• Zk t]@)ÖÆÎË∫éR
„xHÊ@Ê ¿·82d≤ŸuÙ å´˜[+V„ä’∏‚~ßÆ=¿…kÆ‡∆ÎŒ∞Ωµ…˝6ÁõÙµÁ≤‡ä 
óu•„~ù∏l4œ+π,3à˛#D˜k.<PQ!" »L "xñÊFf“‹(* qYœÕ\÷PƒeE\ñ	Õ–û-z.k#îé"(‚≤ÆpEºP‹ØµFkç÷„8“Gœ˝∫“—’éÕ˘& õÛMéü8¿Òì«9~‚8◊›p ◊]Ä’Úê’—´Â!¥Z≠ hS£Mç65Ó7é#„82é#•v DÌ)µ£µF)ÄÃ‰~≠5Zk”@_{∆i†îB)Öà 3W#9%mj‰î<PD 0ÆF⁄‘ Ü‰pdíaHÜi`úFÓw∏:†´]Ìx†õo∫ëˇÌ2ì÷≠5Zk ¨V#ˇÕº@´’!˜+• <∑qjSrø.ãÄL»Ñ.ã‡≤".+‚≤Æ€†µë*@DODœ˛Õ˛ç˛˙œˇÄq¶Åa¶Å6ç ‰4ê”@9‰0ê√¿0”¿0”@NINININ…0$√êC2…˝Ü)¶dòíaJÜ)πﬂ0%„‘ßFÊ@)ô≠ç‰4pø6ç≠A& ≠Ò,≠H†¡sJû√ŸÛªºÙÀø4/˝Ú/ÕˇF~ÿ√ò/ÊÃsÊã9œ2Ú,\¡Û(•Ä˘"†⁄42Æi”HNœm\≠ ÿ<~ÄÒp‰˘i≠PJ°µ@◊u¥÷X≠Vd&A◊m–⁄»8–G0∂∆˝Ü’ä√›]∆’
Äy7‡¯ÊqN]{Äì◊\√©kœ∞Ωµ…uµ†´]Ì@<õa≥€§èÄ>z˙Ä>†W4 y≠5 2Äà "∏_f2∂ëÊ∆˝"z^TÕÖ**t•#"∏_óûüL»‰≤fûelPƒeÕ\÷ÃeÕPô\Vƒ9 @Ù<P&êóEœ˝⁄‘ hSÉLh#¥⁄»u]GW:˙ËË£ÁÅÜi ‡¯â„ ?yúÎÆ?√u7\¿u◊ü·ÅVÀCV´˜[≠V<Põ≠5 Zk DÌÈÊõî⁄1Æπ_)Ö˚µ÷»L2ÄÆvﬂ:ŒÊ|ì˚e& mj¥©—Õ;^òR•˙>ÿ‹Ï∏ﬂ8çÆ¶Å√’!]Ì ßëqy†W{ÂW‡¯âS¸[?qúÁ÷’¬áR
˜õœ;^êø¯≥ø‡Åö°ôÁk»`>ﬂdµ:b>ﬂ§Î:"ÄÃ‰~A)ÖÕyG_ÄÆ " ìg…Ñ»‰≤à‡≤àÄR:(∏"s s  ¢Áﬂâ‡ﬂËØˇ¸/∏ﬂ8çå”»8çå´C∆’!mi”HG⁄8“∆ë6éå”»8çå”»8ç¥©—¶Fõmjåcc„ÿ«∆85∆©1NçqjåScú„‘8\çÆF∆©1L…0%≠ç¥6“⁄»8“¶ÄúJÌ 2°5»‰~≠Ò¸%–Äœ◊{{ÛøÕÉˆ0ûØé+Fû%ìÀ"∏¨îéR:ûC)–˜+µ#jO◊67;67;GÜ’äjccµª¢çç“∆qdGÊÛ9˜ÀL2ÄÃ†µ∆8é¥6—Û@C&á„»·82ÆV<∑’∏bﬁÕôws N^s˜€Ÿ⁄‡˘ßëq°qE	C9pø!π¨Ë`†Ò,•(3π_Q!"(* åÌêE)ÖÁë 47û[3óE¡E@DpYˇ¢L(Çà‡ŸrÄ6BÈx†"hÊŸr `u∞b\ç<KîÍÍúR
•J)<P=˜ßëax†„'ésøÎÆ?√u7\¿|±…jy»ÍËÄ’j≈jµ‚~„j ß‰Å∫Æ£Î: ∆’!„Íê®=•Zk¥÷h≠±Z≠«Äà`sæ…8ç<∑÷≠5J-tÛéRQÉà †µFf5 hS£Î
 }Ù}–’éÕ˘&}ÌËkœ˝Üi‡π=¯aè‡?“85 ˙tµü≠µ∆˝J) ¨V#/Ã_¸Ÿ_pøÆ@óerY¡RJ·i≠Ò‹ä∏,"xñLà‡Y2°ôgâË)•£qE¡≠ç¸°ÚÔ∞⁄›eµZÒ@´’äf5Ò\VºPuŒÕy.ïÀ∆âÀFÊ<á
L#˜õ◊ëgô Ê<á ≥M0Áô&.kœae.{Á˜~gæ˚ªøõˇÒ*óΩ¬+æ2æÈ¡¥÷ »L∫ÆÊ†T :äFÓW
î≤Ik# ôùzÓ7rE©HrZë#D Û
´˘ú®ÖB£’ãé√˝ë∂J˙Ñ(= ´	®s∆’!—Õ…i†Q@çRÉaJ 2∫ÆP úql–F ∆q¿·¡ä6çå´óM0gŒô„ß 8sÛç loos›u◊qøV;˙⁄3/* ‡4HÆ0Ó◊‹( Y∏_ ≠5äxÄBsÉÑà‡~	Õs2°πQTà‡Yä
x@åS£‘¬˝∆©Qj£`$[†® 0NçÆÚ #Ÿ]-<P∫QTßFQ!ä∏¨2π,Hû%Ä¶BÈ
 –
ô ¥ÍúÁ0ÈJGs£Ôz¬çPÄ‡∆˝ö†πQJ†P(•–’Ä÷ô	¿Ò«ßÄÌçCV«6!‡û{´±±∫¥œˆÊúQ<K◊uî± P(∫“Åa\èPF ∫⁄1N+Ü‹oGJ) D•VmÜ66h@«‚≤ÊFõÈ$"(.\&Ë‘—<¢∆±ÖÆÉ÷`≥Éql Ù•–’é6“’M∫⁄QT 8∏Ò¶Î¯Î?Áﬂdu∞b≈
Äms†âÀ2ìBc¨–‘=≤öV¨V¸õÕÁ\ñ-∆Å’j≈ÊºP*0ç ¨Äqj¥iÑi”
⁄¿˝Ÿü¸%/ˆ2/@◊A ∫
–hn ¡ºŒaj 0≠†Œ…LÓôIfRTàÄ"hÜf@ƒ≥D42!2!ÇÀ"Ä¢qøÊD«eô@P— ˘˜ ¯w¯ªø˘;Æ˙ﬂ≠îBf“uóM+PÅ“A& •@)\÷⁄»8RJG◊mRj«˝∫˘&•∫yG‘  "»L2ìR
õÛéÕy«0%} ∫Y·~9 ¥id\PjG7ﬂ$ßÅÆ ˙ C2éçqlC≤ZÆX-W ¨éV ‰4Pj«˝Œú9¿5◊ú`{{õùùÓ∑9ﬂ§Ø=]Ì@‹xœRT(* öTT(*‹Øöyô…ÿF ä
AQ!"(*472ìÃ‰ß¿85Ó7Nçˇ(<K3œE<áL.kÜf.À∏_◊mREPE∞Ÿm–G@rEœ_)Ö÷˜ãJ)îR(•D•Œú9¿5◊\√ô3g ∏Ó⁄3‹o\ØÜ˜Î˚ûr‡p<‰p<d»Å˚ç”¿8éå„»8é t]G◊u<á∆(<[rY)Ö˚57Ó7∂ë¢éÍ:.G»Ñq‰Y∫éÀJÈ∏ﬂê]ÈËJGW:ÒËGÛàG?öˇ(•˛´µ©Òoï…46ûGkçà " »L "ÇÆt¡ÿ∏¨àÁQƒ≥D"xñLË
îôP
DpYD"¯∑†ÚÔﬂ˜ÃÁs˛?[M+˛∑y±{	^Ï≈^Ç˚u]«≥î2†t¥÷(ÖÀZÉR:`ìÁñ”@‘û®¡e&≠5ÓWj –◊ †õ ∫Y`\5∆’!›|Ä6ç∞:‰~„‘ 8\ç Ù}0…86 Êã9´Â
Ä’r≈85 ⁄4Ú@◊\sí3gN—mo≥≥≥√ˆˆ6 ]Ìxæ‹@<Ú,Ãs(*<?	– hÊ947ä
˜knd&˜ã:uåm`l###Ö∆˝Ü)yn„‘¶dòíÁ6L…Û3NçÁ6NÄ"û•∆∆eô0ò†û•"xÄûÃÅàûÁg»Åj\QÄ47.SÅ6í…e]◊qøR
 ô…˝2ì˚ù9sÜ≥gœrÕ5◊∞pƒ=˜›«s;‹ﬂes˚8√0 –˜=„8“‘ÿÏ6ËJ∆idò˙⁄PJ°Î:®î¬8étÍ†
–Ä–Ò,•Zk‹ØSGs#" €!= c;$=†Î`!JÅqÑ÷ F"zÓ◊Gœ·x»=Ú—èÊ…OxˇZkd&≠5˛+¥©5¯◊¯Î?ˇ˛˙œ_ñó~˘ó`π,J·Y∫¬e´’
Ä’jE◊u å„H)Öà‡~ÕÄÆBuÖgiÊYä∏¨∫¬„<_ê	ô¸[PπÍˇù«>ˆ%y†÷•.À7H †h2!Zhm†îéR;∆’!W$9%QÉnﬁ—÷ç÷•Ó7NçÍfÖ˚EÌWáî⁄Qj«˝⁄4≤öx]WÜ‰~´Â
Ä’—ä˚µi†õor|1ÁökNrÊÃ) vvvÿﬁﬁÊ~õÛMÓ7N#]	.Àè  Æ0ó57ä
˜kn Óóô<P4C "ÄÃ‰Å∆6“ïéÊ∆s¶dú4Nçfú˜ß∆sÎjaú]-Ù5¶dúõÛé±Òö°àÀä :.ÀÑ ∏,ì+r‡Å" ìÀöπ¨èû*<Ä
óπÅPË∫éqÈ∫Ä÷• ZkîR »LÓwÊÃŒû=Àu◊û·~˜‹{ÄqΩ¢õÕ◊+ ∫Æ†Î:¬¡ê}Ùéá0¡8çtµcòÊ›úR
œODÄÅí+
ê@pYkçR
˜€Hs£®–‹ËJœE@&¨V–u\6é\V
@Gk#˜r†èû!Ó˜àG?öˇo^˙Â_éÁñ		DpY&0≠xn„8RJ!"(.‹Øπqø±AW¯Ò∆]·YJÅq‰≤R sY&D"¯◊¢ÚÔ¥Z≠∏ÍèÎN_«ãΩÿKpøÊF_{ÜË£ßïZ¿8ç2+t5(•0é#√‘ (ÇfhŸt≥9cÉÆÎ«C⁄‘@=ô#˜ã2ìà`G.3<ÀfÌCÅ±ç¥©—◊ÄRù s†µÄ’
JÅúF W+ ˜ËÈ*óﬂÍ`ﬁ—mÃôon∞Ωÿ¶S`s≥†®@Ì(π, 
4dP<–‹xnÕç¢¬E@&ó4ÓóŸà‡)ÇR`ú¶dúm…i j2"zû[Ê@S·ÅÊïÁ–\∏ﬂ85∆©–¶ë√ÃÁÖöW.töalPû%2ÅÄàÄÃÅ»û 2
P¢ ç˚uÇqÑR öÅ6ÇîéNÄÆÎ hn$	ÜR
I“‹(µP(∞Ê≤aÿﬁﬁ¶Mçﬂr3ªgœÛ‡ÎÆ„¸•ÛÏÔÔ≥Z≠ÿﬁﬁ¶õÕ)•–Z£µFW•v„
ÄqjtÛéR •∆q$"»L"Äq)•@ÂY˙Ë!†µÜR$ê\V!∆q§îBQclp8BWÊC◊qY&4A	.¿Hs#Dœm^πÏ%^Í%xÚüÃjµ‚EµöÄâ+áÎC677IC∆©säF∫≤b^aU˘7[M¿¥¢õ:Ê”&XU(@·ôV+:`hçqŸ=ÿÂpuƒs˚á?ˇ^ÓÂ_é÷∏¨àÄLû-°©qø’j≈|>ß+EÖñç¶ëg@°Q†Ö∆øFîB„Ÿ
çÆÉL(H.Î
óçöπ"°˛5Æ˙ÂaœO=C P
ÃÁP
≠5∆qdGZkA&óqYW∏¨+0éát›&]∑	@◊ut]GDêô d& • HÆ(0∂ë!hò Üi  ¢Áπu≥éa W# „j‰π]wÊ◊]s ◊ù9C◊ ˙> (j‹Ø®Ò¬Ùë∫“QT(*®π—‹hn47∆∆Ûê	\Pô–ÃÛh”HN 9d¥62éádddd¥6Bk<À8r∏9\çåS„p5í√¿xx»jwó’Ó.„ÍêquHNm«ëÁ66.kÜ±AD<ö!¢Á~=—Û¬d”
"†t†¬AQ°+ô	@D–ïéÆt∫Y«˝∫Y«u◊_¿u◊_«Û≥Z≠X≠V¨V+Ó7Æπ_©ÖR mj¨V+"ÇR
]◊0é#˜€»ÿF˙Ëh≠Ò@@f2∂ëÃ$3)• p8rŸÒ9Ù0é–u–uPƒeÕ–ÃeÛ:'"∏ﬂêc€»˝˘»GÚÔµππ…uµü≠´Öãø¸Ûø‰~•pY)„»Ûßëq»L∆6Ú_•û•(ZÉqÑfË
t"¯◊¢r’ˇ+}¯#y†>zû√j•@k–u‡F)Ö˚5Û|ı¡±…8RJ«e	•ZkD „8RJ·≤Å ˙ËÈ£g≈
Äa » (•£µëq=0˜V„j‰Åé?ŒÒ„«πÓök ∏ÓÃ®Î
ëdˇAfRTà2ìÊFQ°πqøfûCdÚöÅÑàÄ±Al√îåS#ßÅÁVJGk#/Tk–#WåS†ÔÇ˚ïÆ†M# mA@◊u<PdÚ<ä†2°àÀ2"zÓó9@ê…≥î¬e≠uŒA3ó5Û,¡ÿF"ÇÃ$"àZkt≥é˚µ±q›ı◊qø—# ˚˚˚ÏÔÔ3w`>üê”@‘ÄR;riS„~•J) ¨V+J)îRh≠—ZÉ
]ÈËJ«ÿF J)‹Ø®ê$A$IDêôD}4Ó◊GË:û•ä`^° hnö˜€Ï69πﬂ#ı¯9˛›∆©–◊`òíˇ˚˚ÏlÌpøaJ∫Z¯∑(ÖgiJ·˘Íj«˝"ÇÃ‰E—∆ •õ”∆D@f“Z„~• ¢+º „≠qY)ê…≥î¬ø¡Uˇo\w”Éyÿ√¡u•„~õ›&tóuî¬˝Zk AW†ôÀ˙‡≤!aH.Î∫M"z ∆qdGJ)d&ô	@kç÷ \÷GœÿFÜr‡~}ÌÈkODOk#≠ç<∑q=2ÆFû€Ò„«9~¸8«èÁ˘È˚‡ÅöcÎh.º®"Äà‡Åä
AW:∫“QEPE<K34sY&ó5√ÿ ìÀ∆„‘x†®=œO)œW&¥ ]«Êºcsﬁ—’BW˜+]@õF JÌ «ëa«ÄfhÜ±A3œ£ôgâ‡≤àû˚e DÙ<Pœ“¥•<öyc(*D AQ°®pøn÷Ò‹Æª·:∂∑∑ŸŸŸ·ÅV´´’ä’jEõFr h”»˝J-îZ h≠1é# ≠5 J)îRÿÏ68Ë∫Ä÷ Õç˚Zkd& ô	¿ê<Kk–óµE\÷ÃeôIf“‹(*<PW:ËèzˇQÜ)ß∆ÜÌ≠mÓ7NçqjÆF∆©pxx»——áááº ÒÁ@◊Ak–u\÷óeÚBE/äÒpóV înN)ÖR
]◊1üœÈ∫éÆÎà r»i ßÅú∆∆ëgÈ:òœ!ÇˇT˛Ω*œi‚™ˇ°é€dÙHD êô–Äå–hPÄ≤AaÇ65(@@„ô†@&œn‹Ø≠çEÖq⁄¿ºõ å„HiÖg	hnÃÎÄqiŸ† (P
dvC–Ãeôç’jÄq°rŸÒ”◊–Õ7Ÿ‹⁄ulooRf •tÑ
m‚≤R⁄H)Äax†¢¬ÛHûØà 3…LÓ◊E¡≠–ï¶ÄÊ¿∏ZqôtÖ˚JÌ(µ –©1R∏ﬂ85⁄4Ú,*\¡e5xñLöT(h#-ÇÀT†ç P:öòVP†Î6»÷(¿0%„‘(•@◊—ó√îÙ5(*47Óó	Ö+˜À‰≤»©#•tDÙ‡∆s4Û,Õ–Zé\Ê`≥õsøCÊDpÍ‰)˜9uÊáÀëõÙ0n∆ù0A◊uò`TÅZhS†îB°¿ƒemjP°Mç˘÷ú÷ •Zkt•Åπ¬≈õd&E®–u´’ä,I)Ä÷˜+Ç’ƒe]«e„»QhnêÄÊ@ E Ö±çd&£yñá=‚≈¯ªø˘;˛U&Æ0óÖ∏¨/PÄ’∏bæ—±ZVˇ>”
¶9P°–ËÊõ 4`5çå	-πbíÁÎû;Ó·¡è~4Lªå´é®=¥ÅqÈ∫éÀ
œ“h¨÷+Êõsû≠–‹(*47.ÀL.õß—•û[)ÖgâBó5sYó5 äî…øï´˛ﬂxÙcK◊u ¥÷àHÆ† #W–ÄHÆHtóe¬8B)¡e•@õ∏¨õCôz Üi‡~ôID–u9%˜r†® –Z#"h≠¡ƒ∆lt]`ÄqΩbV ¨V+Ó7üœ8s˙◊ú>	¿ˆˆ&;;‹Ø´Öæœ‚§Î:2Ä>zûüà 3in‹Øπqø÷œOóçä†´œm\≠V+.Saíæ∫Æ@•vî¬≥å„»˝JÌh”<ã
 ®Äœ‚∆≥¥Jn\¶¬ãbú˜«ë˚5A_É˚A3dB3tuNk+(ÇÀ2π¨îéàû§àÀö°.˙‡9E –t⁄»e;\v/‹rÀ‹v€]‹oGÓW∫¬µ÷àJ)¥÷( J-¥©ëN"Ç÷•Ó7LI_É±ç90∂ëÆtÙŸSJ°Î:Óóô‹Ø®åm§®êŸË:(∆öEÖà†®Ü±5 ÜLä
]Èhn<∑?¸¡úπˆgÔ=ÀøUf îR`‰?]õFJÌ¯∑h”»˝∆’!• 2ìà ß‰ÅV„ä’∏‚Yƒe##ó5(•pøÆÎ»L ZkîRxQA3œ£5ûCdÚoEÂﬂÈÊõnÊÅrJhµ\Ò¬4ûK6ûÉ˘◊œ·¯©S<–≠Oy*ˇ=˙≈^åGøÿã±Z≠(• –uπ"π¢qEl(\Q
dB)ô¡e9AT.Îj«˝Üi‡~„8PTËJ«·x@kÄR
≠5(ÄÄòÀ∆±1…Û3üœY≠V ?~ÄkNü‡ÃÈSlÓlpøÌÌM
¡E/LDpøàÄÑà  Óóô<∑à F 0ç‹oòrV+Ó7éçÆ+C2I)+≤vtÛMÓ◊˜=œRÁ∞:†‘é÷" ¿pÉLûá
∏Ayû≈ç˚çÎ›l¿0%˜ÜÅ*•–◊ `ú]-¡h(Ç÷VdÆàòô\÷Ö]œ“WD@&˜Î
å∫¬e+ûmcgÉõt#∑?„N n~–çúΩ˜< „85 Ëf˜ÀL®MçnﬁQjÅ∆s8\ç<–ê ]ÈË£`G "ÇÃ§µ@)2ì¢BDêŸhJ·Y∫“qø±5 ∆÷ËJ°πêô<?◊\sgÔ=ÀøU◊u‹/3˘Ø‘¶Ä˘bì’—ˇí˚±„c?Âìy~Zk ¥÷ (µPj·πÓ◊‹ h≠Ò,NZk Dc„Y" "∏,ûCs·~ôA•@◊Ak¸{Q˘wx„7céoÁÅV”ä˚›y«ù
/ÃäÁ2≠xˇ:ïÁ∞ªª¿É˛P¸áqœ/¡/ˇÙOÛˇYkÄà†‘¬e$–Ä¬#P∏"ÅÑ(ÖÁP
œ“&à
9qŸj:‰Å2ì˚ïRË‘1∂ë>z Ü»L2ìà  4Ü§ÔÄqlåÎ√∞b\Ø X≠V ?~Ä3ßOÒ¸looÚ¢ÍJ«˝ö<?¡ø§0”¿8ç ¥’äqµ‚YÍúql t]†M#1çî⁄—u „8“˜=„∫—Õ7i”HN dBœ!2yñLà ÇÀ⁄»e\ñ…”’¬85 ∆q§Î:Ów∏Èj°Ø¡ÿxñ π,sEƒú˚5CÑzÓ7éá4†Øs^ê!°∆sF.+Öómnor∏»›¸†∏Ì∂ªx†q)ÎBﬂ˜º •Ó◊¶F:i≠—u }Ü)¶§ÔÊ éá Ù—”Z„~ADêô¥÷ËJ@Qa5≠Ë∆ëÀ" 
cint•c≥Î 2(*¨¶EÖà†µ∆ùπˆ¸ˇ!Zk?qú›ãª¸W(µcú´Â!ˇZmy~J- D Ê›ú§®@pYDpŸ‘àJ)\f^†f y<KD“ÄhçÀ2!ÇÀ2˘◊¢ÚÔ∞:X±⁄‚9å´Ä65N?≈·˙êqπ_kçq˘∑j4®PxaÊÛé3◊û·—è~ ~ÉyÉ7{3ûˆ§'Ò‘'?ôˇÛ*ó=˙≈@Q†πABõ ETD@
:* ‡F)\÷¶Fzı„ @=C(•Ä õÛM∆q‰Y√40N#É˙Ëπ_)ÄÃ†d·~É6KZéÏØv»6“¶∆uµ–¶ëSß∑iåú9s#ÛÕm:A©m*î⁄ÅG"ÇÃ ≠5®MçÁVJ·≤Óë@ " 
Tƒ≥§mZQÄ±çÏÓ2Áô∫Ä#˜ÀIQ{⁄jE©∫¬|÷—u õ
Ü)Èjaú:b\1ÆW– ÖgkÓËh $@& ¡Ç+h uŒÿÄq§+–‘Q áôt•@&•Îh”@°—(îí ÃªéÀ Äq‹•µ•;@ó%Ä†Œ)”äP s†Q∏_îh¥LJ•çå.DE£QÉÃ†4ÿŸÿ·p<‡∫”◊q˛¸yéÔÏ–Æ°ú=wñ˚5w¨V+ö Û:ßM*tÛé¶#47(Q(• –Z£(∏_s£µ∆ºŒ«ë÷.kŸhj\&†ÖÀ∆aÑ	≤JÖ’80N#Û ≥©–‘1é+ ∫n@ßB)„xH= ô=/˝“ØÃoˇ˙oÛ"´\QÅ
ÖÄFò†PËj«|>ái≈Ó˘]˛mÊPÅ ÇÀÖ 
çaJÊö`40–xæ∂∑∑«î¬≥(h@_Ä®Ö˚`µ\1ﬂúsøpúF.ÀF&D2°pEó5ä•l‚yd6ö°"†Î
ô=W42˘∑"¯w¯Ìﬂ˛mÓπ„v(j5(µPj°Ô{677È∫éÆÎ Ë∫éÆÎË∫éÆÎ(•PJ°îB)Ö*•–u• ˙⁄”◊ûæˆÙµáR†(J·πΩÿKº/ˆ/∆=Ïè‡ﬁÏÕxÉ7{3˛øin ÃÎú˚ïRh≠qøÆpYW p7Ó◊¶F©ÖÍ£g»Å˚ïR»LZkt]GDpøÕ˘&õÛM ∆6r82‰ ¿8éîRË∫éÃ‰~á„! ´q≈j\±V å´ë˚ç´Ä3ßOpÕÈì lnn≥ππ@©Q{JÌ à2ìà "à∫Æ£Î:J)îR(•PJ°îB)ÖR
ëD$ˇí¢∆˝∆©1L…j=≤Zè¨ÜÅ˘¨É˘∫é˚µ÷xn9 ¥id5¨÷#‘◊†ØAW}?ßõÕy~Ji d&Õçà‡˘…Lö/P)‹Øt•Î h„»˝Ü)ß∆··!√00é# ≠≠ Ë∫„î2ÁÅ«Cö!ÇÀ∫•t d<∑f ìÀ2°"ÇÃ‰Å2ìà‡Å∫“—ïÄSßNqÚ‰IÓwÊÙÓ7ÆGÜa‡~•J-Dû• çgâ 2ÄR
• Zk å„Hk :†
œ£tÖí˚”@W;˙⁄≥9ﬂ§îé˘¸8]∑I)˜Î∫9„∏¢µëR:Óó9 –uõî“àG=öˇ]- loo≥≥≥√∂æˇZ«∑∑y†aJÓ◊’¬œ£®PT»L∆626»‰≤»‰≤fûGs†5hç™∆ô≠çd¸ ¯w˙Î?˛Óπ„vû[‘ †Î: ˙æ†Ô{˙æßÔ{˙æßîB◊uDADPJ°îB◊uD A◊u<è.ãÄÆ„ÅNù9√ôkœÇ<Ïè‡ﬁ‚Õ¯øÓ—èy1˝ò†®pø¢¬8éå„@kç±A3d¬ÿ∏¢t P:Ó7ÆF∆’»ê}Ù90∂ë˚ç„HkçÃ§µF)Öà‡~]ÌËkOW: ∆62‰@DpøÆÎ r†+ ÛnŒsVœœô”ß ÿÿÿ·~Q{JÌxnô…sãÓD@D ë<P&óE@5Ó7∂éqjÆFÜ)ß¿jx•@≠5Zk<PN ´ı»jX≠G ∫ZËj°´Öæ }?ßõÕy†÷
≠ÓWTxn@DPT(*‹oú„‘x• –∆ëÁÁp5Ú@„8P úRÊDÃynEê…≥DÙd DÙtä†äÄû•52ìà †µFkç÷ôID –ïé>zû€©Sß∏ÊÙ5<?„z‰~QÄ65Å Ê@Å÷ôIf<P)ÄÃ$"òœÁPÄh<èqµb<y~∫⁄—Û@„∏`W då„!„xH◊m—–⁄»8»G>öØæœm{{õˇh]-Ù5Ëj·_Î¸˘Û‹zÁùº „‘x†æÚ<∆6“‹à∫“—àÄ"(Ç.+‚≤ÊBs·_£+P]ÅàûÆ€§µëˇ T˛¸ıˇ/˝ Ø∆u7›L©Ö65®Î:∆q§Ô{Zk‹oGÓWJ·~• ZkîR∏_kçÆv<P(ÖÁˆà{1Nù9”äÊaèz{‘GÛk?˜<ıâOÊˇ¢G?ˆ±‹/"»LöEÖÆÎ»L(∫¬≥e@i4 ¢QC‹oG2ÄR
≠5 J)‹oúFÜi†Ø=}ÙÙ—s8êôd&˜ÎJ¿ê ´q≈Û3ÆF Œú>¿5ßO∞ππÕÊÊ6/H)ÄÃdGJ) D Afíô‹/"»LûüûelQ∏_DíçÁ∞ûØR Ë•Zkd&m(µ#ß(¨÷#˜kÜæ]- t≥9˜Î˚9´£CZ+º0ôIQ·ÅöEÖÁQ
óï¬e≠ë√@G∫ÕM∆©—’¬ç„»˝˙æëπ‚YbìÆt /«i^ê…9—Û@<KKÆà  2(• PJ°îBkç˚u•cl#œÌ‘©S ¥u„æs˜Ò@„z§Ô{ ⁄‘à‰îD ÅÇgi≠—Z„~ô	@D ¥÷(.PÄ
œ·pwóÓ¯ú“ JW(.å”@W;ÓWJ«8rx∏œÕÁs∫nì˚ï“—⁄H) ≠5˛£lŒ;V´¿ˆˆ6{{{¸GßF_Éã'?˘…ÏÓÔs|gáÍk –’B„Ÿ∫ e„z§õu 47Zk "x06à‡≤¢Fs!3Ä@&óE,@B&D@&Wî“ë9µê	ê…øïIÂ9ÃôÛ*ó˝ıüˇØP;Nù>N©ÄRÌ†–©†õw‹o>ü≥ªªÀsòxñBa≈î¬8≠x†yùÛÍúGºÿãqÍÃ FÒ,Õ¿ƒshÎõõsﬁ‚mﬁå[oΩáü˛·Êˇî	òÄâÀR…˝öÖ¬ÿFÇ  ¢QJ°µF)‹x†B†πëôÙ} ∞Z¨ËËËkOW;"Çqi≠QJ "òws∆q§® ∞Ÿm2‰¿˝Zk 4 EÖ65óï(tÍ†å4¡Ãõµ‡Ãu◊pÊƒ)∫“ Ë˚ûRÖ+Ç†5»L J)ê–‹ !" Ä¢BsÉÑ ∏_f“‹(*‹/ÇÀä˜ßFõFrj ¥))<Û,@Èi¿h@ÖRÄ6Jit—»L∆’m§îB££M# •$ •/¥÷à≠rh„¿j(µ#"h≠  ç‡9èD„8“&ò{ "=¬∏¢Îá˚˚¨V+éü>4∆±1Ô
£π¨M#•@…û˚Õg–hn<[@Û@â9DÚ¸d.†ÜñP¢Ä∏"°µ@kç÷c°pYâB∂‰~õ≥Mv7wπÊÃ5å´Ä{vwπÏéó„¥⁄`‚≤65FFÊÛ9 

 ç∆8éÃÁsZkÙµ†π∞öVl∆& 4Ä¿0¨òœÁ5"
„·!›Ê&‘<R‘ «∆0$0gW√äÀÍúRπ,ßëÆ6∆2˜{ƒ£øƒ/XÂz`Nt\ñ	£°î¬0 ú:uäqLvw°r≈ƒø¬äyù”qYWœ°œ¥û/¡ˆÊ&tœ6Ç∏llç(<À8ıt::ÊÃh•Òƒeç˚5Óó	ç’–(jî≠AdBÚ …e<@„äBkê¸´¸˙≥?˛c˛ª=‚≈^åSgŒ@\V•B©P*î sxÉØ„ÕﬁÓ≠yƒcÕˇè~ÃãÒË«ºä
c€Hf2é#≠5 Zk‹Øµ∆sknÙ} 0…ÛSJa>üSJ!"h≠ëô ÃÁs∫“qø>z"ÄR
 „j‰˘ÜÅqY¨ñ# ÛçÄ„ßOp¸Ù)Ó◊˜=›¨„Åí "∏_DPT »L2ìÃ$3€Hfíôd&ôIf–ïéà ∫¬e\6NçqjS2NçaJW#„‘xaJ·Y∫Zx†R≠ "ÄqÜÅq«Äà†Î:"ÇR
•Îàæßt•Î(µ„i≠êôd& Õç÷ô…E˜õ/ÊÃséü:¿86ûüLGX´a‡Åäxc(*D$ˇfmWá<K$tÛénﬁ–Õ;^ò’z≈˝⁄‘∏_kç˚µ©–Õ;Ó◊u≠5 ö]È(* lvõ<∑n6ßÔÁlnß€‹§t›Ê&‘G‹∆±1é+^êÆv ÃÁ<èG<‚—¸{¥≠qYﬂ˜Ù}O◊u¸g¶dúˇ∆÷xA∫⁄Ò‹2ìEóeBW†+≠Ò<" "xÅ"¯è@Â_·ªø˚ª9æuúZÒúŒﬂ{' O{⁄”xÍSü Éˆ`Ë÷g‹ =‚Qè‡Å
ÖyNmy†B@ßŒú·Å∫ÕE–Äú∏,*l÷9Ùà«<öG<Ê—<˘ÒO‡~‚ß˘ø¶πAEÄÆt<Pf“u ≠52ìÆÎx†Ã§®pøæ∆±0N#˜•"ÄR
Af2é#EÖ˚9 å„@7ÔW#mjîZ «ëÁ6_t‹Ô¯Èì‹Øõu<P° Iêô<PW:ö˜ÀLö/HQ!3yñ‡yS2Nç6%„‘¯ótœ“◊‡~96ÓWJ#3È∫ÄqâÜa†Ô{ 2ìÁV∫é˚ÖìÁßî∆e	Õç¢BD0∂ë÷•(3y~Gé/t] 2π¨5hmd>Î X≠G∫æ†àÀ∆ñ‹/"Ä‰âÄ÷†µFf<K¡emauH7ﬂsÖÄ‡Y∫y¿ç7ﬂ»˝Óº˝Nû[N	@©Ö˚e& • ⁄‘`QÃ≥d&•V”
Ä¢BW:∆62‰ ¿Êbì˚u≥9mynckº(˙~NW;Ó7N#" 2yñG>Ú—<˘…O‡_+ìÀJ·≤N„8rø?¸‹Ô÷ß<ôˇH]-¥i‰?C_{Ó∑VÃgs öA/)2yô\…sä‡*∆∫é+*ˇ¡ˆ∞á∞á=å7xÉ7`˜`óö◊9¥öV<–|>ÁÖYM<á’j≈˝ıüˇ5œ≠àg)rÇ®ºPèxÃ£y≥∑{k~˚óç√√C˛∑zÙcÀsãä
 @fD ´’äR
AD–Z I∫“–ï*åc„˘¶Åy7ÁÅ∫Æ 3r‡Å∆q†îBkç65¢mj¥©1z`Ghæ—3_t?}
Ä„ßOqøæÔÈfî$/»ÿFû[W:(3π_s„ÅZ„YV”¿85 ∆©Ò/È:û•Ø¡ødG"ÄqÈ∫éaÜÅÕÕMZk îR∏_È: Jk‹/ßÅ÷
¥÷∏_◊uå„»˝ZkD ]◊1é#´Â
Ä„ßé≥{i≈Û≠Ò,´a`ﬁ˜åä†hÜÊFQ·˘…öE¡sË∫é÷4ûC©Y;ûCÖÁ—Õ;XÒÊ≥9´ıä’z¿|6†‘@)Ö˚µ÷ËkO‘ ß "»L∫Æ£î¬˝ä
 á„!˜€Ï6◊+∫Ÿún6Á˘ŸÏ:∆Ó∑Ü!È˚ †ÎÊå„ä˚ç”H_{∫⁄1N# ô\÷ˇn\V
¥ògÈ˚û∆~¯#x¬ﬂˇˇ^}∫Z¯∑xÚ?¸ß^˚µ˘∑**öˇí"H†öπ¨.À‰˘ ‰Y"Ä‰Y"†5˛=®¸ÊÃπﬂ|>gs{ì! ∆6rºŒinöcâ ä
«∑é”‹ (*îRË∫é÷ €lPJ°µF)Äqhj<–úÁ4v—˜‹Ô•_Ê≈¯Îø˚ÓW<Á9∏A)•£µòÛ@≈–ó=ˆ±èÊ%^‚•˘Öü¯1û¸¯ `5Òø º+Pyc)•–Z£îIBrY◊ud&TJ°Ph≠AB£Q(t* lŒí√5óıµÁÅJ)¥÷«ëà "à Tr `l# •Zk‹/ß§õw‰î¨V+V´´’ä’j JtlogæµÕ|6gÆ¬Òc€P°π—±@®Ò@9%î$ ¡…IQ£π ¡≥eGWFö$œí9 çqi√¿8é<∑¶‹Ø®—Ë(µÉ6ÙÇ!
ô¡≥å„HD0üœ«ëÃ‰~ááÙµß´mj¥
}Ó◊©–uÖqlî⁄—±‚ä¿ÿFä
@fRJ†µFkçR
 •FJ√∞`s≥@≈P“#M¥Ä’r§õoBÌhóÕ+472P∏_Dt<Pß§D7J@œfhntÛM ö%
œ"Ë‘ëôt]Gkç„Û9´ù∆kV47 ŸÛ‹yÁ
ÄnQX≠WÃÀúééÀ≤d£0–zBP(å9–Z†/ÖÀ‹8\¡º∫JÅq\—— •˙ÜLÓ∑ªZ—’Äæˆtië¥)Açq\Å†@çN–’ ‹à(î“ á¥V xƒ#ÕußØ„û{Ó·ôÛ:`\Æ`kõb.WçÆ ∫Æcú√îVú:uú;ÔºìÎn∫ëÛÁŒrˆû{¯∑J46iœ4's≈êç’¥b5¡ÿx˛˝◊ÕkøˆkÛ,öGJÈx†aËj *WFè<ã!"∏_°Ò@hAs°πA@3œWdÚ,…\Qa4qY·_Ö‡ﬂ°+ EÖÊFQ!"(*öÕÄ¢Bs£µ∆jµbG2ìÃ`G2ì√√CÜÅ√√C∆’»Í`≈Í`≈Í`≈Í`≈∏W#„j áÄ“u\wÌ^˙%^å¶îÄR:J·YJ·≤R∏lπÏÕﬁÓx≥∑{˛∑9~‚õ€€<P)ÄÆÎà∫Æ#"Ë∫éà "àû[)Ä÷„8êôå„»8é¥÷Ë∫éÕ˘& √4–’éR
 „8íôD „8íô lvõÙ—≥ŸmRJ†î¬˝∫y@õˇí„«∂y†R:JÈx†ÃdG∆q§π—‹à"Çà "x~öœODP‘(•†îéÁßîB)ÖgqÉ6B!ì˚ï⁄<P)ô<K◊ud&≠5"Ç÷4L„4Ú@]- Ù}–˜A◊ J-îZx†à‡~≠5"Çà `G ∫Æ„πçÎ]◊Ò¸å„@W†öπ,ßÅ6ç‹Øä Ç*3…L ZàËÈ
Ò∆62∂ëÃÑH†#d&≠5∆q‰~◊]{Ü⁄ﬁﬁ`ˇêÁ¡≥4ÛZâÓWJ°´<ÀÊJÅq‰≤ÆÉR
ôIf2é# }}}˜Îkœ0‹o˜ê’8“¶ë6çî⁄µÁ~„∏‚~≠ç¥6ÚÔ1ﬂÿ‡~„‘ ß∆85ûüÌÌm ^Ï•_ö3◊]«øUk# ≠ç¸G(•£Î6âËim‰ÖY≠V DAD‹/3iÜfû%3h.4Óó	Eº@–»ÑûGD@ˇZˇöEÖjnd&/Lkç÷„8“Z£µ∆˝∆q†MçÁ÷¶Fõmj¥q§ç#„·!m∏Ó⁄3\wÌ ◊+◊+◊+(¢'¢Á~•@D@kP
î¬≥<‚1/∆õΩ›;pÛÉnÊã„'OrÊ∆y†÷˜+•0é#ô…ïRx†R
≠5Zkd&• ∫Æ£Î: 2ì˚uµ`úF ∆q§µFD PJ°î@W: Ü Ë∫éà‡~• rJ V´´’ä’j≈˝Nù8Œ…ì«9u‚8 «wv8~lõjm§µëqi≠QJ°îBW:∫“ëô<∑Ã‰~ô¡sÀ äÕÖÊBk# „xHk#„8røÆÎ∏_◊uîR†tP:P7⁄4í”¿Ûº AfRJ°îBD@√4p∏:dú√îåS†Î
]WË˚†Î
QÉ®A©ÖÁñô¸kt≥9œOkÄà 2π¨⁄4í”¿í9@c€@sc)•#¢ÁÅä†ä
]Èà∫“@íg)•–Z#3πﬂu◊\√u◊û`ggÉ˚≠ñ+VG+VÀ cÉ±Ò,≠çå„!ôô„8îR '&ûC◊¡8Bk<Kkç÷C& á„@W;û€j∏_7ﬂ§õoµÁ~„∏¢ÎÊt›ú˚e<∑õÙ`˛µ∆©qøaJW#„‘ Ëk ∞ΩΩÕŒŒ€€€ ºÿKø4gÆªéãR:Zhm‰?J)]∑…8ç ÙµÁÅV´ ≠5∆qdG∆qdG∆qdGZkdB&4sYDÚ¬D<2°" ∫cÉLË
ˇˇF}ÙÙ—PT∏_Q°πQTà ä
ÕçãR•ûüR•Î(]GÈ:r∏ﬂKøƒãq›µgxÈÎx†àûàÄÃÄÆÉ»ÑLË:ûØG<Ê≈xµ◊x5˛∑8~‚ á˚˚‹Øî¿8éå„H◊uD≠5 J)¥÷ Ë∫Ä÷˜ã"Äq«ë˚µ÷ ËkO_{ ∆q‰~ô	@kç÷ á„!cr`G2ìjS†‘¬|>Áﬂ™îéR
•Óóôd& ôIfíô D˜ãHû[D–\xaÜa‡πe&ó©Ä
D@È h”HõF⁄42∂ëÊ∆sãÄLûGkÄÃ‰_£Î
}îZ àîZà®î¬øWf‹Ø2ym4√ÿ`l\ñ9ê90∂CÓ◊‹x~2π¨öyñ¢¬eËÄ "ÄR
œœˆˆ&ˇí"ûØàÄqi≠qøærYW!2π¨.k≠QJ°îB¡êIW
C& õÛM ∆i`ﬁ˜Ãªéy◊QjG© 9å„ä˚ç„ä˚u›&=ˇZÛÕMÊõõ‹Ø´ÖÆÜ)ß∆˝∫Zxn;;;‹Ô≈^˙•˘˜*•„ﬂ+¢Á~•ttµcúFû€|>†îB)ÖR
•J)îRË∫éR
]ÅÆ@œR‘(j‹/ÇÀ"∏,2!ìÀöyñhÜÆpY&DoEÂﬂ†®–‹xAä
 EÖ˚.s„≤L @f<P)Ãe]◊ëô45ä
œñ‹Øπ—MÖ˚Õõú∫fìn≥„ÏΩgπÃç˚ 0ó¡jΩ¢Òlùxñ?˛„?ÊŒ€Ô‰ão∫ébÿ\l√]…•"ÇR
≠5Ó◊Z 3)•¸îR(•0é#≠5J) d&œ≠Î: ∫ÆcG∆q§î¬˝JWh´F)Ä“⁄‘»)a*§
√¿jZQj°´„j‰¯Ò9«èms¸ƒ)éü>√º¬|kÊs :u	 ¨Ä¬sûØ$hj<Pq·Å"ÄÃ†π0#√∞¢4¿PT HûS·ôT∏¨+4C∂F¥lå„HŸ, î“—Z≈<KQCQ·˘Èf•4⁄‘(•–‹–G–j°Î
mj‰î4( h„H)Ö¶∆˝2ì‚…sr£àÁk5AâÇÀ"8ÈjGkJ'9Æ(4J)‰]•öô<S°"∏,œ)2°à+Ãs
ûCN…s®s 6wé3ﬂ?‰¯ˆqVÀÛ9œ“≤Å`µZ±9Ô¿PTßuN_{WálŒ{∫⁄qô°P52!ÇÀ∆ëÀJÅ÷ j d&ÕÖ“ ò†—ßÄÕ˘&m\AkP
ÛÆ£#óMçB·Å∫nŒ8çDç4†ë˚ΩÿÀº4O{Íì9Ó</»™5 ∂˚9Û:á
m)¨(ïÀ¢ˆ4 j°Î
´a≈ˆÒmVÎßNùaÔ¬ ^˘ï_ô?˛„?Êö`5Agò®<K) ´’.mZQÄyùCÖÆÙº®2 ÄæŒß„‘òwÖ››]éoÕôWh
2ìä "ÇñÄLhhå‹ØÒ@≠A©ç(=œ‚Fåä ÇgâÄ±Ak–˛-®¸öEÖÊ∆øä
∏AÈ (<[fd&• "ÄÃ$"∏_Dêô DôIQaˇêÌÕM n<sÜ’ÍàkÆπÄ≥˜ûÂ_„÷ßﬂ ÓÓ.¸«Ã˝V+˛7È:hJ·≤à "(• –ZcGJ)D˜ã∆q$"x†R
´’
ÄR
Û˘Äqh≠qøR
≠5J) t]«Ûh\—Ä0œaGûüq5Ú¸Ã77ôonÚ,ë<ãˇ&SÉ’ÛJ·Å2Äà 3◊+Ó7∂ëà‡~If@(@ 	tä∏¨Ù= √0pEœRj¡≥Ù}Os£îBkç˚ı<P©Ö˚µR»a‡˘i≠—’éaËfTjGõF®5(Çû«8éD•Zk D •®ôÀäxñLhÊ≤àûä‡≤Lû•ÒLÊ9Ò,C ∂∑∑ŸﬁﬁÜk·û˚Ó·∫kØ„û{Ô·~„z§õuÆF∫Z Ëj°√4–’ÄqÈj@W;ZkD@&drY)<K)Ö÷ WË’3L}Ì¶ÅÃ˚Äyﬂ3RÜ˜Î∫9˜«®Pja\ç<–j¯˜(µ£M#•vî⁄qø’Úêy?ÁYNÃÿªpÅÌßx±ó~i˛·ØˇöçR: ZòoŒY≠¯∑ ÑLàÄÊ§´Ö˚.W<–8é<∑÷˜+Çf(Ç"hÜ"àÄLûG–ê=E@@k¡ÛË
d¬ÿ†J·_É øRDêô‹ØàÁcÉ".kÊ≤"hÊ*•‹ZkD ¡˝"ÇÃ§+cà2ìÌÕMÓ∑Ωπ…ˆ±M Œ\{Ü≥◊úÂû{Ó·¸ŸÛ<–ˆÒ„‹Ô∫Õ9ø˝øÕΩÚ+ø2˜ªÛˆ;yÚüÃˇtèxÙ£yƒ£Õ8B)<è÷˜Î∫éR
‘Z#"(•pøqË∫ÄR
„8“Z£îBD–Z„~≠5"ÇqâJ)t]@Dêô P∏bÑF jpøq«ëq52¨û€©”g òol<‘¿ÖóZ†0œ!"»L Zk‹oVåÎEÖ¢¬˝2Éj@Ç+" J·9Ù}¿0J-Dû•Ù îÆ†¥ë*• Dˇí“u‹/˙ûv¥@fÚ@„z†ôÁ–î¬eôä†ôÁQJ°µ@)ÖÁ÷Z#) tÖÀ2y•t<P&œŸxë9‹vvvÿø∏œu◊\«=˜›√˝∆ıHﬂ˜‹oú}∆©µ`úF ÊÛ9 }Ìßë6qY)<Kî≠¡jµ†Î:J)` ÇÆv ”¿8çîRòwÛÆ„2ut≥9áÏ2ÆW √äjS†M´a `>Î8y˙$ÁœùÁﬂ¢‘é®=4ÔÁ<∑Ìß ÿªpÅ3◊]«ãΩÙKÛ˝◊º(Zâ)•„ÅÊsVá+˛≠∫éÀ
@W ÛÆ∞±1Á~]◊ëô D ôID P<“qE3PÕ–hÜLà‡9=˜+Ç»ÑûGê–ˇ*T˛ÉD@&dBó5C4sY4*<?•ZkD @fîR¿\47 2ìà‡_rÊ⁄3lü⁄Ü‡≤ì◊ú§tõ<–Ò≠9Ô˝˛ÔÕ≥L<áﬂ˛ÌﬂÊ´ü¯’¸o—î\VJ°µ∆˝J)¥÷h≠QJ†µ∆˝Zkd&A◊u ¥÷x†ÆÎ∏_)Ö÷]◊QJaµZqøR
 ´’äg1–Ä†qYNIõ£G Üa‡πmﬂ‰‘Èìú<}ˇù"Ç˚çÎ „z@D–‹xA
œ+ÇÁ–˜=]◊–u<á65J-¥©Qj°J◊Ò@›¨„~≠52ìÆÎ hÜ!ìÁ'j–∏"˙ÄR
 „8RJ°õu<∑®=9<–8BœWkçR
˜+•¸d&MÖÆ@&œí	Õ¸´†ÒºÜ €HW:^T√0 –Õ:húF∫⁄±9ﬂ§´•Üi`ò˙⁄”u\ñ	≠Ò,„≠Aôû/Ê≤a ÿúo“—Xç#œ¢Äæü3ÆWÙ˝úÆõ3é+ ¢9%mjîZhmdﬁ˜¨ÜÅ„€õú:}ä'Ûd˛5JÌ»i jO©4üÕY≠W Ã˚9´ı
ÄÌß 8˛,gÆªé3◊]«Ÿ{Ó·_“uõî“Ò•5Ë:˛]"ÇÃ$"x†LàÄf.kÊY2!ÇÁ—ÃeE–¡Û$ˇZT˛ï2ìÁ¡sàÄL(‚yAdÚ,Õ<K!π¨t‡*HhI)TJ°µ	A–Z„9òÀ2ìÆtÃôÛàá?Ä’∞Ò,„‘ÿ››Â~≠Aéç˚ù9}ä››]˛7(•0üœaÇ÷  ∆’
ÄÆÎ «ëà†î¬8ét]G)Ö÷• 2ìÃ§î¬µ÷àÓóôD≠5∆q†î¬˝V´•ûØ!ß$jpø÷ •ˆèˆV+ V”äSuõÆJ‘8~ÍÛYÅiE◊mRJ t@É6•#3yñ‡ÖÍ\H5ZmtûÉx≈# „‘hS“„ÍêR; F
/HWÖ∆s®sÓ◊’B°qøR
–Ò@›åÀ∫dB·Ÿ∫î9(∏_)@ÓW‘hÊYöóï¿\çQ06 ;®®Pj!JêS“s≈ 4†h≠I)˜+‚≤1ìR
¡s+•pøÃ†+<áf¿çgâB“x~2A3œ£µ∆eôIW:ä
EÄ!∫Es`tp›M◊qÎ≠˜–’é“
mlt•£õw4
 ]ÌËkOW; WátµcúF˙⁄S
ÆF ˙¥ëÀ˙⁄‚
'P ∏¢FX≠V
 mj¥ ≥EÄπ¨õÕô{ ∫nŒ8é‰∏‚äë–&1€ ßdﬁuåS·‘©Î†ÚlœaŒ%Ä
Ö@´s˙⁄”h tå#¨&†ÃπﬂÒ„s ∆ı
¶MVÎë˚Óπá?¸—lnÁ÷ß<Å˚µRò◊9}ÙD ≈çB PJ0Æ:.Àë˘|@ﬂuº Û:ÁÅJ·9¥iüR:ZÎ)•£∆‘9´’äRí*.47Ç†∏ # Õ¡Û(Ç"∏¨–∏_k(î•@4Ä¬–¯W†ÚØd&˜ãÄLàÄf(ÇL^†f y¡J”
Ë∏Ã"@‹h„»sà‡~ôID@ôIs V√ä’z@©√î<K„Y∆
œvˆ‹y~˚7~õˇ˝ÿ«Ú@mjîZ Ë∫éÃ "»L2ìÆÎ h≠QJ`G ∫Æ„~ôID PJ°µ@◊u¥÷Ë∫é˚E•∆q§îBDå„»sÅÄnﬁ—¶F‘ j∞:XÒ‹ˆy†„'OÚ"Qal#]È»L"Ç$˘óDÙ=œœ85 Ü)h”»sÎj·πı5 œ° ˙\fh≠<?E\V
ó5Ûlê	¸Kä†( 2hÜ(
îæg ∫ÆÛ∫⁄1N#˜k≠ëôDœmπ,"»LJ)t]Gf“u˜k≠QJ!"xn\ñ	<PdB3Ò,E\÷Ãe≠5Ó7∂ÄNÕçÊ@=˜ªÓ∫Î∏Áû{∏ﬂ8ç tµ ß§‘¬˝Üi †´]ÌËkœÊ|Ä√’ä˚S2NÄÕ˘&]Ìhå<_#–x^≠AdB&® –⁄»|~úq«ëÆÎà†Á~•tP!ß†õw¸[”¿˝J·≤LûC)–œas˚8‘9 ˜›sgÆªé˝KÁ9ˆ,/L‘ÄúÊõõ¨ôol∞:<‰?J)/LDêô®ä†∆ê	<è"ûCfQhçÁP‘h.¸ ¯7** drY&Ò,¡e]Å.+Çû%äx67.sP·ÅJ◊Q∫ÄÒêq»LZkå„Hf2é#ô	@Q·~´ıä’z≈˝W#„‘xn„•B©Önﬁ—Õ;J)å„HDd&˜«ë’j≈E˜k≠—Z#"∏ﬂ8éd& ≠52ìÃ‰~•V´≠5 J)‹Øî¡çÀ⁄‘ W#„j`µ^±ZØX≠W‹o{kìÌ≠MûüR:JÈx åm‰_+s‡π%¡çS jœ˝∫Z Ëk–◊†ØA_ÉÆ∫ZË˚ûæÔÈ˚ûæÔÈk–◊†´Äà†Î:∫Æ„~•@)P
Ò¬ï¸Käx}˜+‚≤"Ë∫éæÔÈ∫ÄRQÉÁ÷◊û˚µ÷∏_k–¥≠AD  d&]◊Ò@•"Çä‡
P·˘4sY34C3œ£î@fPT€»Ûs›u◊p›u◊–’éÆvº „4“◊ÄqËj«˝˙Ù5∏_W;6Áõ å”@N9¥iÑ‰äË∫éR
œW˜À Ë∫Äq…LJÈ∏_k#„j†‘Bõèxƒ£˘◊⁄úo“◊ûÆv‹Ø5Ë:(J·≤Rxñn6ßõÕynèx±„‘ô3º •v‹ØõoÚ@ÛÕM˛µ" Z„≤R:"z^òà 3hn<∑f.ãÄ"Ë
Ò,PÕ<_„»≥5öˇA˛ö\¡≥drŸÿx\ñ…≥Òú‹ @ T∏_È:∫ÕMÊÛ9•ÓWJ°Î:∫Æ£Î:"ÇÊ∆˝V√äÍj°´Äqj drYœrÊÙ)˛·	OÊ÷ßﬂ ˇ&•Ó◊¶∆D•J)¥÷ »L∫Æ£µFfêô îRàÓóôD≠5∆qdGV´‘Z†îBkígK.À))µpø˘lŒjX∞p»?uäY&]È(*47∆6Ú¢€!Õ#œ-H^ê®=›|ìæ} ∫ZËj°´Ö…85 2ÄR
 •")Çf†5»‰Ö)‚ ÑfûC◊uÙ}œÊÊ&QÉ˚E®´ôI◊u ¥÷∏_&tœ°µ∆µ÷ àJ)îRxæ⁄ * DpYAW†ä∏¨öπ¨µ∆˝Zk 47 2ì˚9–GœÛ3N#}Ìy†65 ∫⁄qøÆv å”»8çÆ¶‰p52NçqjÙµÁÅrh”H‘ûÀœ£µF)ÖR
œ¡u›& „8D „xH)]∑I)˜ã‰î¸kuµcúF∫⁄1N# –uê…≥DùπÓ:ÆπÓ:Ó˜à{1˛+uóµ≠çd<–jµbµZqøÃ†µFfíôåmdl#cÉLXM06åö!∆ô–E<_]ô\÷\(j¸°ÚØ6Ú@ô–hÊô
<S–ïëé+JÅ±A4sYpEàÀö
‘B4C·95û≠t m<Ñ·àÆﬂÄËh≠0é#
Ö®A©¨&.ÎJ°®—ôPô\V
dB´Ä{vwi˘ﬂ‡—èy1˝®É	Zm ¥©QJ°µF)ÖÁñô t]@f–u„8–ïÄÊFf“u≠5"Ä˘|NkÄÃ$" «ë »L"ÇF£e£‘¬8é0çg)µ¿áááå´ë’·ä˚ı]G3–up|gá„[s®s¢äóerø®AfB@° –Z£® <èLò†î(<áP†/ÖBG´ÖJ ∫Æ„˘i<my∂§t(ûS@&D PÄÊ§(hNZ&óe“G–Ä"hÜ"(Í 2πb‰~Eê@&\VÕµ£(Ä±AW`lj0L…H:®h≠	œ≠©#( P
‘ö°»¬≥‰@ö•t‡F£@Ú,Õ@Ú,E<Àê@@scÙä
 AfíôD CÃÁs∫nN)s`ŒÒÕMŒûﬂÖ÷[„~«èá	 º–h ¥©1Øs⁄‘ (∆iE¢ˆî⁄—’∆ÿ†ôÀJÈÅ¬85∫Æ£—»)Ë‘1é#cπ_s“G 0d“t•0∂∆êI◊5†qø—Ö¿ÿÖBW; ˆW˚ÃÁs^® ¡e£G(0zÑ•Zk@“D@&•5∫ s8~¸8 gÔπìkÆ;√·¡> /ˆ“/Õ?¸ı_s◊Ê&˜Î∫é…jÇ6çº@ïÁP
óï¬”(¥÷∏Ã∞∞œÊ|ìÌ≠mö˜ãÓ ù mÇ".kÜ÷x≠¡5Ó7 ÛÄ"HÄ h4CQ£2π,Ç*ˇF@B4Û|E$˜;<\±π9`l\$dBœ°ôlZ@ùsønÛ ≠5J)¥÷∏_‘ ß`lçÆ ˙VS£ä∏,2yæ~Ï~ÄˇçJ)DôI)Öà 3â"Ç˚e& ≠5"Äqà 2ì$ÈJ@D êô‹/3π_◊u¥÷»L 2Ä±çt•„˘¶ÅqyaNû<Œ“Gpøà 3»L "ÇÃ†+ô	@f‹ØîéÃéàûÁßh"∏¨(x†F·i„»Â0pø6é‹Øt •Î "ya˙ ˙ÜL˛%C& }Õç˚5CqY3¨&(ÇÆ,ÕPEPjaú˜ã‡9¥÷»L"ÇR
≠5∆q`>üÛ@}œ“Ãeô≠ç î“QJ@DOs„˘iÊ≤"ûCf“‹(*<PfÚ@ôIW:FFhs1Á,p∏\±πò0üœòœÁ¥©ëSrø2+<Pt=9‹o5AóÒ<2ì÷•V´EÖÊF8 [clçÆ˙ÜL∫R∏_k<K)Ä˜€Ï:Vc0N#]Ì xƒ£Õìü¯^T¡˝J)¥÷(•,ô¸KÒË„…O¯ Œﬁs˜›s ááá¸gGà‡≤LË]◊qø65∂∑∂Ÿﬁ⁄fˇ`ünﬁQJ·~¡Û”(‚≤0qŸÿ∏,2yñ!ì±5ä:R–$DpY3óE@&ˇVT˛ï2yë5 W≠ÿ‹ú¡Û»Ñ(‚≤f(Ç0$W4Äi´] òßπë√•€ 3»LÓóSÚ¸ô t∆Eê…ˇ)• 2Äà 3π_)Ö÷•2ìqâÓ d&óóçm$"»LJ) DœO)Öqà∆60∂ë÷•"Ä¢¿8çtµcúFû€©«8u‚8«èmÛ/â2ì˚e& d&Õç ∏_k#≠çDÙî“—yA" Õe]-åS„Å∆q$Ä ⁄8Ú¢h„@È:˛µ˙ÜLû[œ“G0d2dRƒs(‚YäÄô–E\Vˇ¢R†5àJ)<P◊uº0E–Ãe≠ç î“—⁄H)= E<_E<á!alP]Èx~2ìÊF 47Ów√◊pÁSoÂÖ)µ êS“¶∆·t»ÊÊ&]◊qYÖR; ⁄4RjG3qYkÄR
•∆q§î¿|>á	¬¡u•–G –G0∂∆˝2π¨Î`!*œcúFËëè|4O~‚xaVGGÃõt]«˝Zk îR (•,ôP
–xnO~¬? §'<é›sÁ9{œ=¸WÈ:ûe°´–Z£î¿˛¡>€[€ lom3z§µ∆˝Zk‹Øî@d¡Ûà‡≤"(†0∂@W
]ÅL.kÜ÷∏¨àÀ" Ç+*ˇJ\ñ	ê	<_ÕÖ’—!gœÓ≤π9 ÇÁ—u\÷4CAd„9’9Ãè√¥ á#⁄xHåînì˚u]@£qøq52drø±5∫ôPÕ–óeÚ˛·Ô˛éˇçZkîRË∫é÷ô	@DPJaG(" (• –Z†µF◊u<Kf¥÷xn•∆q$3È∫éÆÎ»L∆6PThn å„HDêôdKÜi `úF ééé¯◊2È#∏_fÚ¬d&AD ô	@W:∆ëÀZ°Z„≤q‰≤Fp∏hm≈8é‹oŒÇ˛µö°àÀÜLÓ◊ÃU	dE–ÃsËjaòÄR†5.k2ìà‡Å∫Æ£î¬mŒ;Ó◊Ã≥d<∑àûÁ'Hà‡≤L.∆]ä
ÕçÃ§+ ÕçÊ∆˝ö≠5 nºÒ:ÓºÛû€·r≈ÒŸú˚≠V+∫yGNIõœOõFr ËÊõtÖÀ∆∆≥îRàZkt]Gf“u≠50óçm†+ÖÕÆclç2àÄL.ã‡≤>Ç!ì!ìÆvÆ˘◊öolpø÷•J)º@≠¡|S‡¸˘Û<˘…OÊŒ;nÁ…O¯ûe‚øTkP
óu`»L J) ÏÏsøà " »Lû[&$WA3œalP•pŸÿ }])4Cê	ê	Õ\÷œ“˛µ®¸dBdÚ<ä˜[≠Vå„ä˘∂∑Á A3dÚ,Ÿ∏,JÚ,ô–x∂Æ@NJGJÈ`ÛgË
d]«
˜[µEÄ÷`^al<óBÊ¿≥ ∆ı¿Óπ]˛W(Û9 ù• J) d&˜ãÓ d&ôIkçÆÎ»LJ) åÎëÆÎ ÄR
•Zk‹Øµ∆e	mld& EÖ!ä
Õç˚e& çFNI°–¶∆jZ
ééX¨ÄQ†_Ãô?≠∞πµI7€Ä:gŒ-" ì¶hÑ(@Ú@ê¨Vª î“Ò@´ıä’∞Ç∂¢5»‰
ÒP∏"Ä∆ø@<K&tÇn÷—˜=¥*`†—î¬eMœí	jåçgjqY&$@(‚Yö!"†ôg)Çfà‡Yö˜+
öG 
çRa5Ò,ô–©„YîRxn}®àÀrÇñ	•†eBùì4û≠—ê9Ùê\@Ê@i#}ÈàËI
 Õçà‡Åä
≠tå µ ∞⁄›†/]7á˘*ÏÓÓr¸¯qV„
:û•LÄR]Ì(µ–¶F∑ËW#ç∫ZòWß@·äF°µ@DÄì¥i$ßJœ0Ù}œ0ÃKa’˜kÜúí˚Ö÷°B_É°¡êPJGkç∆äyW»Ñ÷Ä	H˛E]◊3üœ)•PJ°µ∆Û3Ø@-0+¸√ﬂˇ˚ª˚¸ı_¸˜‹}'ˇÂØ¸⁄ØÕskJ·ä
QÇÃ$[2üœy†t °‡Å
j@& (¿IQ£π P‘ hÜ"ËJ·9®pø(\ í4óµ÷î *0Ò¬P˘wàÄLû%J·YV´Û˘ú’j≈A)06.Î
œ<KÑ˘A&4Û|ç„H◊u‹Ø5»‰94CdDÙd<–_ˇ˘_Úø≈£_¸%πﬂ8é îR (•@• Zk<PDd&≠5∫Æ£îB)ÄqÈ∫é÷ ≠52ìà  3àä
Id&˜Î£ß©QJaµZqø®AN…øI)<K&ˇíÊ@Q£π@	•£µë÷F JÈ∏ﬂjΩ¢ò™¢KÄ‰yÙ}O7Î DpYóeB&óu5π,Ç˚A3dE–hÜ±qY)<K\Vƒs(Çf(‚≤fûØR
/P Ê˘Íj°´ÖÁ÷WD,n@G–søàíÀ2ÓWJGDœı—3‰ @s£®ê$ˇªªª\wÌu<–·ÍêÆvÙµÁÅV+J- tµ 0NçÍj^òÆÎ ÜÅæÔ!2°Î`AA‘ ß‰~]- SRj¿8éD•@k¸õµ÷(•¬¸√ﬂˇè˚˚«Òˇ0≠¯Ôt|{õÁV
óï¬≥D ç∆ôSg∏_$I<∑F£ D@& EÄ¢Fs ÇÀö!ìÀ"∏B<_Arøà‡Ÿˇ
T˛"xô<á’j≈jµ‚~Û˘úÁß+<á"hÊ≤fûGD@D@s£ô™Î: ∆q†»ÑR √ÿ†àg…xn˝Á¡ˇF]◊QJ·πe&ô…˝"ÄÃ$"»LÓWJ!3y†à†µFfrøà  3â2ìÃ§î¬mvõåmd»íÀJ)¥÷hS#ß‰_kskìÀZÉR¯◊[@DrøÃ †îé˚≠÷+Ê≥9´a@k\V
œ°Ög^4\ñ	–ı‘.kÊ≤÷∏,J<K∏—†AÒ,E@@&4sYóeBœ£ôÁ´è‡~≠5®h"x∂ÇÀJÌ à⁄”◊‡πµômJ(¥ÄÆpY4CÊ@D@Ê …≥¥6–uõ<∑! ö Õçà†Òl∑>ıVv/Ó≤Ωµ…≤:\1ﬂòsøÕ˘& ]Ì∏_©Ö65^êaJÓ◊ÄR
A)Ö6%˜ã⁄3é#œWkA)Öq5Ú@}Ü)ß∆85 J)d&ô–óuå#<‚èÊ_£µF)Öà`GÓ˜”?ˆ<·ûÃˇdôP
œ!3â 6õ<Pí¸{D@4CåÜ"^†$í˚E AfÚØDÂ?Hœ≤Z≠X≠V ¨V+ÊÛ9œO4Û,E\VƒshÜ"hÊ≤ÃÄàû".ã‡≤LhÜ"hÜqÈ∫éÁ¡eô–»ÑfË¢'s †µj·≥Ã§î¬˝∆q‰~Af“u ≠5"Äà 3â∆q§î¬8éÃÁsZkd&]◊qøR
≠5J)îR«ëà‡~¡˝«C ˙Ëijå„HD–Z#ß†Mç:<8‰ER
ˇ…sãHJŸ‰~≠ç ¨÷+ÓW
¥∆¸€ı}O7ÎxnE\ñ	P
ˇ¢L(ÖÁE<K3óeB)¸õDô	@kê	@ …‚Y¢ˆî⁄çjçÀ" àÄ6ÇîéLÆ.ãËπ_ÛH°„~•tº }Ù 9PT hn Ï^‹e˜¬.ªwŸﬁ⁄dˇ‡êÌ≠MÓw¸¯qvwwπﬂÍh¿|sŒ0ÙµgúF∫⁄—¶@©Ö®Aõ„‘ ß∆˝∫Z¶§‘¬˝Zk ‰4–¶Ä¶éqÈ∫égâÄL.+Ö®AN	@_Äæ}Ö÷ ôID@&å#/íÕ≠mÓWJ°Î: ∆q‰	ˇw<·qÀ˛·Ô∏bŒˇÊy¥\V
 2ìÆtº®
Ö+î¬ÛS‘hÊYöπ,Ç(Hû[fÚoDÂ_≠ú‘•õ3ØsÊ[¸ãJtê	êI£Òú
 Õ\ñ4¢ †AB3¥∆eÕÄf.kÇÆ¬j5≤ö∏¨hÜ.kÜ"›xñ“1üœ˘≥?˛cV”äˇÊuNQV ¥∆shjt›&œ2Æh4 (P( ¥÷à J)D ≠52Äqâ2ìÃ§µ∆8éîRh≠–Z#K ¥÷(* 47 BÜBÅ9Ç`GV´´ıä2+r|kŒÊbìÌÕméog>ü3Ô:Ê‹/ "∏"y…s»‡9W5öçë˚e	Ê•∞ -G4Äb.+<[ÚlÖÁ‘∏_G∫:†∫çM¢Ôxa∫æ@òÀöG äxP‘Ò@câ‡töyñ"û- C6JÅ÷ 
•@fa^ÁNáÑ Y∏¨ !Ëtöœ©êô¥÷x»$j°ö!∫“h2Å6áÆ –‹(*DB VÎë›˝Cvvπ¨¿Ò”«aÇ„«è≥Ω9ß‘éπÄq≈ºr≈¥¢‘9„∞ÇîFQ–⁄än6†M#=A)=@f<PhçlÄ@ÅZ (”ä~ﬁµ†e“G0pEﬂÕIÆP@W:∆62N+"Äà ÇÃ§©A&.õ◊9 ´i≈≥‘9õ€€ ÓÒ∞G?Ç[oΩ÷‰¯ûÙ∏«Ò‰¯û”äˇQ\›∏_)ê…e•lBéD˜;\≠Ë˙ 
óπ ê$ ùWå\f`y∂9˜khÜ¢Fs°((i.\fûCQGÛHQGÛHa§öyN&˛%T˛ù"xô\VƒshÊ≤"û•à+"  Ç‚∆sj4Ó¡eô<è"(Ír‡π≠Vœ-ìÀö°àÁ§n¸oWJ·~]◊—’m Zyn„j$Kd&ADPJ†îB)Äqπ_kç˚µ÷Ë∫éR
 AfÚ¸¥©êS“¶˙ægËêÊpπbs1áLà‡?Cê<7.K ÇI&œ!ÇgÈ∫Ãe›Ê&•Î(‚_…≥$óç"∏,ìÀ2Å‡yÒ<"xE–c
Ò,•J·˘ÍkOõ^†"ûel<*ôqY$–drY◊ ¥÷à ˘◊∏ÒÃ∂77yñi¿˛·ä˝√◊]{˜‹w/»ºÔòœ: 0NçÕyGWM@)ÖR
„8îR hœ©BW†∆‘Äú¢ˆÙ Ùôé#])Ùô‹ol# ]È hnd&Õç¢BQ†—xQ˝›_¸ø˚õø…ìˇ·¯ﬂ‡ï_˘ïπÒ∆3<P◊m2éáDÙ ¥÷Ë∫é÷˜€›;‚¯ˆ&/Ã˛·!€õõ¨V+V´´’ä„«è”Õ
/Hfë4û[fë4è 4è 4Û,ôP
ˇT˛drYœ¡Û’E\÷E¸ãäÕÖÁ'Ç+2yÛy«s+Çfà‡≤÷†ôÁ’F˛∑yƒã=öGºÿ£π_◊u¥÷(•‹2∫yGõ ›º£Ph≠–u„8êôD˜«ÄR
˜k≠qøq…LÓ◊Z„ÅÊ]«j…)hS„~√0Ø±±1gs1ÁY2!Ç‰p<d≥€‰?DÈ†ç‡‘Z†î@kÖÁ÷⁄»˝677!É6é‹ØôÀäxëqY)–Ãe\662ynÕ\VƒÛ’E\VE–Ãeô\V
œ#œ6LEƒÇÆÎË˚ûÆÎx†fûCkçE&DÔ6üu\7;Œø≈p¥bÛ‘q v˜ôœ: Ê≥éßFt ´’ä˚E≠5J)<P©ÖÀVóuµ'ßÅ®= C&˜Î# Ë# Ë#∏ﬂê EÖ±ç‹Ø+ôIs„_„oˇÚ/˘ªø¯V´ˇõç„!≠çDÙ¥6“óBkçR
„8≤ª»gxAˆπÛÏY∂èé(≠0üœ€!E=‘\àH^êà$3àHû[&DoAÂﬂ)"∏,ìÀ"†öyæöπ,
…5û-"
œOóerY3óA= C¨V#Ûy«sÀÑ»ÑÆ@&4n†n†¿ü˛ÒÛø’8éD„8“u´’.•tDÙDÙ@„~•ò∏¨î@◊u‹Øµ@kç˚µ÷∏_◊u å„»s+•–Z`ﬁuﬂ‹d5éÏrHõ˜k4˙æg˛;5^d•ÄLà‡~•4®îFD·9u Ù}O◊u4¢Ô)]«ç"xñL.Î*/Pœ!≈≥å≠Pô\ñ@dBW†2π,yNE–P
óµ∆øI◊u<P3dBê0é#œ¡íÀöπ,ö°û«ÿFÓó<áH^T˚áálœ
 €õs8À≥\wÌu‹sÔ=‹o\ÆËshµÈfÖÆÜ)Èk0é#•ÊÛ9≠5J)¥÷«ëqô◊9 ›J&.+ïÀ∆i‡~•vî÷2[„~C&} C<Ps "(*47"Ç »Lç‰Œ€oÂæÌ	¸o∂ΩΩ…˛˛!˜ãËâËπ_kç÷ ¿ÒÌM^TÛ˘ú„«èsøÊBQ@ÛHf–ïë˚5äÕÖ˚5ö c;§+õ<PˇVT˛ù"
˜ã h 4sYH ∏lLà‡Yç"û• –x†“x)à ígjD@&ÙQ(*0Å˜Î
œíóû…ç÷F∫nì’¡äø˚Ûøf^Á ¨¶ˇìÌÓ¬ƒ≥tÛÄR
 Û2Á≤l\f( ò†Î:∫Æ„~ªªª \sÕ5 ú?w◊]s˜ß∆}v∏Ê‰6√∞bﬁ.\ÿe˚‰q∆ıNä†´J«Ò«X-W îZ(µ –ù:Üi†S«Ójó’jE)Ö√√Cÿ:Æ;s
¶‘9àgÀ¢áLûüà`{∂Õ6Ú@ÈBD,n Ãªû’·Ög+≠5.+ÄŒçÁêçÁ–˜=]◊P∫éÆ@W®Ä•pÖ %Ä÷ßFœ£àÁ–ÃeEçÀƒ¡eE–ô<á(‚≤f»‰9œêî¬eô\6R ËJ5Ó◊Õ7ôœÇ¢¬˝öŸ]- ¨\¿…≥®qôWtdrY˜ÀLZË
¿öEÖà "Ç±ç(@–†πëôÃÁ=+7Ó7üŒ\sw›u´îE£ãB◊ÕaÇn÷—Ä2üê„ ¿ˆ÷& ù
óµëå´Ä¬£G :m–Ù]·Å∂7;(k«ú»ûöÁ¿¨( ‡∆ÿFûüõÙ`û¸ƒ'@˚óv˘ﬂlˇê’≠J-\\÷Gpôπ,ù”¿jµb5ÎXM\V
œ©ŒôoÆ;] ÿﬁﬁÜRh≠qôyÄ "π_s`lh4è å\—ïM⁄∫Pj„~Õ<K¨&.T`‚Ö°Úü "x∂‡äÑû%Ç™àI&D,c„≤"ûeµ^Ò‹∆ëÁô\VJGÊ ˛/9~‚8/Ã|>ÁÅnºÒFËÊÎœ@´’ä3ßésø’j¿©«X≠V<á:ÁE±ππ…··!¥ππ…ã$Ó◊Tx†÷EÖÁ A3œ#3(‚sÉR†5hJ·Ö…L"Ç*‚y©,
û%Ç»ë".kÊY∆Pƒ≥D|e¡eê…ÛU…¡e≠Ò,])<∑R;JÌÄ∆çS„~„‘`L.ãÄL ö°àÀ∆E–hÜ±çÓW<áÆtd&ôID PTxqEÚöˇZ;;;‹o˚ÿ6¨Vº(6∂Ê\¶é˚mnn2üœy†„Û9œaŒsôÛ¶˜;{ˆ<«Oú`˜‚y^òG>Ú—<˘âO‡ˇí«æ‰KÚÇôÙ‹Ø´√4p¸ÿ6/Ã8é ?~Ä÷≠5 2(*<∑¢Fs!¢ ËynÛy«Û36(‚_ã Ç^$ôÕ\VƒeÕ<_ôÀÛî≈)Óô<á"hÜfûØ÷ ìgâÄL(2˘_Ôˆg‹ Õz0 á˚<Û,ªv9~Í8 ªªª?~úÆÎx†››]®œ·‘…S‹waó˚Â∞‚Å∂77y†›K˜@ÕçZÆ 8::‚ﬂ$zûÉœ≠πÒ‹Zk å<[47ûü’j‡≤6Ç
œ°hZÉ‡E2é#]◊¡≥4C°qô
ˇí"û- (ÇLà‡≤÷ "†(‚Yí+ä†ö°öyæö°àÀJ·YZ„≤>Ç!ìÁßèû˚9pøqjSR "  ‹ hÊ≤^–hÊ≤¢Bs†®¡eô¡’‹ π¬ÄxñàÄÑÊ∆ø‰hoÄÕÌmˆˆˆx†ÌY«r¸ÿ6TûÀúÊ¸≈Û<PV.ªÔæ\ñ¡]s˙8 ˜›wÄÕçœmux»˝Ê≥M ûÙ§'ÕãΩƒK–¶∆ø§´t|gá˚9–Gœs«Äà 3y†ÃÑ‡Yöˇªªá¨V#«èoBÌ(Ç"hÊ_ã øQQ†π@E<'Ûl¡î	œRƒ≥4Û,„˘'√)(ãS<–ÿ†àÀöyÅZ„≤ÆÉ÷x„»e=„x»|~úø¯”?‡õ€nªï˚uÖÁpñ9¥ªøÀ˝vww˘◊∫Á¸>œaZÒ@ÁœÓÚ¬¨V+hµZÒ@áÎCééé8<<`{±Õs€úœyñ zÓWTxAö/L3óµ÷∏_õFûáœb ì˚çn<∑¢Bs†ççqŸ‹‹ "xN*¸kA)06 ∏¨Z„≤.kÊ94Û<äxcÉ.+‚˘*2°M<èR;¢ˆ<?]-åScòíqjîRxñL06(ÇàÄf.+"h≠–‹ ìÀ2π,3˘◊ L^ò;ÔºÄ√˝}6∑∑9⁄€†¨:Ó∑iü⁄ﬁ⁄dúœr;ﬂ:Œs®<ßi≈≥öxNœ·ÏΩgy†≥”ù<–|sì’·!˜€?ºùˇÎJ- Dprø!ì^<è„«∂πﬂË˙Ëy~2Ä÷•"ÇÃ 3â‡_m>Ôòœ;öπ¨⁄ƒøï-qY£"œ°óï‡YJ ‚˘*‚äÄ∂uúdE©\aàÄ 2!ZÉ"h*¨V+ÓW
óµôô<õ`†¬j‹gµZÒø≈=w‹√u◊ﬁÃ·˛
Ä˘÷úÁ¥‚_cŒ∑öV<áân‚9M+h5≠x†˝˝} ÊÛ9 ´√]Ê≥Î∏ﬂ|>g’`>õsŸ¥‚27PÅ‡9¡˝Ç íÁñ‹Øy§î¬˝Zπ¨ òÊ‹Øî∆ÛH.ã ígjçR:: Ê˝ún÷Å
˜+4ûWrô EÄ
/HW„8¥£]Å"hÊYö°àgiÊälP
 Eê@dBœ“E<è2+¥°Q∆∆euN‘B_ÉÆBs†2£
9≠`ieNq ANçDÈ)µ†àÀöÅ)ÊY2‘‹x…eCÙ—”‹∏L@ ä
d&L<á˘|Œ8Æòœπlw∑1/Ä˝√CÊ[shŒú˚ÌÔ2üœy†›É]^ò9ˇ±VœauÈ<‘∏ÛÓ;9:⁄á
L¸ÔVyñ?¯¡å„
Ä†5 JÅ÷ ZA–◊ûR7^wÛ˘úqòÁZ6 JÓ.êê$ ô…Û◊∏_&Dt‹/3!
›¨–ÕÊ4…e`:d>ü–	ò¯óP˘÷(<P°Ò<Ã…s
@ºPÛ”è¶≠˜π_&œ¡eE–Ã≥¨V+Ó◊î¬eê	ê…s(µ„≥{ÓæìÎÆøëˇKvœùÁ∫3ß¯E@k<?cÈJ«ë‹/¢„~ô…|÷∞ Jiº0AfÚ¬lno“Õ:û%2A ‹@ÖÁKÖÀ" ìgq„~≠5ÓW¢@ô\¡ÛïôîR h≠Ö"  (‚y¥∆ÛË∫J·˘…ÑÆ@õ`\“¶ëR;äxñf^®±A1D@&/Pœ◊ê%
óHû•®ê$ ´ıä˘lŒ|6Áπ?}äˇKÓº˚N^êGø¯£yâWze˜ó¿?¸’_Ûø≈+º“+Û@ô<K)P
î¬e„42N#]ÌòœÁ¥÷xñÆh–‹∏_kçTrøÆtåm‰E¡6*ˇ¡
çF·~ÕPÕPƒÛ
@<K3dBœ!"∏¨Ã∂π_W†ôÀ∆E$4sŸ|>gµZP
œ#ìÀ∫V´ëˇÌ˛˙/˛ ¯3˛◊ôx°vœùÂ≠ﬂÓ≠yÅTxñ y†Ætd&¡ø§®— 2ìèÃ$"∏_) ›¨£õu<ã$œ+2 Zû%ìÁßµ∆˝"Ç‰˘+‚≤"H†àÀíÁ¡s(‚≤L(ÖÁ•t Ù}œe
 ∫Z∏ﬂÿ†+–Ãemy~2yE\66(Çœ“4˙Ër†® ¡eô0‰ @=-œí\÷‹»Lö´ıäÁˆËG?ö'<·	<·	O`µª‚_•Ú?ÀƒsX±‚_Úÿó}i ˚≤/Õ_ˇÒüÒ‰¯˛3ú:uäÌì'y†Æˆ<P)¡Ìûø ¿=wﬂ…Û”óï¬≥¥•6Áõtµ„˘j@
tÓ»Lö C‹o»Ä>zÜË£ÁÅ2Éà∆Ûìô¸KJÈ¯W¢ÚÔPh ûG°–(<P3ûI@óA)<èR†ôÁ16à‡≤"àÄ±ÒV´œ≠hçÀ" ∆JÌ h”H«Uˇ´eB<"ÇÃ‰ä  "ynÕÖtd&ˇAfÚ@≠çt›&}ﬂÛ<‹xPÅL˛UT∏¢îR¿ê	ô<èf(‚≤÷œO/íÆÎ∏ﬂ85∫ZxncÉfh”»Û”ÃÛ’ô\$óE@k\6‰ @=Õçf °ö˙Ër‡9$ó572ì˚ÕgsÆz˛^Ïe^öo~0O~Ïcy“„«ìˇ·¯èrÍ‘)ÒàG0?u
Ä?‚ ﬂ:ŒÕÁsÓ˜Ñøˇ;Vá‹s˜ù‹s˜ù<–+æ‚+P
¥]«Û’’éæˆ<PfÚ,(@
óEA 0◊ú±ç‹o»Å!∆6PºIQ "…‰≤fË
œ“‹ 
ôADÚ‹"z†ÒØ@Â_a®<ƒn® Pƒ350–∏"ÄÆœW4ûS#ìgœRThSw<ãå#îBq#h‚≤B·ä¨∏Á÷{¯ﬂdµZÒ*œi‚Ö´<ßâÆÚú&˛u*œi‚Ö´sû˙‘[y±{4 Û:ßDV<[ Px†$π,∏,HûS£àg)\—≤¸˚5.´Ö~cN7Î ◊#‘Õ:.s„y¥F3/L3d†¬4Cäx¡8ét]«<óÄ"û√8û√œ4ç¨∆Å˚5C«ô\•pôLç,sö°  ìÀöÅ
≈@&D–‹∏ﬂ05 JçB°—(Yr‡Ÿ
Ä÷:F2…Êfösøq5≤:X±b≈sòx·&ûSÂÖõxNïÁ4ÒÔSyN/–jÇû¿∆∆ªw‹CYlÚ/˜rºƒÀΩªÁv˘Éﬂ¯5û¸¯‡~´i≈sòxë¥Ñ’Û√C6èmsx˛,õ«∂9ºtûqÈ∫éæÔaZp∏\AÌÿ=ÿÂpuƒ≥L\@V#Lç6uîZxn„T(% ËT h≠–uML+ ò ï<PíD ôIâ@°@ÍäfÆ»Ü (Ÿ¡≥ Ä$"ÇÁ“qE«ãÄ 47ûøû% *–Ä0œ“Ä"^†û%ä
 Õçà†µ∆Û( J!hdÚ⁄•¬∏Çø˛ÎøÊ™ˇÖƒøI&$œ¡eE¸áÍ∫éÆÎ ◊# √0 –˜=ˇí"^†f.À‰≤Rxñ" xñ"HAœWfRJ°îBkçL(2°œ£ôIkPx.m‰2P°2!Çg…Ñ.kJÅ»‰≤f.+Çf¿Ó◊Z#3È∫ƒ≥%‹Øèh<–8r’ãË¯È„ºŸ€Ω¸¬O¸ ˜w¡§qy†√ÂäÕ≈úçR„j§lh^Á¨&X≠GÊ≥é˘¨£µ∆˝∆qFòVPÁ<Ps„YíÁî@pYW: ∆6“‹hn Ù—3‰@OODpøÃ‰~ô…˝"Ç*ˇTxÛLÖg`¿Ä∏"Ä‰˘jÜ"hÊ˘AdBD–Z#3yæ" ì˚5sY¥JÂ≤6ÒøŒç7›»7› ¿ç7›»Ó·!t›©yaŒÔûÂÅNù>√s˛‹YË‘È3<áâÁ≤‚ÅÓπÁ<4üoÚ@´’.gÔ=À˝Æª·fûüqlt]Å‡ä íï¢¡Û»Ñ‰ä6ç¸Gÿ‹‹‰ÅÜa`\è<P7Îx~öπ¨öπ,ìÁ+2yôP
óE@3Ò|E˜kóA&óE@kP
œWk\¡Û5N#á´CP·27p0∂BóA3œ“à‡Yö°àgSF»ÑRh≠ëôDœ°˙ËynCÚB˝√ﬂˇ /ˆ‚/F#x†„ßOÒ@Û˘úfuióÁPx«è_«ÌÓﬁ√?}œa‚ÖõV<–ŸKª<–pp¿]w›≈ùwﬁ…s;<<‰~õõõ åÎÄn÷qø7{ªw ‡ÕﬁÍ¯Èü¯û¯ø„ﬂÎ“>õõ€<–Êb¿ÊbŒYûøWxïWÊ^Âïà ¥©—¶F©Ä¢¬ÿFÊ≥VÎë’zÑm(•êôDôI;<uŒE$/X …ec)* ö CÙ—sø¢¬sã2ìà 3â˛ï®¸GS·Y‹Ä4†,ÊŸÃñ@BeBóerYfRThn<èqÑÆ„~ô\÷»‰Y⁄ƒˇj7ﬁt# ~ÿ√x†’ÓäÊa¥ªªÀÛ∞á?Ç⁄››Â_„¡~tœ=˜‹Œ\{Ü≥˜ûÂ_2éç.
ˇ&Õh‹ØàÀJ·≤fËf ´a †µ¬s+•Ò‹"Ç˚mnnrøq=2„z‰~„z§Ô{ ∆∆sàÄL.Kû-∆]Å"ûC&œ“Ã≥4CóeB)<èà‡Åä 2°+–ÄLûel\¡≥¥∆5N#√4pYd@&îBó5Û,cÉÆ@)\ñ	≠Ò¸ï⁄ "ÇgI†qE,CÙ—3$ˇ&◊]w# ´i≈ø∆ÉÙ`ûCÂ9ÏÓÆx†?¯¡<–Ó¡äèõÙ`hµªÀùwﬁ…ãj˙æÁÖyÎ∑{7 û¯ø„÷ß>ï[ü˙dv/ûÁﬂ™Î:˙æßÎ:Ów∏\Ò¢*µê5…))µPT∏ﬂj=2üu‹oG 2ìÀÊ«aZ¡¥Ç:'"x†à‡~cA@·ŸÕÄ¢B=˜r†èûÃ‰˘…L 2ÄÃ§î¬øï∑∆s*‡∆≥5Æh†ÄxñÊÊŸÆ(P∏¢ôgjdrYóEpY&47ä†ôgÈ"}»··>Ïﬁ ¸¶W.ÀF@	ThnP∏¢ÚøJW;Ê≥M6«X¨x†˘÷úfµZÒ@Û:ÁÅÊÛ9¥Z≠x†yÂ9’9/Ãjµ‚Å6Olr∏<‰~€úΩÁ,›lÄÆõ≥p»jZ–’Fß9„4“’  ¯7(<[£Qx4ûCi<Z„YöGh>ﬂd^‹ÜdÂFkI“ hÊ≥ét@Wx^E\÷E\ñ‚˘jÇ.+ÇfûC–E<á§–Ÿ 
P	4¡e•pÖal\—•@3D@¥÷∏ﬂjXM	˙Ü>Fä:Ó◊ÃsÄÑ÷†ÇÁ‘ pÅ)!ÇR
≠5Zk §ìà†∏–ƒe%z–G`»ÄN
0AW´	6èßõw t\1Ná ÃÁõ‹oæò3/<À|±	¿jy»˝V<ß9œi~|Œ≠&û√Ò˘úZÒúÊ<ß’ƒsöV<–\s„çÏÓÔÛ<&ò◊9 Û≈6˚+∂èœ	ÇR
L0z†µF)Ö®A_{ ^˙^ÅGøÃKpœùwrœ]wqœùwÚÑ?ˇkh5≠ òoÃAÍúFaúÛÕ9MÖ∞öö∏cæÿ§‘∆ºu—qøyùÛ Ø¸
0≠ Hh]«8BLÖRÉ˚Õ+–FÊÛ9Û˘úq=“‹xË6a<Ñi≈hûCÀ¡ÇBÅ∆≥45Ó◊h@·~%zçgI(¡‘mj å°/ïˇ*‡∆˝ä
ÕçÊFQ·9` Ä0 .+Çf.ã‡Y"xñÆ@∆∆’ñÁ)ãS‹ØGû-Jm‰£W{ç◊Ê~á”!îc∞±±¡——QÉùùÓ◊ïéÁ`ûCõF ÆπÊ$ {˚<–84ûSÚ@„–x†’—!tﬂÓ. —j„hÎà√ÉC^$$ˇ}Z„ÖÈ∫¬µi$ßÅç"ûØûC3qY&î¬eEê@&î¬ø®+ê…≥4ÛA
ä†ä∏,ìÀJ·≤Ã‰~„‘ Ëk@„≤±5∫Rx~öπ¨2°ä rÇû≠5»ÑÆÉq†µ∆˝2ìà‡YrÄË!àÄ!∆60NçaJ∫Zx†ÎÆøë{ÓæÄÕ≠m6∂v (]¿|cŒ|1áı»|cÄ˘b 8√˝Ê]`woè„;;Ã7∑πﬂ·¡>…sÍƒsh„ ¿Ê÷& ˚Àëä6@Ö¬N#˜;:ÿ„∫õ¿ìû˛%›|@frø®AfRJ°µF‘`ò˙⁄s∏:§‘¬u7ﬁ»u7ﬁØ
ºˆø1O}¸x⁄„û ¿?¸›_Û/Ü§ÔÄ˘bìãR ∆©∞9Ôx†˘|@D–Z„Yr‡≤“qY 	W$0rEÅÅÅ˚ı—C¡ÛóP x°" ì*ˇ—‹@T¿ç**<_Êä‰
Û|A3dÚ" »Ñ".ãÄ±Ò,õõ€Â ¥Ây ö6yn¡ˇõ[õ<–ºŒπﬂÊÊ&Û≠94Øs^ò¢¿ôkO–Õ
¥ZÒ\V<–j≈≥Ï_⁄e{{ì˚ÌÔ≤πÿ‡py»∆∆˚óˆŸÿ⁄‡ÅÆª·Ó7N#„4Ú,…	ˇ.Õƒ◊FûÉœA\÷ÕÊÙ˝úÕÕÄqlº ´ı»ºÔhÜ"ûG3œW&\VÕPƒeÕPƒeê…s»ÑR ÇÁô<á"hÜûC4Cœ!ÇÀ2ì÷ „‘8\çtµ0LIØ`»‰…‰≤".kÊ≤»Ñ»Ñ»2! "»L"ÄÃ$"x—Cº(∆©Ò‹6∑∂Ÿÿ⁄askõÀ
óÕs ÊÃõ¸K|Ûç ¨&.;<ÿ`{kõöWûe˜“>õ[õ<–ˆˆ6œaZqø√ÉCû€Ê÷6œœ#˝hû¸Ñ'/)•–u˜k4"Ä÷ }Ì¶Åæˆ4œÌaèy4{Ã£∏˘aÊû;Ô‰ûªÓ‚˘«F◊Ó∑ZÚ¬º‹+Ω/˜J/«Û”u–åScúÄÆ(3ÈJ«ÿFä
Mr Ä6B+P∏¢pEpEÚ«CÊÃ°qEx	/–ÿ¯∑¢Ú§ä p 
œ÷‹(*‹Ø– π¬ÄÄÇÀöy°"xñ±AD@&¡Ìqø≤8≈˝⁄Ú<•@k0ü√8ÚlmÑ˛Ø€ø¥œ≠ äÁ`ûCõF®õŒüﬂÂ~„–xN	¿ÓÖ= 6∑6πﬂﬁﬁ.}Ìx~6õ.y†√ÉC∂∑∂πÁÆ˚∏Ó˙3<–0 t]ƒà$í$ (4VÎëÁ°¬e
û•∫“–˜s∫Ÿúql‹o9<?´a‡≤“1rE4sYDä†hÊYä y^Eê@3A$–ÃeôP
/Pœí	•pY3dBœ!ÇÀZk<–0%œOW
˜k≠QJ°µFs°+06†AW°+<K&óeBk@◊qYkêIkÄ÷]◊Ò<r‡≤Ër `≥€‰p<§´ÖaJ˛%á˚lnmÛ‹VGG‹oæÿ‰ÅVÀCVK8æ≥√Ó•} öy˚˚<–J<á√ÉCÓ∑πµ…˛˛>m‡Eqx∞œø∆∞Z—ÕÁ¥÷ à.´\VJ!3ßëæˆ ”@©Ö‰©è ◊›x#◊›x#˜‹y'/Ã86∫⁄1_l≤ZÚ¢ ‰≤R†´Öqj<∑˘|Œ˝∆6–‹@¢á“AåêçÀHÆÆËÈr†+ê<[yNÖÀP`HûCˇT˛ïö°®Ò,.†F°  T ¿Txn}$œV ∏l»ÅBÒ,hÜ".kÜÆ@3óerYê≤Ò\zÓWº`H†ﬂÑlî„≠®ÖÀJ·£ÌÌ„Py∂âgÈ∫éÊFQ`l#Q:hG∫Æ£µFf“u„8\÷ Á˜˜πÏ"åm§+Õçúíà`GJ) Æò∫⁄q∏\—’éq)›ú°5Ó7é#∏∞ ∆V†Œ)]£M˚ÃÁs`Eâ‰¸ΩÁπÒ∆◊#›V«0tµcLhJÅ 
/XD êôD ôIDpøéë’–(Ç—ç˘¨£î ∆%œ•Ò,n Ê}°´∞Zç å„Hkm*<ß Û≠9ÛYG3œRù
∏Å
œ‚∆˝öπ,à‡≤f^∏»Ñ˛Eô@pYœ£àÀZ„≤LàÄqπﬂ∏°'Ö+öœ©@E<K3Ã≈sh4PÅi•
∏	5ËrÄltµÄGö:2ìà`G¢E‹∏L\6x†P8ú)VS£çá¨v◊+Ó9{ÍúFaú ´’äyù”mv¥±Q∫¬Ê÷6œ2≠XõÛM Ë
L∞ªH7Ô (J)Dóe–u≠5∆L Üa†Ô{¢õSJ`9\—G0dBÈ[£+ÖñçqÑ˘úÀ⁄z¿Êº£5Õe∑>ı©ÃÁsV´¥‚ä˘|Œe”ä¶éñ\·¬ÊlŒô≠„ú›ﬂÂp›8<8§àÀ∆’»≠Vª‹ØtÖ≥wÓ‰'¸èxÙã@	L@4Ëj°Â¨h9≤öÄ	HûÂï_˜µ°Œπ_Wy=çæ˜› XM+.ã h¢qô
˜r†DÅ‰Yöó%îR¿Äx∂:Á˘in<Pf4sYfîÆpôÄâ	ï•¢@s°®Åœ‚4®πÒ@Õç¢¬$^®"ûCdB&ˇfIfPJ£Q¯ø®î¬8ét≥éÊFfP*¥	r‚≤ÆÎ (•PJaG J) 4 „j†´ Õç˚e&œ≠´ õÛMÜi†´ •Üa †Î:ä ´a`ﬁu¨V+VGG¸K6õ‹Ø.G(µQTxa"Ä¢¡≥d&qYW 
ˇZ]◊0é# „82„8RJ ÇÀJôÛ@E</àÄL PÅ»§– (ÖÀ∆∆≥d¡s»ä†»‰ ‰Yä`l\V
œal–ùxñLû•MÄÃ$"∏_3óA3œ“Z ÇgÈ
œí…≥µT@‹ "@ÖR
≠5ZkîR∏ﬂ8éîR(* 47ä
•⁄‘x~∆ı»2üœôœÁrH¢ûüÆv tµcsæI£1ÆFJ-¥©Ò‹"ÄqË∫é√√C∆q§Ô{ ∆q " Ä!ìÁß.GhçÀJÅLà‡Yû˙‰'Û")Ög)ÖÁ÷óE@k<è{Ó9¿=˜‹¿ìü¸W;s˙ g/ûÁÃôS<KkP
œí\a.<–Gœê}Ù4W$œíôd&A)Öfl#AQ·~•(I˛®¸5û/.s†®–‹xnÕç¢¬Û0W$Ä†àÀö°öy\ñ…≥t∆	˘ód≠Ji¸o˜‰«?Å'?˛	<‚1èÊ~•Óóô47ä
¡∏‚≤®ê¥÷»L"ÇR
AfrøúÄnﬁ–∆FW:∆6“ïé“∆q§Î:2ÄÆv ” @_{ Üi‡π≠∆ë’0@Ûç Váá<?áÀC6õ DpY)ö EÄÊFQ·Å22ì*ä†äxñÆZ@&/‘ÊÊ& „82é#˜Î∫éLà‡_/ìÁê	n<∑Æ@3ê	E<[¿ÿ Äf.Î
åçÁ´∫ô<Kœ°.Ä‰YZ„YrJ⁄‘h≠‹/"xô	@D 06.+Çû•»‰Y‹ †t ‡@)Ö’j≈eµ£µ@D –‹∏_õˇí˚Œ]‡E—∆∆P†Ë
åÊÛûÆv<P7Ô∏_)ÄR
≠52ìÆÎ(•–ZcG˙æßÔ{ 2Äà 3	†è‡ÅÜL∫R∏_&óuî¬s'˛ıJ·Å◊+◊˜pYÉ"hÜ÷xñ’z≈jX±{˛, ˜‹s ÁœùÂ¸π≥ú:}Ü§Ø¡0% —W¸{ù=wÄ˚Œ_ ‡ÃôS<KkP
œAÄal# }Ù\ñ\@ Ê9d&ô	@D@@fd&AW:˛%AQ·_â øQs°®Ò,j‡n†*‡Fs£®–‹ (* û/ÇÀö!ìgI 2!ÇÁŸ∏lú`ò‡ËËàIkÖÁÁØˇ¸èπÁé{¯ø†µF)Ö L¢Ó◊Õ°≠yñqÈ∫éR
≠52QÉ’¡äRí`l#Apøà ùå”@_{::∆i‰~]◊qø√√C†0Ô{ V√¿ø‰py¿ÊbÄLà‡Yä
ÕçÁ'3y†Ã‰iÜ"ûG)ê…ÛëlnÓ‹Üa‡Å2!Ççî2yQ4C&DpY3qY§xñ"^®"ûC3drY)\÷ô–Æ(\ñ	•@k–¶F‘†Mçj≠Ö"û•µF)ÄR
c„9dB4sÖî Tx7h#≠5J) d&d–u˜ÀL"ÄR mj¥©1ÆG∫Y«ã*˙‡Å∆∆eCB0L√4∞9ﬂ§´mj ¥©QjCD–Z#3i≠d&√0–˜=]◊1é#˜«ëR
 á„»f◊1d2∂FW
ckt•0é<K)\÷î¬ø]kê	P
œ≠ôÁ∞ZØX+VÎ ˜‹s ˜‹sñ[ü¸KÜ)Ëj°Ò¬˝¿˜˝ |œ2ÁŸ^Ï•^Çóxôó„πù={û3g.b/ˆË:GhçÁ!ÿÏ6r`»Å>z h<õ†µ@◊u<_¡e]È¯óåm$"»L(˛®¸+5û/.S·YT(\QThn47ä
˜kn\f(Y 
®qøîÕ<S·äÅLÄ@¡ÿFÊ≥Ä√Â!Áœügs˚8›lŒç÷xñÖ˚µV†¬∏^—ÕÊ<¯¡Ê¯Ò„ÏÓÓÚø≈
h<Ä°Mö%ÖB(»L(‚≤6BRàZ(Ç§∞öV î“—Õ∂iÎC
Ö2/‹oG"ÇÃ$IÓóô ¥÷Ë∫éÃdï+P†∏0é#˜€‹‹d5¨ÜÄÆá˘⁄„Tÿ=X±πw»∆÷>õõªtãMnΩ„©ºˆ±3 ¥
¥∆≥ öEÖ¢¬˝"∏,3àHígãhÃAê$	t4ûCù√t»˝Ö˚u˝ú¶é6qŸ84Zk@·~!H s≈•Î†ŒYM–ïBQ„_…nº@	û%2π"†àgiÊ9D@ê	E ç+
œ≠»Ff“Z„2F7 V¿ºŒ¡¿ÖB©<K¿ú÷†Î
≠As†´ÖRÉ rÇ.∏l¨s
œ÷x¶\†v4Ä
`}H©∏ –ÃeEÖÀ&.À)YM+∫“¡ƒeá´CvvßÅ˚≠¶•:w\&.Îkœ0F≤qŸ™AW`ﬁuÃ+¨∆ëNôI)@f“uçR„ÿh˙ZË‘hc#∏¢–©—Û
Õ#E@)Ùå≠–’≠A)`@D£2h\6Ò|Õπ¢†]Gk"∏¨5húFhµZqô`up»=w‹	¿˘≥gπı˛Å˚5'´i≈ú9œaZëÍàæÁpŸ\lÛ,ÊÛ¬∏>‰~˜‹z+Ù‡á?òWxµW„∆õo†µô\≈–ÕÊúΩ˚N˛zlºÙK?*0gyñÄ⁄ÿh•AÅ¢¬µ÷Ë∫éÊ@Q·~EÖ≈8é˙
]Ì¯7†ÚØT‘h.<5p7P·ÅöEÖ*Å ‘xAä†ôÀ"zÆhd¬ÿ ≈sX≠Gû[kP
¥∆…¡≥t≥9 ›lŒ|>ÁΩ∆≥óç„H◊u<PîÕ– ˜«C∫Rh≠Ò@]◊qøÃ‰~AfêôDMFÆû%"«ÄæÔyñC^$g/ûÁÃâSº 	ÕÄ¢BD 	@DR‘HÓó—I¡çÁµ'ßÅöœ:Ê}œ√ä"ûØ‰ä¬m)]@s°®ÒBeÚ¬AÚÇuö°ôÁ¡‘ÃÛ¡eE@)<PKò˜=´a‡È∫ég+ Ù} –+x†Là‡≤q*œ_&‘u„8µÁ~ôID@„42L/äÕ≈&4N#õÛM∫⁄Ò@QÉR ´q‰û›]Ê]GWÁ D „8“u@&drY)@¬ÿ†ä öa^°2°óE¿êIW
œR
 DÄ˘WÎsÓ◊Z„˘…L"Ç«ë˚Ìû;œÓπ ú?{ñ'ˇ√?Ô5üÕy~ÒËGÛ»G?öG<˙—Py•pY&œ°õÕŸ=wø¸À˜p›ug∏Ó∫k∏Ó∫3 DÙd<á ∆q‰≤EÄR
ô	@Q°π1∂ëà`\èîR àí "(*<∑æ]-¸Q˘7(jº@*\Ê@„äÊ∆ãƒ‘¿ÖÀ‘∏_3œWê–Ãe´ı»˝∫Ÿú*Z„≤LÆ ˘ø´ ¡e≠5J)îRx†f.+Ç"hÜ±A)\÷⁄»eNZkÃÁsZk ¥÷(• d&ô	@◊u Dó5†Ò,]◊1é#ôI)*óçÎë√˝C^gNú‚æ8s‚‘¥÷ËJGf–ïé±ç<?ÕÖãR;rx†yﬂ3üu¨&.◊+∆ıä2üS
å#DpY …s a†tœW& ∏Å
ˇ^Õ–E\ñ@3¥E¡eôP
¡eôIkçÃ$"H
<_AÀ`ﬁ˜ tµßtmË+t]«˝∆±–uÖql<∑.À‰≤¬Û— D@•⁄9 DÌâÓ◊‹(* ÙµgúFÓ∑∞œ˛¡>ªª˚<∑çç6õ<∑Ævå”»˝⁄‘(µ0Ô:V„@f îR (•–ZcG"`π¨à‡≤ 2°∆	tFçÀ"†è`»‰YZ„≤R†ò`l#EÖà†µ∆Sü¯d˛%›b¿8éîRà("»Lûü›sÁŸ=wÅ˚=˘˛Å≈jπbæòsø“uº0Ø˝∆o∆KøÙK¬¥∆≥å#î
„z≈›sœYÓw›u7SJGÊ¿e…¡e]È∏_s#ß‰πJ)åm "(• ê-»LFè "Ç÷Ëj·ﬂà‡ﬂÀÖÁ‡n<?EÖ¢¬•.†j4√ÿxñ¢éÁñ…e]Å˘¨c>Îòœ: ˙~Œˇ7Ox‹xñ‡ä‰YZk å„@3dB&4C3¡ºÚ,]∑I◊mîRh≠qøÃ§µFfD „8êôå„#–¥÷ àZk Ór∏»ø∆ŸãÁËƒs(*d&¡˝ä
ÕÄ¢FQ£®Ò¬$Iíº Q{Ó7üuÃg˜◊+Üa@k\ô<Klmh„»•¬≥Dpô®‹öπ,Z„y4Ûä†+<K&œ°ä¯Wõœ:Ê≥ÄyﬂS∫Ä“uîÆ£Î:∆q‰Å∫Æ0éçI)–x>2!Äq…L2ì÷ m»i 3…L∆60N# √4o5L„45àîZ(µ ∞GÊ]«ºÔ»L®µ∆˝∆Ês(ÖÀ2al\cÉÆ@3åÊ"†+Pƒe} ck–u–u„»ÿF∫“ÒØ5.W îRà ∆q$3y~∆q‰ê›sÁŸ=wÄ›sÁyÚ?¸ˇ^´ıäÁˆ‡á?Ç?¸¸K∆2˘›sœYÓπÁ>ûG2Ä¢@◊u D„8“‹∏_W:J)‹ØµFD t•£Î:∫Æ„~„‘ß∆øï/5Ó◊h pp„~çÅ †Å
∏–hÊ≤Êî	\ñ	£πl^Á0áy+√@—@3óïô@[At@–¶†‘Bõ}∑…ˇ:”
∆¨V ¥ZËk Ä!jO©mâZ»i$" ìÆÎ «"»LÓW∫∆e• êôDI5 àH.+•êô¥÷x0œí§°‘é’j≈ÿ
‘¿`ÖBW;vvπÛÏ=ﬂŸf˜‹.7?lÄõØ=√äs2!Ü‰≤>Çà I†Aí@«≥pÚ‹FF
Ö Ä@îBØB_ÄAÖëéÆÆÿúos∆i≈jµ¢M#Ÿ•v ¥•@&§‘ƒe≈Ö“ôçûìœ¢n–œA‹(Ç‰äÆ¿–EP)ûGAÚl<K£ ¢v<ÀôP:û-
ÖÍj@)\6éçÆ+‹oG ö:⁄®pôdB ÕÄdBÈ h<¿çÄ‰≤Ætd&œRÊ 4%yÕ\66@0∞ZÆhÎ∆j’X¡¥bæÿ§+óU.Îj¿0tµ£P Ë‘ëôDô…8$∏Å MÖqÈ‘QJ°µFD –Z 	@ÙCí…eç’E\∂ö∏,–úå≠—ï¬f◊—\ hmdi˙ ¨÷I°#ß∆jZÒºV¨¶d°dGê\VTH%MçÊHXµóâÀvˆaﬁq˛Ó{xÚ_ˇ5´i≈ÛSÃÎúö/Êî⁄ÅÅFØòœÊ –V‡*‹˙Ù[aZsh\ç tÛéÀ‘h…NVt<á
¥ô‹sÔ=<˘)O‡è~4]›‰≤iÖgÈ‹qø¢@◊u îRxn]◊qøR
T.+.õ∏¨îB)&h@õ∏lŒ3®¿ƒCØ‘(4
ç¬‰ n<7p„yûì˜AóeÚ,\ñ	Õ<èn÷Ò¸¥≠]„ ≠–¶@õˇ◊å´CVª‰4pøqi≠–Z#"∏_kÄq«ë’j@D –ïé˚e&ôIf≤Z≠xQtµ 0L…0% õÛéÆhµZÒ¸Ï_⁄`ggÄLû•^†R
Aí$Ií$ID‹
Ö x†LûCﬂõõ]ù0N+Óó”¿sk"xÅÜi †2π¨ôÁÂ∆≥îTx~2˘7âÄLûC£ Ph‹Øä "xô<á÷x„ÿ∏ﬂ8é‹o⁄4“¶ëg…‰≤LûCœ“ ¥Fs£® êôd& ÕçÁ'"à∫Æ£î¬≠∆ë:{ˆ, ´Â!‘˜=„z†Ø=}Ìßë˚ïRË∫éR
]◊\ñ	•¿8Bkd&„8røà‡~≠5rHÓ◊∆∆ÿ`^!∫¬e]·˘2«C∆Òê˚mŒ; Ü)˘∑ËJGQ°π –∏"xñ’¡ä’¡
ÄÛwﬂ√ìˇ‚Ø˘∑ä⁄Û@„∏†ÎÊ<–w˚wÛ‘'>ôÁßMç65ûC◊—¶Fõœ°Ë: ûÙÑ'‰'<Åˇ•®¸gP 7˛U–xaäÄÄL.ã‡Yä†ôÀV”äyù≥öVåÎëæÔhçÀ2°h •@k‹/ß$j≈0%}∫Zà⁄ì”@‘ûR;∆’äR
¡jµ¢Î:Ó¥÷x†ÆÎ(•0é#¡ÿF®Î: ∫Æ†µ∆˝ˆÈgs∫Æ„Å∫Z¶dúËj·~„ƒeÛ˘ú’j≈ø$ÇÀJ·ﬂ$3y~í$ ö!ÇÀJ)<Ó7L+⁄4Ú@ô¡øZ3œ“ÃeEÄ
ˇí»Ñ±Ò,E<_Õ<_Õ<ßF!≥¡ø("x•¿86Ó7éç˚√¿8é0é dÌà⁄Sh–u ê	 ônê\—dAs„~¡e	ÕW.ÀL"Ç˚Õªé’8ÚÇ¨ñá<?›¨c\èu‡~]Ì(• –Z£î¬˝J)¥÷(n≠AAf2é#]◊QJaGZkîR π,˙ †π16hÜë+∆]·Y6ªé!ÄàûÃÅq<§îéqjS2NÄR;˛%´√CÊ‹Øπëô470–Ä4.[¨X¨X¨ xÚ_¸5ˇ9DÌyQ¸⁄œ˝O{“#xÉ∑x3^•∆’»˝J-–î•¿8Ú§'<Å˚´CûC„9<Ó	O‡±è}4 E<'®Tû√#ˆ˛Q˘üB<_EP
¨&Ë
A&D@&åäxÛ:`≈
ÄaË˚ûR†5àÄL†û•5 ¢•òÛB_É√’»Ê¢Ó◊¶ëR
 ô	¿8éîR àJ)<?Af5(*47ä
≠52ìà`G ˆ9{œù ?}«èÁÅ∆©—◊  ß∆·jdú]-º ˜]∏¿ôßxnô≠Ò,C&˜ÎÉg…LœWD êNû[4Ûo¡Ûh≠PJ„πç”H«újÜLÆ(4û%7®2°ä äxë4Cîm‚˘äÄL †àgiJÅf.kíÀ2°5Gh-«∆≥≠¯eÚ,mÑ“Ò,•pŸ8Ú@ô	@fD≠5(@„äò—Ÿ≥gπÔæ˚xAÜa †õuå”HW; ∆i†î¿jµ†îB◊u\÷uê	 „»ËB)ÖR
ô	@kçR
Afrøn≥#ñçL(Çf.õWhÊ≤±5˙6ªé±5ö
ôÛ˘q ∆Èêæ }⁄Oz“xQçm†πÒ,h<_O˛ãøÊﬂ£M#•vî⁄Ò@„∏bW<?O}‚ìyÍøö7xã7„a/ˆ∆’HNI‘ÄL.ãÄ÷hÜ®ANI‘Ä÷∏¨5Ë~˙ßÿ››ÂÖ™s ˛·ÒO `^yNuŒÕ+œ·∫ÎÆ„Êõo‡ˆ€oÁ¯Ò„<–ÊÊ& ø˚ªøÀãÄ ø¬
ÿÊ+‚
7^(7®ÖÁØôÁ–Ãeô\÷Õ\÷ ∆6“‹◊#‘óeBk ⁄•ê ¥)ËÊˇ€<·	O‡	O}*è~±#«ë’òîRhÜq†èûl\–Z£î¬|>ßµ∆8ét]@kçR
 ≠5Zkå„H◊u  ä
 ≈ÖqΩ‚¸ÓY Ê«èSÊ◊=¯¡ lŒ6â∆q†µFW≠5˙m*†ddÓ†Œ)∞Z1üœ9Æmv˜˜ßÅ›É]∫ÌM6Ån÷±Z≠òœÁ D@)Äyç∆e…$<Sô4 :Ûö:.œ4røfË*åScòíq‚Y⁄4RjÊ9D å¥÷Ë∫é˚e&çFL#•EÄ’ƒem)]G∂ën÷Äœ≠†ÅìP =ÕP‘∏_ 9A …e£]-EÄB£µF)ÖU„≤÷`‰9çóçÎ #–mπ_é+ "ÇR
˜D@_ó9…qEôo@Ù êh#œR #–Z£+Afåi4 I

í§P XM+¥i”»ÓjE∑Ë(}¡˛—´	∫Y«ÃÅæÔπ_W;˙⁄Û,WÊÛ9„80é#.4 ≈e–Z†Î:Fè`hS£E£+Öæ √j¢¿85 ∫RhÊC&C& E#]W«ÍòwPJGõV<˘©OÄ œ6Òl	L@]È∆Ä“
„4“’éqŸ››Â≤
O¯ªø‡Œ€oÂﬂ+jOõFJÌË∫9 „z¨tÛ9L+ V<€/ˇÏœÚ‡'=ò7{ã7 4ÆhÄRÁ $I°∞W<–|>Á…ˇÏÓÓÚ|’9 m)µ£¥∆˝∫Rh≠Ò¶C6Áõ‹ØP∏_W;vœÌ≤{nÄ?˛„?Êû{Ó·ﬂÅ‡_©–(4
çÁßôÁ—∏¢Õ<K34sY34Û<ä∏l^°àÀ"xñ>†.Ür †èû˚çÎëÁV
ê	*<∑qj¸_ ¥÷«Ä!Ó◊Z†µFkÄÆÎ(• PJ!"à∫Æ£Î: ∆q$"«ëqh≠Ò@Û˘&õÛMéoÁ¯÷q∫⁄êô<Pkçqi≠qøÕnìÍfshwü:{ˆ< •@î¬ñ@pE$ê<õ∏ÒØ5Nç˚uµPjG‘ûI)Öqπ_D–Z„~„‘ß@Gr◊#/L)Ö*j<∑àÄL.+ÖÀ∫Zxn≠5^êqΩb\Ø◊+˜w9‹ﬂÂpó√˝]˜wWáå´Cr»i†µ∆skÜûeÜa‡˘rÉ“AùÉ
≠5Zk‹/3âû[õ/Ls„~„8–u ˜‹}˜‹u˜‹}√0 –˜=›¨„πç”»0tµcò ¢• "Ç÷ ô…˝∫“Òu@ ÖÀ∫Z¶‰~„‘Ëj°´Ä>Ç>ÄÆ˙ ∆÷GhçÀ2!s s s`yQÃõ<–ÿF˙ËÈ£Á~„42L˜˚Îﬂ˚Óy∆Ì¸{ï⁄Ò@„z≈∏^Ò¢€»ìü¯dæ˙Àøö'?Ò…<?„42N# „4Ú‹û¸ˇ¿˘≥gyA⁄4“¶Ä6ç ô å≠1é#ôIfíô å”»8çå”»0” ¿8ç<–+øÚ+sÛÕ7ÛÔ@Ø‘(4
ç@s°π –\x†fhºpôê…eô–cÉ±A3å2al06»ÑLûG–Ù—”GœÛ3 •@D •É»Ó◊’B_É[|ˇõe&˜Î∫é>z Ü Ë∫éR
• 2ìÃ§µF)Öà 3«ë˚ïR(• –Z£µFkç˚ÕÁõ\w›É9~¸˜ßëÕ˘& ≠5J)t]G)ÄR
 cyQÌÓÔsˆÏyÓªÔ˜ãÄLhçÁî <õx˛2!ìÃ 3Hí$ynÕ<À0%œ≠‘é¶µ¿8éd&ôIf2Nçj„Hmi„»·˛!√00ÆG^ò÷ Eç˚5ÓW
î<K)<áqj¥÷ »LZk ÓÔr∏øÀ·˛.á˚ªÓÔr∏øÀ∏^1ÆW<PõF^òf»ÑL(Ça«ÄÆÎ `<Ä6@&¥ëÁVJ 3â^òRîô<–8é<?„z‰Å∫Y«0<–8çå”H_{ J-‹ØîB◊ut]GD–‹∏_DPJ·~ô	#0#óçSc˜`≈Û≥9ÔË#8GÜL˙Ó◊G–ï@&¥≠Ak#≠ç¥6“uõ<˘…O‡_≤ZÚ¸9¸‹Ûå€πÁ∑Û©‘éè_¯π_‡~ÓxAÜi`òh˜‚.ÁœûÂÅZk¥÷h≠—Z#ßÅú r222h≠—Z£µ¿0º®^Ì’^çõoæô#Ç•B£–x†¢Fs·πA
œVƒsàÄÆpYóE@ˇ&C90‰@W:∫Y«eBk\ñ…ô<?]-‹¸‡õ˘ﬂË	è{‘u≠5«C ˙Ë«ë÷Af d&´’
Äà†î¬8éd&]◊—u •∫ÆcG^òÆvå”HD å„HkÄ÷˜r`»Å±ç<?«∑∑ÿ›€„E	ë<_ÖgÀ7p„~ôIscl#ç@í$I34sY&SÚ¸DÌy†‰yïR∏_Dº(∆ı»0åÎë±¡ÿ`l06h≠—Z„~ÕÄÊ¬˝2a°5.ÀÑqÑqÑ√’»·j‰p5r∏«ëqi≠1é#á˚ªåÎ„z≈∏^Ò©∆q†Ô{.ã∫M»ÅÀT∏Ã‹»L∆q§µFkçÊFs#3…L⁄‘W#9%9%9%mj¥©D ÕçE7Îx†æÔπﬂÊ|ìÕ˘& ]Ì(µ‹J)¥÷ »L2ì±ç ¥÷ Ë∫éÀWt¿]-‹ØØ@W á´ë!ìÆ ÜL ÜLÜL∆÷ à‡≤R†îéˇC‹oòÜi`úF˛≥¥i‰ÅÜa≈ø÷ìü¯dæ˚€øõ[ü~+˜¶ÅaßëqπﬂÓ≈]n}Í≠<∑Ã$3…L2ì6ç ‰4 0∂∆3N# √40L„42N#√4Çº⁄´Ω7ﬂ|3ˇT˛Ê@s·~çBQ†®qYó5˛*4 A°Ò‹J·YöyñL.ãÄLû•è@3åmEW; 6∑6Z£hçÀäD0d–◊`òí˚ÕÎúˇÌ"ÇqÈ∫éyÈ ì¶@Q`5¨Ë£'3r †d°µ∆µ÷»L "Ç˚ïRh≠ëôt]GkåS`ò†0∞Z≠»L Zk‹/j–g@_{Zk–†%å ÿ3Û:ßMP¶∆Å∂πÁé{ÿ|¯6 Ÿ`s∂…jl\ñ…≥œf†Òlj  7.+‚ä–∏_ÚúJÌh”»˝Ê¿® `(=9≠àÇgãÓ◊ïéÃ$3âä†Q∏_—HF“‘ »‰≤q’XI?o t≥9 °@)ÖLàh\—»Ñq\qø÷Ä	∆i`òd&≠5J)¥J) ¥÷»	ä:û-int•cl#EÖà`l#]ÈHí÷8yæT¿ „zÑ:ßÎ:®=‘‹∏Lú@É“@$¥÷ (•@BDpø9sFFä
 ÕçÆv H(•êôd&´ıäÀ„0≤{œ=úø˜,gœûÁûsªÃ+l.Ê lÃ7)]°π—’éB°MÄÆÎh≠AFàJ)t]GfRJ°µF°PJ†µ∆˝∆q§îB+ç±çl∆&«õ¨ÜÄfHsYD êN∫Æ†µFé…≥L@i@“uu P·p&^†’
6∑6içÀÜi†îBQ°µ∆jZQjaµ\±:Z±{Ò˜w˘Ws¬¥b5A…Bó çBpE°—\ »ÑfòWË/ÿƒsÿ››Âß‚ßπ˘A7ÛjØÒj?} • V+ û∑«en¸K⁄4Úl#„ƒ≥åuŒu4⁄‘x¡ÊÊ&„42N#Û≠„<?/˜jØ∆Ê_ˇ5Ox¬¯W ¯W*j5 äÕ–Õ\¸´ÖF°Òoë…eÕ<K3ó5Û<JÅ÷∏,ÇÁ1L…ˇ%≠5∆q§îBfB&óπAr†èûÁ÷GOkçR
 •"ÇqâZkå„»8é ¨V+ Zk¨V+∆q‰p52L	@_É˚ïRà"ÇR
˜+• <?]◊qøq∏pÓ/ê
óE@ $œ°π—‹hnê¿»Õ–Ã≥4Û<"xærxn¡ D¿0¨xA∆q§µë÷FZ«C˜wÜ„z≈E,Õê	Õ<áqjÏÏr∏:dò 2ì˚µ÷»LZkå„Hf0d–ï¬˝2ìÆt d& ô…ã™M#œmGû•5.´sP J)t]G)Äà‡~c…L∫“Ò‹J)D˜Î∫é÷ ´Âä˘bŒÍh≈≤±µ√˝∫⁄—◊û«ëÃ "x†ÆÎË∫éÆÎË∫é÷≠5J)îR∏_kçÕnì„Û„‹o>Î8æΩ…˝ZkD•J)D˜+•–Õ;¢QÉR˜+•£îÄ6é åáá¸√ﬂ˝ˇ•Zk¨V+∆q‰øJ_ÉÁ6ÆW¸[›˛å€˘·Ôˇaû˙‰'Û‹Óπ˚N˛+Ú¢xÙKø4◊]ˇ
ˇFEÄ"(Ç"ûØ¬sjÊ≤f.kûü4†ôÁê	c„YöyñfhÊ9lnm≤πµ…ø§è‡ˇí'¸√?Ñ¯ÊÛ9]◊Ò,n‡ ‹o»Å!ÜËJG=C‹o>üîRË∫éR
Û˘úÆÎx†qy†Æ˙<–8é¨V+2ìqi≠PJ°µFDêô¥÷xn„8“˜=]◊p˛‹y Œü;¿ﬁ¡˜€?87h#dB¡ÄÅö EÖ¢t@pYÒ,E–¡eôº@á„»ê	@@fíôd&„8íô¥÷«ëÃ$3…L∆62ÆWåÎœmG^êqΩ‚ÅJ·≤÷xæ∆©1NçaJû[D‹2ì÷≠5hlç L ö˜k≠Ò‹Zkd&≠5rh”@7ﬂ§Î: ∫Æ£Î:û/7P·πµ÷∏_fRT∏_D–‹ (•pøR
 ≠5J)‹oµ\±ZÆxa6∑∂Ÿúo“◊û*•–u¿8éîR »LZk<∑R
 ≠5 ∫Æ£î¬·x»ÿF 6ªMv˜πÁ‹.´ı@◊u‹ØµFf“Z£µ@õ• ¢]∑…˝Zy†6é¸[u]«˝VÀ´£´ÂäˇL]- åÎˇQ~Ì~Å_˚Ö_‡©O~2 ˜‹}'˜‹uˇ’yQºÙÀΩ4ˇ
T˛ïö Eç \÷ƒÛhÜLà‡≤F·~Ö∆sœ°àÁ–ÃÛ(Çf.€ÿ⁄‡Ë‡Ä÷xñLûC¡–íˇk2ìà†ît0≠ " Ë£ÁÅ«C˙ËòœÁå„@)ÖqâZkd&A)Ö÷/LWá´Z£Î:ÓWJ·~≠5J)<PkÄy?gµ^—u„8“˜=„8Ú‹ˆŸŸ⁄‡Y⁄»en<ã∏¬PTxaöyæ∆∆Û’¶Äú⁄426ËJa»dl¶ëÁ÷Z„~ÕçÁ6+∫ŸúÍ∫ÄL.km§îé®ÄaXP˙9˜+2!∫4h\1L…85û[f¥÷∏_kÄR
$ˇ¢¢Bs„ÅZk‹ØîBD –¶ÄnæI©•ûGk<K¡j·πïR»L"Çà  3yn≠5J)îR h≠ëô¥÷ ò/Ê¨ñ+ ÓºÁ,w›swﬁsÄÕ≠mûüÆv‹Øµ@DPJ!"«ëà †µFf“u„8RJ°µ∆˝J)å„H◊ulvõåm`l#]	Ê≥é’zdµÈ∫éÃ$3â"ÄÃ$3	‘⁄H)ôˇVÀt˛û≥¸WÜˇQû˙‰'Û‘'?ﬁÏÕ8{ﬂ=‹s˜ù‹o^Á¸ß™<ÀŸ≥g9~¸8‘’94é+˛®¸+5 ÖB„yöy6sYó5ûS°Ò‹öœ÷Ë
ó5Û,ô–Ã≥öE\÷E–&ÿúo≤∞œen‹/i2È#2AAf“Z„pºÚ´ø2?¸˝?Ã˝V´ˇ[¨ˆ˜Ë∫é˚¿çÆõì≠1$Ù¡QË£'"Ë≥g\èD´’
ÄÆÎ»L "Ç˚ïRà2ì÷ •hç65⁄4RÄ–‹hjt•£®–Z#3)•0¥Ät“Zct£Ùáá#Û˘q∆Â>≠5 ÊÛ9˜ÏÓ¬¨£[ÃŸ‹⁄vi\«˝∫ çg*<ãP·9d„Åœ©®@E<áRÄÅûFa≥6 Ü)Ë∫9 ô<S„Öi*œRÁ‡å„H°ë@@Nç˚5A++Z„YJ ¨†+–F^†q)*d&œíPThnê–Ä¥Là†pEs£®–hê\÷‘@@$4äÇ4SRÍúÀ•4∫(¡s(Ö÷DPJ:(3h≠qøà 3! I ZkP∏¨®0N#ç(¥ñ@aµZqô`l#˚´∆ﬁ˛>L+ ⁄Û≈&•´Â!Û≈&˜ÎÊL\÷Z£µFÒµ†tõqE6˜)›ú˘|NkçÀ*4T=ÇÄÄ÷ √™—4Cê„
Ä®=8)•ÉJ+ê–¶ë“`5ç Ã+@¡jÇ˘º@)4‡ˆ€oÁ¬}xAV ”ä6 |õ’¥bŒZP‹@\4≤πµÕ˘sÁYÒØ”ÄpºBWÉR{®s ˙ åSF∫ccwwó’j≈0é¸G¯µ_¯˛è!¯7*4ûüfûCqY3óerYåö°ôÀö Eç¢∆˝öyEPT∏_Q†äxëı<PDPJ·ª{ÓπÄqµb\≠x†R;r ËÉÁ´µFs#3)*2ì÷≠52ìqi≠d& •J)‹Ø®@}Ùlvõ ¥÷»LZkº0õõ ]◊—˜=tœΩgy†√É}ûe‰ä¬ÛäÄ"(Ç" zà∫MË6È£ßèû>z˙Ë)*ä
EÄàÄû•ØAW˜ß@&œWkÖ÷
ˇíqynô@kÖjmdú„‘ß∆85 ∆ı»sÎk–’¬uµ#"¯wÆH y∂Äqj SrøÆ+Ù}–u"†çºPn‹ØµFkç˚u]«˝"ÇÆÎË∫éÆÎÿ‹‹dsæ…Ê|ìÁ'ßÅ˚ùΩ˜,˜›w˚óvynÛç ÊãM J- ¥©Ò@]◊QjGõF∫˘&˜Îfs ˙~¿jµ`µZ—∆F˜ÀLZkîR ËÜ‰≤√⁄4µ'ßÅúh¿$œ2d≤Ÿu<∑ÆË∂[o•πÒØUJ@k#¥ZÚ≠´ÖÁÁË‡à´˛ET˛ïÖ*4öœ÷x~öyñ(ÇfàÄLà‡94Æh4Û2yñÊ∆Û”ÃÛ5ÆFJ-DrJ(¡s+•êô¸owœ=˜0ÆVtÛ9„j≈˝JÌ∏ﬂê–óuFsŸ8éîRÇÃ "€@)Ö˚ïR»L "ÇÃ‰~EÖà†µ@=œO)Ö÷˜kS£‘¬86 Ü!yaÓπÔ> ¸†õ9:ÿcskõgi@·˘*‚yÂ 9pYÙ<∑à 3π_&DpYW„‘ Ëk–(åS£´ÄB„~ô<K)çE◊uå„»ø§µÄaÍÈk0L…85⁄j§õu<?}®îôº Õ\÷óœ+y∂∆$óS–◊†Ò¥"@ÖÁÀ2…ÑR
≠5J)d&˜ÀL2ìÁ ËjGW;∆i‰~9¥i‰˘Ÿø¥¿ˆ±„î( Ãõ<P‘†‘óu]«˝JÌh”H© „z¿0¨(›ú˘|ŒÓÓ.´’än÷Q∫¬˝"Çà‡Y≤—óıQ6à⁄Û/ÈJaúÜ)Èk–◊†Òl∑ﬂz+ˇ≠çd‹oµ<‰?“|cáÁ÷’@õFπÍEBÔ‘\xaö°ôÁê	Õ<K/T&dB&åö°ô®äxÛŸÄ˘÷ú®@‘‡Å˙ Zk<–Kø‹KÛø—=˜‹√·Ó. ›|Œ˝¢ˆ DÌÈÉÁ—Z†µ∆ÿF "Ä˘|N◊ut]GkçR
 AkçÃ†µ@s„È£†Î:ZkîR(µ Pj†Î
]WË˚†Î
˜Î˚ûÆÎx~ˆ9<ÿÁ≤∆Û Å*z h#/™Lû•´ÖÍj°ØA_Éä‡ﬂ§Î:˙æÁπï“∏_) „‘¶dú˜◊#√0pøÆ∫ZËjasæI_{˙⁄Û¸D˜+*<K)¡57 Æh<[Ú˙tµ–uÖæûEÖgQ·~ô…8é0≠†ç–Fà†Î:"ÇR
 Akçqi≠1√00áááÆŸ=ÿeúFÓ◊¶ëÁÁÏΩgŸ€€`˚ÿq Ê<?• ∫Æ„~õõõDÌâ⁄–¶Än6ßõÕ◊+vwwY≠VÃÁsé?NÈ
ml¨vWåá# ô…u∫¬e„ÍêÁPÄ :†qY¡ê…sÎj·?BÊ@k#¥::‚?“|sÄæW˝õQ˘WX«i‹Øπ ç ÄH^®ûØfÄ∆sã‡≤L(‚Yöç@À@=E–J†‘év4RJ#Õe]W»∆≥	– à2ì“Õyâó}9˛¯˛òˇçÓ9û„◊]«˝⁄4“DO££p≈êá„»ºŒÈ∫Äqhn¥÷(•êÎ ß§®@rYQ!ïD„8–Z£π1◊úRá„!≠5J)¥÷(•pøR
œVÄBThS«eÌê‚FñBkçq)•pø{Ó=Àº€‰Œ˘=\sÕuåScwwóSßéCBWÊP 7pÅ»‰_“‹(* Dô…s*‹/à∆e*D Êy¥i§û©ê…4û€8éå„H◊u‹/Ä90fåmÊî“∏_Ò≠QúD»LVá+ÊmŒ|>Á9ÃÁƒT Ëß`G∆ıä˚eÕPÄÜLz†—¿</A£Qjœsjî4CßBﬂ =––(``)4.À∆j)t DÌ°%•Ó◊Z†îBkÄÃ‰Å⁄∫1é#≈ÖÆÎÄ∆∏Xçç›Kª ‹wÓ<£aˇpuŒÿ`>üÉ
 ç¿Ê|ìÀ&.»LV´•¢ •paG"Ç˘÷qX≠h≠—˜=]◊—Z£‘BŸ* ¨V#}´U„≤‡y‰4µÁ2Aõ9$ ùÕç"G.ÎK–’¬eœ≤{nófP°‘†≠F6∑∂@=çgZÌ3WÅ“±öÄim‰ﬂj>?	¥∆|sì†P@&L¿ò∞`µÇ	h\ı¸¸+5öˇŸ2yô\÷Õ–Ã¡sË£ßèûd/L)ÖR
 ¡ˇvOx‹„x•ÉË†ç9 –GOW:∫Æ`GJ)t]G)ÖR
≠5Üx~«CÜ»LÓ◊u}Ùåmdl#4é#≠52ì÷T*DÖú†M#m(µ£Î:˙æßÎ: 6õ‹Ôpy»˝ŒûΩáQ/PÙP:ä
˜ÀL 2ìÁßπë…e\——SJ@‘ûR;ÓW
DpYk¸´EAfRT(•Ò@¡8é¥÷xn´’ä››]∆q‰˘â⁄”˜s∫ŸúÁ÷G0dÚÔ5üu Ã˚û˘¨#¢'¢ßîé˚ï⁄ê”¿·8r8é‹ØM#›|ìR;û[)Äà†Î:∫Æ£Î:∫Æ£µF◊uÙ}œÊÊ&]◊Ò@´a‡ÅÓ∫ÎÓºÛû[©ÖnﬁÒ@•ÓWJ°î¬˝⁄‘ (µ–¶FkÄÃ†Î:˙ægvwwyn}]}œecÉ!aH8°‘é6ç î⁄êô¥÷Ë∫Ä÷†5hçg«∆··»˝û˙‰'Ûo1N#√4 0N#ˇÊÃ77π¨h2°5Æ˙W!¯7j.<?ë<_ô\ñ…≥AóA&dB&œ£ôÀä†ä†àÁk»Ä!Ó∑∑wƒ˛˛!áá#]W «∆ê0$œ“Z£µFfíô¸ü=óÂ 9@õ›&„82é#˜ÀL"ÄÆÎÿÏ6y~˙ËÈ£†î@frø√Òê±çîRh≠1üœ…LZk ¥÷h≠1Æ†Mê¥	JÌ à⁄0é# „8Ú‹ééé8{ˆÓªÔÓ7+ ∆q≈s»Ñ6røfhÊŸr †π—‹ hnº0EÖÁVJ@DO) Q{JÌxaö
/LÈ:Óóô D/Lfíô îR∏ﬂ··!ááá<P©•vt≥9}?ßõÕ˘óô \<ØiÄiÄiÄ⁄0Ô{Ê≥ÄR:û[õF∆’!m[£è `≥Î(µ„~•v¥÷∏_kÄÃ$3…LÓWJ·~√00é#„8≤Zè¨ÜÅ∫ÛŒ{x†˘|Œ|>g>üêSRj°‘@kç˚µ÷ Ë∫ÄR„jd\çîZ(•pøR
}ﬂ”u˜ÀLÓWJ`π¨Ôa≥„Y∫¬e•v‰4–¶ë÷ ]◊qøR†òœ°Î
√êCÚ@O{“ì¯∑¶Å˚uµ„?]ÃÁ P
W˝´¸')çÁ¡eÕ<K34sY3œ!ÇÀ2alPÕ–Õ–Õ@	$0¬ê C<∑ÌÌM G ∫Æ@}@)ÖR
¡˝^Óï^Åó{•W‡£'¸√?Ñ¯ûe<Ñ†ç Ù—sø±çîR(• –Z`G∫Æ£î¬ÿF^êÆtº ]ÈËJ@f2é#A◊ud& •¢B©\V*óï⁄qøÆÎ Ë∫éÁv∏<‰ÅŒûΩáq\qøq\Ò,n 4sYÒl—CÙ  ä
/äLû•µë˚EÙî⁄µß‘ÄR J·YäMÖ…ÿF "Ç≠ÆÎ∏ﬂ8é2Æ…i†M#˜Îfs˙~N7õ”ï¬ê…ê…ÿá„»ê…≥$ê\ë<áú ¶ë˚Õ˚ûjm`µ⁄•µëquHN•vtÛMéœÁ t•¢äû[◊uîR Ë˚ûÁ∂Zè¨÷# w›uwﬁyœO‘†õw<∑˘|Œ|>ßÎ: Zk¥÷ (µ5hS£µFkçà "Ë∫ÄæÔÈ∫é˚ïRË∫é˚óu6;ÿÏ`≥„≤6ç¥i$ßÅq(• –å#¨V∞Z¡··»86∆±Ò@O}ÚìyQÏpx∞O_{˙⁄0N#˜[≠V¸Gòon2ﬂ‹‰YJ·≤Æ˙W£Ú§àÀZ„≤& yPÄ¢9„¥ 
œ¡≥dB3PÄFœI–Ã0óûCÏ_⁄g>ü”ÕÇ˚ÕÉÀ2πB@k†lˇ«ºŒYM+˛7ô◊9%
˜+•#¢'Åàû—ç¢BD0∂ëN mjîZh≠QT◊#Õç¢¬ê}Ùt•cl#Õ ¥“`45
Ö«ÄÆÎ∏_f–Z£ß–Vçé+Z(Ç—0N#FèP::œW+ V´∆∏iá+ ˆ/2ﬂ:Œ˝:çPÅ∆≥4®Ò‹Z4 H(Ê9âgiÜR
 …çÍ≤PJ£µëR m)JÅq‰YäMÄaΩ¢SÉ:ÁY*Ê‡∆ô…≥®ÉL ∆	∆qüÆÎËù‘9 ›lŒeÜ9Wî÷†4^ Ó◊’´©1üœòW†t 4¡84J)¿úL†ÙDœ‚éÆpYW`Ù»˝Zk‹Øµ∆eŸ»l 	•É65Ó◊Z„ÅV´ Û
ªªª‹s«≠ÏÌÓ≤Z≠ òœÁ ÃÁÖ˘†–	∆JÅB`\µß‘éæÔi≠–¶F)ÖB°µFãF=9%]Èh≠qøR
˜ã∆q
 •4":Zéåä B–ÕÁ¥÷ 8\ÆË∫é÷˜kmd\RjGõ
•@@cµ:`5≠¯ó¨x∂qò/6â6PJ'X’9 ›bì›É]vVîŸú’|>`uxHÊãé"Ëfs 
ç®=‘¬∏:Ñ:áXAÆ˙¸»‰≤f^®H.ß ]ùsøL»‰9AQ°®–‹(*4Û/**47∆6røùù∂èm3ﬂöSj·_Î•_·Â¯ﬂÍIè{˜km ¢`^ÁDEÖ¢BNI©Ö˚ö¡˝˙Ër‡p<§π—ïéÆt47XPÄ¬eCåm†Î:"Ä÷≠5"Ç*µPj`>Îx†Æv”@W;ûü{ŒùÂûs˜qœπ≥ ÓÔs∏øœ≥4†ÒlÊKÆH Å‡≤aZ1L+Ó◊ÃeEº@ô<KDO)•tDÌ)µ£‘ÄàûàûE©ˇ¿ÿF»Ñ÷x†q9<<dG®õÕËÁs˙˘ún>Á_•€‰~Û˘ú˘|N)P
óï¬eA)Öà " (•¸¥÷x†R
•∫Æ„˘iS#ß$ß$ß`µ^∞ZØ∏ﬂÓÓ.ªªªú=øÀsõœ;hπ,Çgâ⁄SjG)Ö÷]◊1üœôœÁt]«jµ"3È£†+˜ÀLÓ◊Z£µ∆8é¥÷ àJ)å„»ÿ`^!ÇÀJ)‹/3»L∆q†M#9tÛM(2πÏ©Oy*ˇV•û€··>GG{¸{ºÿKø4gÆªéÁµß‘é´˛M˛ç2É˚E@3œWd@d,]ù3N+ 2π,Ç®® Pƒã,"∏ﬂˆ±m ∆’»’œœKø‚ÀÚø’ìˇÓWJ«˝2∆6íô47Ó7ÆFJ-<∑Ætt•†èû>z∫“ëôd&ó`h\÷GOW:˙Ëi≠ëô¥÷x†ÆÎ(•–Õ;¢˜[≠G V√¿j=2N#õÛM˙⁄–ÕÁÙÛ9›|Œ˝Ó9wñ:⁄€„püÀí+FÆ/X  ¯7…ÑL.+ÇR: "z JÌà⁄µß‘éR:^êqj¥i‰~Q{Ç.3yAä
D@)•@áááÓÔ2ÆW åÎ›|N7ü–œÁ‹ØÎ: JÌ(µ„˘*Û˘Ä˘|@¥ô–t]G)ÄÃ†î@f2N#á´CWáå”¿8é¥÷ h≠—Z†î¬ı¡≥¥©—¶∆jΩ`wó’∞‚ÅvwwπÔ¬.4üw<P◊Ò,ô–¶ÄR; Zk d&≠5Ó◊u≠5«CÜ8€»ïR(•PJ·Å∆q§µ@Wx„8êô¥÷(• ¨V+ ¢ˆ‹Øà‡≤Æ„≤ß=Âi¸{¥÷à˛£ºÿKø4˜Îfs∫Ÿúj”»Uˇ&ˇF…˝2!2yñL^®qZq∏⁄%öyñL»‰≤f.kn‹Øö°öπ¨àÀä†®–‹ (*<∑65⁄‘ hS#2y^•…ìˇ Z…∏_s£π1∂ëà j –¶Fõ EÖ±çd&cy†±ç47öE ÇÁk»Ä÷ •J)îR(•–Zc\ç‰î¥©0üu‹o>ÎËj@W;∫⁄ÒÇ‹sÓ>Ó9wÄ√˝}ûCP∏"Ä‡9ç@	$ê<K_Á<P/PóE@3¥6røàÄR; ¢ˆº „‘¶‰π%ê@…≥µVh≠–Z„πe&Õçà‡Y2°5û€∏^q∏øÀ∏^Ò@›|N7üs¸¯qé?ŒÊÊ&õõõDÌÈÊõî⁄ÒJ¿|>g>üsøL(∫∫J)¥÷x~ZkÆËkœ˝Zkd&/»ê0$…eQÉR ÛŸú˚≠÷+vwwŸ››ewwó˚ù=øÀÕÁ=Ûy@&ÃÁ<è6ç t]G)Ö§+c€»Û”Z£µF◊uîR (•pø±¡ÿ∏ll–Z†Î:Ó7é#/H◊A&¥≠qŸSüÚT˛≠Zk d&ˇ^Ï•_öÁ6ÆW‹Ø‘é˚ï⁄q’ø
ï•ÃFdÚö°+ê…eM\ë<'Òlı8@–@pEç@s„2Ò\
Õç¢Bs†Ds≈ƒegœüel#´	ÊµÁ~ÖFk\ñ	ê	-!xñó~Öó„∫õ~é[oΩïˇMV”
Ä¯€øÊèx00ß5ÄÓWT€HQ·p:§+ó∫Æ#2ìNcy†÷•ö $@¡sËkO_{Ó◊‹ h≠QJ°≠œ≠´AâÄ¶Bõ9%õÛMˆ˜inÃgXM+ Ó9wñ„[õÏ/8æ>dw}»Ò„ß òwó¿‘ 
Ö+ZmîRh≠qøí¡ºt dé D@&ê\ $@@ÚL¡sËÄL†v d◊(]«04∆ı
j·ŸÇB£8 Ä4 ⁄4P ÄR∏¨eôAS°πqYÈ€.\¡eÍ∏,Ä¡·8RÈJÅÈ∫ÄqAA‘ûR;òh§îé÷#–—u˜õó¬e.–u∞^1+»9 •pYD0é#!Ä@WekÄa5 ê$mjîZà
EÖàÄÑf(Ç√’! •û•¬jµÇ´£ ª+ Ó9{û{Ó∫ã££ë˚m.6ôœ7ÈfÕ\6Ô∏¨à Ãe9î⁄d&• ∆q$"òœÁÓ7‰@˜+•pøÃ$"ßdB ≈–∆ë∆•våScò(‹/"Ë∫é65rJ¢QÁP√rÄ˘lõ'?˛	º»&X≠Vlnm”ZPJaú(XMçÁ6Øs Ê\±‚πTûÂ∫În§€öp¸¯)é?…ÊbN©Q•v–F
T(µ0ü∆’úU7á:ái≈U/¡øRœ¡≥qY3œ#ÇÁk≥„9%œü ‚9ö ÕçÁ @<ÀôSg8sÍ«èoÚ/ä‡ˇ™R†Î†Î ∫“QTx†Æt åm`G2ìà`l# C90é# ≠5.k@F†Ò˙Ëy†! Zk ¥÷(µ–Õ;J-îZ (•t]@N…˝∫YGﬂ˜Ù}O7Îx†;œûÂ∂€Ó‡ˆ€Ô‰˘r·˘)• PT(* "Ä±çåm$"∏,"Çà 3…L^PE–ÕÊ Ù˝úE‘ÄR;JÌx°ZÄ“Aπ,ÇÁ+Ç˚u•p8éÏÆV2é#˜k”»∏:du∞@ﬂœÈ∫9}?ßÎÊt]Gﬂ˜Ù}Oﬂ˜P
œ“˜;‹ﬂeVå„»˝J)‰40Æi”@7Ô∏ﬂ∏âtÛÄR ¡ÿFö „4“◊Äql‹o ´Âä‰py¿Êbìçç∫Y«˝˙ægπ,ÇÀ∫˘&›|ì®= „82é#¡8é¥÷Ë∫Äqr‡~}ÙîR∏_kç L(" J!jO© •v‹oú ≠5∫Æ£îBkÄ®A©Öq5Ú‹ÓπÁ˛£tµou›u7Ú“/˝
 ?~ä„«Or¸¯)JÌà⁄Sj«≥®@®p’ø
¡øQdBœí	E\VÕ–ô–Ãã&Å‰E#ûCQÒm.6ôœ;Ó∑Z¥∆≥D *<KÈx†Gø¯ãÒø’ˇ " ∆2al#@Q`≥€`≥€‰Å2ì√ÒÄ>z˙ËÈ∫éR
•.Î∏¢ t•c»Ä!Ür`»Ä÷•J)ÃÁs¢ QÉ LV´ ›º„Å∫Y«Û≥x»s[≠ V´ëg… P "xA2ìÃ‰˘…ÑÃ$3â"ÇE&œW7õsøÆvÙµßîéàûàûR:˛Eô<áLp (ÖÀ2yA˙∫RËJ`∆q§Î:∫˘&Û≠„tÛMû[ﬂœπ_◊ut]P
˜Îfs6∑è≥π}úæüÛ‹⁄4“¶ëR;∆’!„j§õw tÛéR•¢´É˜ÎJ¿8ç”¿·Íêq«∆ÓÓä√√ë’r¿|cŒ˝Óπ˚NÓπÎ.Óπ˚N 6õ‹o\èÙ}Oﬂ˜ D@k\V
œ°M#•J)å„Hkçqi≠QJ!"€»sÎ∫éR
œWk<Kk‹Ø‘ÄÆÜ)π_)ÖÃ‰ÅrJ⁄‘ 8‹ﬂ`s{õ√˝}˛˙Øˇöèqj SÚou›u7Ú“/˝
 ?~ä„«Or¸¯) ∫˘&•v¥i‰≤“AÈ@Ö´˛’˛2!ìÀ2y°ä∏¨àgígÆHÆ0`Æ0`¿ÄyNÃeEÖ¢¬s0ˇ¢˘º ìÀ27û≈çzÙã?ñˇÕû¯'P
óE@óe&Õç˚éáÙ—”ïéÆÎË∫éà `≥€‰πµ÷xñ:†„Y∆62∂ë>z˙ËÈ£†èÄ÷œ-ß§Mç÷„8“Z£Î: ∆’Hõ‘Õ:ûü€oøì€nªÄ€oøì’jdµxñàÄ÷<?¡∫“Ò@‹ol#/äàÄ.Îfs∫ŸúÕÌ„lŒ7ÈjG_{∫⁄Ò@=•vDÌyëEZ„Ö2Ë#∏ﬂ8é√¿8é‰4–¶Ä®=œ≠Ô{∫Æ„˘*ÖÁ'3…L JÌ(µ£M# √j`˜û]∆’@õmj tÛé**tµ†´]ÌÜ†Î
]W X≠X≠X-W‹s˜ù‹s◊]‹s˜ù<–∆∆õãM6∑7π_7Î(JÅR∏,ßÅ6çî⁄–Z†îB)ÖR
 ≠52ìÕnÄ>z "Ç˚ïRË∫éÆÎ h≠¡8B&¥ô DÌâ⁄µgú}6Á}∫Æ#"«ë˚ErJ∫y«ùΩÛN˛#S0NçãÎÆªÅ˚?~í„«OÒ‹JÌxmÑÆ˙W°ÚØîû-˜kƒsh¡…≥A3  yæöEÖÁ`@\! As 0œf†¬jµ†Î:éoÁÏ˙,˜k•–‹àRhn@·≤R (4Ó˜‡ﬂ»ÉÚ`n}˙≠¸oÙ◊ˇ˝/Çfû•πQ–¿ç“F4 '.kn\¶¬Z4ä
W40@Å¶∆ºŒ †%P:
–r†îBkÄ÷È$"†@)Öπ 
„S2ÆF¢ mjÃÁ«Wá¥idg˚8%zv˜πﬂjÇ›ΩC˙ªŒrÊ‘qÓπ˜éü<ŒÒzú’Ac{ﬁ(* 4tÃy¡eIB ≠—’9á´]˙:áRxôDôIQÅûC$œ!: 2Ä¢F3q≈º££„YT  ô–©–uÖëÄ’¥‚ÅJm) ¥V∏¢Ä°‘Fs 7ûÉ 
É ƒ≥§·ÍúÕ9tµ0NçFF∫n@kÄ÷•H„ä25`Ns
Õçíçû%’”‹›lõ∂^±πµ…·ÍêqiS`úFéo‡h}@W;V”
T(ÖÀ 4“Z£◊#´√˜€››g˜“>Õ<ÀÒ˘únﬁ—œÃ!„‘ÿúwt¿ä9•ZkîRh≠—¶
6∑∂«Äà 3i≠—Z£îB◊u47˙⁄‹/3πﬂ8é îR(•–òsYÌ »÷ à‡≤F°+06.õWU8–g„phS£t ´’ä√q‰_c^atÇRÄ
]-0¬0$ „Íêæ+ı¿Í
ÄœTyØ¸ ØÕˆâ„4`Á‰qÊ[õ45˙æÁ25»ÑÆÉ÷  få#T†®‘9∞‚™à‡?@óqEpÖÄœKºPEÖÀ4ûSÚl*\¶n<∑’jE)ÖR
ˇ^õ[€¸ovˆŒ;πıÈOÂÅ∫E\÷Ãe•vDÌà"Ç¢¬e9@È∏_W:˙Ër`»Å6Ò|ïR∏,°t–FZk ¥÷x†à "ß∆85Ü)ßF7Ô∏_©Ä®=4üuÃgÛY¿ŸÛªº 9%mj îZ »L^òqZÒ¢à"íà$"âHûüÃ‰Åä∏,∫EPƒe<KÙ} –uÖÆ+t]G◊ut]@G®Î
]W∏_õF®îéR:^òR;¢ˆ<?•Zk¥÷h≠ëôå„@kÄ".47(ÇÀ2!ìg…L2ìæˆtµcsæ…˝˙⁄≥9ﬂ‰~√4p∏:d˜`óqÑLû√∏9‹?dÓwœ=gπÁû˚8<ÿÁË`ÄÕ≠mh\Æ Ëj·~]◊îR ÿ‹‹dssìæÔà∫Æ£îBD0üœÈ∫Ä÷˜«ëj≠<?•J)îR à‡≤"òWtÖÀG.€Ï†ËJa≥Îx~ûˆ§'Ò•ÔÉÆ+¸kºÙKø€'é∞sÚ8€'é”u}ﬂÛ"†5.ÀÑhç´˛’˛dB34sEÚl Ä‡3ó57ûE@·
…	‡∆en<∑fû•µ∆8é lllpøæ]-‹ØÎ:∫Æ£Î:û€∆÷Ø˝zØÕˇVá˚˚<∑±Ò,]·Yr(µ#3€@W:àûÁ6‰¿ÿF∆6røúxñÆÎx—√x›& „82é# ≠5J) d& √îåS£´Äúí*µ£õo0üuÃ˚ûÁvﬂÖ]Œûﬂe˜‚.ªvŸΩ∏@õˇ„¥‚˘â˛52ì˚µ÷x~"∏¨2!ìÀä†Î
}‹ØÔ{˙æßÔ{∫Æ£t•Î àæßÔÄÆ+t]°‘éÁ÷⁄»˝∆©Ò¸‰4@„‘Ëj!"(• PJ!" (• –ÃÛ dÚö ÕçÊ∆uµ†´]Ìx†Õ˘&õÛM∫∫éÀV+û√∏ynG{Ïsøn1ßﬂò”-Êtã9}˙tµ êô t]G◊u‹ØÎ: 2ì˚ïR∏_DPJ°î@)ÖÃ$3(•êôt]G)Öà‡~≠5 "Çfóç∆Eê	]ÅÕ∫¬≥é#C&œÌ©O~2O}Úì˘˜«∆momÚ¢xÈó~ÆªÓF vNg˚ƒq ˙æÁ~]◊Ò,ôê	 ôê…UˇjT˛4Ûl$@rE …≥âÁe.kn<‚
ÊŸW®pô˜ÀÑR
AkçÆÎ¿pttƒ·ÚêÕ≈& õÛÄq
∫˘&‘¶ë˚mnmÛø›oˇ∆ØÒﬁÔˇ0Ó◊.ÀÑ"†ˆ‰4 –¶ëà†µFs#»r‡~#–GO=CAõ†Tû%3yñË!h# ôI◊u‹Øî¬8éD˜Îk@QÉRmj¥âÀr∏ﬂ|÷±ËÏ˘] ∂èg˜‚.˜ªÓƒqrJ J- D ô…“’9/Hf¸kïR cÉ‡Ÿ"xñ±	qYﬂ MÄqÈ˚ûV
‘UûC”&1ç î⁄¡]«≥ÃYÒ@ç9•v t¿jµ†´ÄÃ‰~≠5Ó◊Z#3	ûSfrø¢BsÉ‰Ößëßë˚uµcsæ…8ç<–8rŸ∏ÜÅq=rø{Ó9À=˜‹«=˜úÂ`ÄÕ≠m ˙ç9›bŒ˝Ü)Ÿúwº ]◊0é#]◊—u≠5J)‹Øî¬µ÷(•å„»‹/" Ë
œ“E–hÊytà`»§+Ö±5Ó˜¥'=âˇ]W«∆0$/™ÎÆªëÎÆªÄùì«y~∫Æ„Y2yæZ„™*ˇZŸx† ¿ÄÄ∆ç+/Ts„ÅrJ.(•ÄxN‚947ä
∏Ò‹∫–Å°‘Ü'<ÂVŒﬁs+ [««ë˘∆ ÛÕMÓπ„…‹y˚Ì‹Ô‘ô3<–≠∑ﬁ ˇf˜‹qO}¬?b/˛b 4C&ó≠&(Ç¡–GO6Äë"hÜ±ç–FË6°t–F®èÄ“qY6Ä†+cyn]ûÉπ,!H.+Ö±4J- îZ(ZÉR6i⁄rÄ˘∆ú’8≤YaÄ≥ÁwÈu;'Oüd>üsœù˜∞Ÿ∂èm”¶∆8çîy@Wi¿IkçR
 ≠Œa<§îéÊF°@IB@í çÁTx††ê	ê JÅBAí¡eÇ.`G":H◊ ö°4CQG‰ DÙ $*Ò,Õs ä†ä∏¨p*‹ØµF)Ä÷ îµ£µN"ÇÃ$"(π,ù`l@pY3@„Å∆qÑÆcG∫Æ„~„802–uÈ§/=°†î¿ÿ])†`»dl\!hm§çç¢¬˛jÄ››]Œû=œ˘Ûÿ››Ê\Ê¬∆∆úÆõ”Q∏_©MP
óuSÉ d“ZG)Ä÷•B© 2A‘¶@S£π—u•V´ CËkO)Öqπﬂ8éîR
 ck\ñç1yñ§ ≠A7+tvVtµP¶¿Sü¸d˛-V@`¿ú–H_⁄4≤ö†µ§x`Œä’ÿ∏lZ‡G?ö{âóÊ~›bŒ|>g>ü3üœ).t]¿8étVSÚ,n<á	∂∑∂	`\Ì≥ªªblW=_T˛ï" öπB<õyNmÑ“Ò¬öô…e&óœíôDEÖ˚Ó◊‹(*<∑≥ÁŒpﬂπ\8w'˜;{œ≠ÃÁ«Y¿Ÿ≥‹y˜Y Ó∫Ì6Óº˝vûÑ'Õ„˛˛qºÿãø‘ÃeC‹o»Å¢BW†5(Ç÷mrY!†èÄ! ˙Ër†èÄ√ÒêM6r†L•„≤Ëa<Ñnr‡~A0$lv0$t†„Å∆6R
î≠Ò|ı}0	¿˘sÁ9y˙$˜€€€`˚ÿ6 √îÙ5ß∆˝J)¥÷∏ÃóG0¬±˘ódB3¡ÛA&<_IrYrY)ÖÃ†àÀä†2°+–Ã≥d 4 " ìÁ–E\÷ÃôP
œOfrø÷ A)ÖÃ‰Å2°h"†öy„80é# ]◊—uáááå„H◊u‹/"»LhlÄ>Ç±5⁄z‰ÖπÔæú={û˚mnŒŸÿò≥π9ß´Äæ ›úÁ‘uê	„•PJ°µF◊u\6Æ†Î ì˚u]¿8é<K„≤—#ôI◊ud&EÄ√’! Ûn@D0é#Q
ckt• êS£µëR:"zJi¥∆eôP
åS£´Öqj‡…O~2ˇQ⁄4røR;òF^êÎÆøë{âóÊ~gÆΩ*ÃÁsÊÛ94é#œm5Ãª¬85∫Zßˆ9:ÿ„™ï•LhÊ≤"hƒ≥πqô
D–‹(* 47 ä
ÕÄ¢@D@ô	@f<Ps£®–‹¯óú=wû˚Œ]‡ÏπÛ ^∏oæÄoæôW V´O~¬x“û ¿ìü˛/óqYQ@W:ÆhdrY3 Æ°€§Üxn}Ù t•£Àé!˙Ëi 9,„!tõêDmE°—($4∆}pŸê–Gœ˝V√@&îÛÆc5éÃ˚ûÀ„ÿË˚‡≤±q·‹ Nù>≈˛•} ∂èmsøaJ6Á„‘à ∫Æ£µ∆84.Î7xQE@pEÚú2°+<KÚúí‰Å"Ç ©A@4C&D@3å
œ÷⁄µPƒ≥D@k\V06.+Ç¡en†¬˝Zk¥÷(•<∑à 3)ÇLhÜ0Ò<ZkîR∏ﬂ0Ù}¿0 t]«ÊÊ&„8Ú¸d&óE0d0∂∆˝r∏ﬂÓÓ. ªªªú={û≥gœsøÕÕ9sûüÆ∆"†Æ»‰≤˘∆ë’j@f“uî„]ô å„H)ÖR
mj–#óïZ «ëÆÎH'˜ßëy7 3È∫éÕR#2[£ãÄàÄ÷ " ÇÀ∫Zxñ©Ò§'=âˇhQ{rxAÆª˛F^˙Â^Å˚ùπˆ: ÊÛ9Û˘ú:<<‰~ç`5 ÆF˙ÆF J-\ı"£ÚoTƒ≥ô+Px†Ã$I"ÇÃ I "ÇÊFfÚ,	]◊êôêô‹/3âö ô	@DPT∏ﬂÓ˛>∑ﬁy'ªÁvyA6∑é”&˛EèxÙ£yƒ£¿_ˇ˘Û€ø˛€¸oˆˇ<ˆÔÀãΩ¯ãQƒe\ñ…ÛhÊ≤"h9pYÈ ÆË£`»Å! ˙Ë€@=]Èh 9∆C( Ipø ÈÉÀ∫¬3ı‹o»ÅR`π¨5.õw´qdﬁ˜¨÷#]W«∆˝Œü;œ˝nºÓ ˚óˆŸ>∂Õ85 W–◊‡~„8–mÚ¢jj–xN¡®Æ¿ÿ Åà‡≤L.ãË»(•£Õ@rŸÿxô<K3œWkçR
 •Zk<PkçäÄ÷ ìÀöÅ‰9¥÷»L«ëÆÎ«ë˚u]G◊uå„»˝2ì˚µ÷h\1∂@[è‹Ø≠Gvvÿ››ewwó˚Óª¿mlÃÿ‹ú0NçÆ(2°ÎÄÆÉqÄ0îRh≠—ZcæË†Î`π_)Ö÷ó–∏¢AS£îB)ÖÃ¡0 tµcGJ)¥÷ πblçÕÆcòíàûÃÄàBå#tóçS†Ø¡ˇû¸‰'Û•‘équHõFÓ7ﬂ‹fu¥«]w√<–Ÿ{Ô·Ãµ◊∞Z≠òœÁ‹ØÔ{Üa`GF7 VÎë⁄úwåS£õ[€ Ïs’EÂ_©ZrY£Ò,ƒ≥dK(\ñ$œal#•öœ"ÄÄÕçœ°%Ÿí®@s†µ∆»»˝Êãé’¡!˜‹s◊ù>Œ˝A&D@&¥•@óÂ∏‚ÅÊïÁp|Î8ˇ¸ı_ˇ7>¯alŒ;.SONQ ö ç”!Ãè”⁄Q∏,h#îÄ√ÒÄN•Zk90z†èû±ç¥ Ë£Áp<d^Á¥÷◊#]8I "«ëR
≠5p!"Ë »85Ü)ß@'.€òuåWát]0N#]È∏lÇnVXπ±Z≠∏Ûû;i4äJ«˛¡äÎ‹q¸8óçålŒ∑πLA:52 jO[Bù¿¥ÇŸúg14ÛJ6"`l\Vô¡eA#"`lPJ·Åí$Ó◊‹c!≠4.K.K5 ö
EÄπ¨ô+‹ ÄV:P'DpYK(ÖÁßî¬e&¡≠ 0/¿‘¿\VÄR`òí÷ªªª<á
«èß®–¶Fq†µ∆eïgiÇ\≠ (<Si ÏØˆX≠V ÏÔÔs˛¸yŒ^<ïÀŒú:ŒÊbŒmŒ
@kçÆ.+\1≠ËjnP∫9≠çD∆Òêq,Ñ°tmjV¥]∑IÊ ŸsY¿¿ S“¶ëæ Q
Ω
Õ\÷u˜k≠± FÃ+4è\÷ïB3dBP!Å2AG·~ááá¸õUò◊9„r§V@Á•Îh„»∏ﬁ†´	Ë
 ∑>ı…ÏÏÚ‡á<Ä?¸<–jµ‚yT`* çÓÔP∂è≥ö:†pølçn6g^Át•Á™Áã øEÚ,ôIDêô D	rJÓ◊Z„πïRà"Ç˚µ÷(•–Z£M#œOk#Ö¬Û”u}ﬂsxx¿_ˇı?pœ=gôœ:®ûØLà‡Öz¬„ü¿ü˝ŸüÒ¡ìü ∫˘&m…i  ìÀ2y∂“¡x—C<∑>zû%π,3Ëj«ı—3‰¿˝Zkd& ôIkçR
 • ÊÛ9 „8Rƒe„‘Ëj!47 ∆62N#õÛMWátµ£®0›¨c\è ÃÁs ÓπÁÆ;sä{Ó∫ãÎn∏Å{Óæ∏Ü„«∑yA2ìÁ0≠†Œ†Œ°qÖÄ‡9å„HÈ;2°àgâ‡≤Là‡Yäxæí$ ä
cÈJGfB„ŸÇÁÂ*<á“Åœ!" ÇÀT¯7i<[¬Ë∆·jdsﬁ—’¬85Ü)ŸúwåS∞ΩΩÕ˛˛>˜õœÁÃÁsû[)Ö÷˜kçÀ∫ÆcGÜa†Ô{ v/Ó∞{aÄ≥gœrﬂ}˜qˆÏYÓ∑πòPj@‘ûÁk
PÄ»L ∫“PJGk#˜À)(µ0Øõå„!„xH) CÙ—”Gœ–V S“◊ ìÁêô¥÷ (•@6∆#–ûel–Ãe≠Aœ◊?¸√?Ô5ﬂ⁄‰Å¢Ô…a `˚ÿ6˚óˆynªœ≥{Ò<∑>Ò… <¯·è‡¡$›º„aè~4/än6`V‹ØõÕπﬂ˛•]Æz°®¸»LÓóSÚ‹J)<∑Ã‰Å∫Æ„2Q{Óó„@DO)#x†‘@õ]◊Ò‹˛˙ØˇÅ{Ó9¿ºÔy†qÑG(JÅ÷†G(ÖÁÎß‚ßy¬„ü¿ˇ%ø”?ÕªΩ˜{ì” @‘ûqj Ò¸E9 @ÈË£†èÄ¶@kÄ®¡9–Gœê]È !"xn•û[◊u05 6Á√î<∑Ævå”H_{Üi†õu √ ¿|>`µZ1üœπÁÓ;πÓ˙πÁÆª∏ÓÜÿ››‡¯Òm W#]-Ù5 à2ìgôÁYÍºÇ‰ä∆≥ÏÓÓ–u«(‚yD¿ÿ∏,x˛Ç‡Å∆6PT †eÉ(<K3ó5sÖ®Äœ¡D@&œ‚*‡Ff“Z„…L"ÇgI†–` Èjaòí˚ı5ßFW;;;<–Ê±Mû[D –Z£5(ÖÀ2°àÀ˙æ`˜‚. ªv8{ˆ,˜›wgœûÂ~õã9s6s ¢ˆî⁄–¶@fR˙¬eçgint•†µëR:JÈÄM“\6ÆF≤&e÷Ë∫M‡ê÷Fäz˙Ë9πlÇÆ6Á„‘hÜ".Î
$WîRà∆÷òWhÊ≤"hÜ†ö!"Ä∆≥‹zÎ≠ú={ñè˘÷&/HÈ:öG^∑>Â…‹˙î'¥G?öá>˙— <Ï—èÊÅ∆ıä˚ı˝úaX1ÆW‹oµZ∞∑∑ÀUˇ"*ˇZÖgKËJ«˝öàÁ
J) ¥÷ (•–Z#3âJ) ¥÷à⁄Sj@õF∫nì˚ï“—¶Åq5“¶F©ÖÌ„€‹owwóø˛Î‡û{Œr›ug∏Áû≥<∑»‰≤G.kçÁ—uÑø{?˝?ÕˇU„Íê®=9 Ã+4sY&êD9,mÑ“AÙ‹o»Ä¢@)Öà †èû˚ı—–Gœê•ÓWJ·~≠52ÄÃ§µF)Z`òíæÉ°µFW: é÷Gtµ„~ç∆Û3üœY≠V ‹s˜ù\w˝ç‹s◊]?uÜ˚?æ¿85 ˙d&˜k≠Ò,u”

\—xñÕÕMÓWÕPƒeô<KW∏,ì(IÇ I "ÇÊ∆≥û•ä∏¨»Ñh#DÄ
óµJô–î¬eô\V
dPJ·Å2Ä÷• 2ìgi@z˜¶§Ø¿0%˜€ŸŸa{{Ä›É]®Î:Zkd&•Z6∆ëÀZ<–uªªª Ï^ÿ`˜‚.˜›wgœûÂ~õã9s6s®M#•vt]@)ÖR
û≠AQ°+Õç˚µ6rø®@‘`\ç¥⁄à(•ÉÑ!ûüÆ⁄ƒÛ(• êô ¨&(ÇfHAóeô\ñ	Ög˚Ìﬂ˛m˛£ïÆ„~9¸[<ı	O‡©Ox w˙:^·ı^ÄÚ`û€∏^0ÆW înŒU/2*ˇÇ’¥‚~´’ä’j≈≠V+ûü€oΩù€nΩçë¬sòVº0´âÁ0Ø<_ªªª ?}ú:æuú„[sV˚ﬂö”‹€HD0∂‘A)†∆8”»5Ê‹Ôg‚ßyÚû¿ˇUO~¬¯á'<ÅGø¯ãA-4È@D√–  z†πAùC!W¥àû=î⁄HWDn47Zkå„H)Öà `GFF∫Æ„~]◊—Z#3Ë∫é÷≠5 ¢ŒËI⁄‘@#õÛéaJ BA)ÖahSÉ
QÇæÎ)*¨÷+û•¬·∫±øøœ·∫q„ç7“∆ÁœÆò◊¬=á\w”u ååÃÁ«im$s †£@ mÇ¬ π¨ÙÕ\6LçÃÑÆ£˙‡Y2yN	¡≥Ç 3âû%3iŸxñÑ4ı  †pYH(ÖÀF"°îé—ê ¡e≠Ad&œO)ÖÁ!¿¿V-ÈJ@*i “…jL∫ÆcúFV´˜k≠0é#ci≠—u •2√ê\V Áœû`ui≈ºÃπÁﬁ{∏Áæ{ÿ?XÅ˜€ﬁú”ÕÊÃ∑ésŸ¥¢‘ jON‘9 ç+
ÖR
Añ§µFõ†ÎÊ¨∆ë˘º„ÅÊïÀ∆÷`VÄéÃFkÖR ˙ÄÕnŒÿá”H+û…–∆	P†îBk¶]∑	@õân2"zrjtóç#–ÕxÚû¿Óπ]˛=Êu4 :`ìBß¬e}a’·¨[aæuÿ`ŒÄ+^ò{Œ›√œ˝»3_Ã9~Í8è~âó„¡{˜[M<á9+ ä∏l>ü”wW=_T˛æ·ÎæÅæÔy†ñç∫ÓÃu‹¸‡õπ˝÷€XM+hµZÒ&û√jZÒØr+œ·≈^Ï≈8sÊ ¿j•Ç<˘	O‡~˙ß˘ˇ‡	ˇ8˝‚/∆˝ZkîR«ëR
 }Ù<Kπ,ÇÀ⁄—@êœí® PJ!3»L J) d&AkçÃ "»LV´ ]◊ëô îZ»)πﬂ0%˜€‹‹dG ∫Æ„hyƒ˝J-Ã=g5¨ òws⁄‘ÿﬁﬁfü;ÔºìqΩ‚ÜÆ„ŒªÔ·∆ÎØc˜‚.«OÁ~„xHD@Dc„≤‡≤!π¨ûC3A3îR h≠AÜÑ>xñ!°û%3à^òÊ@=˜k9@‹Ø%îR∏_kÄà 3)•–u≠5 2Äà‡Å2ìà 3à2ì÷/LD¸Dô	¿0ÆŸúo“Z#3â∫Æ†Î:Zk åc„~„ÿ(ÖgŸΩ∞ÀºÃπÁﬁ{∏Áæ{∏Áﬁ{X¨òon0ﬂÿ †ÔÁåÎ ]·≤ú(3â Zk D≠5J)d&•∆q§Î:hlç√q§+Ä÷†àÄ¢¬ÿcké#•¢mj 
TJ°µFDpô;2 JÈ «CJÈ(• ≠A◊Ò,Oz¬¯ØtÍƒqŒ_‹Âﬂjµ\qœ˜pœ=ø ø~ÿ#xC…ÒSgx†’j¿jµ‚™ïÖ?˚ì?„ÖyÂW{e nøıv˛ª¸√?¸/ˆb/∆ô3g »LÓ◊‹@•@óµ∆˝¬Oˇ4O~¬¯ˇ‚	ˇ<·ÔÀ£_¸≈ (• –uôI=˜;ôî TÄrÄË!^ê÷Af‹ØîBkÄR
ô	@)Äà 3à0å´ë65J-Ã+åScòíæç+˙æg¢ •⁄‘ËË X+û€˛˛>„8p√◊qÁ›˜pÍ‰q éü8Œ˝∆ÒêÆ€§î≤A ÖÀzÛ|ÒJ)¨V+®ÖÆ¿ê¸ªåm†èûÁ´çP:(3âJ)¥÷ h≠êôD/ä÷ ≠5ûü±çt•„~câ"ÇqâÓ7N#õÛMWá îR(•∞Z≠(•¥÷»LÆÜ!«F◊v/û`˜¬. ˜‹{˜‹wœmæ±¡|sìÆ∫˘&˜+µ£µFfîR(•–Z£µFDPJ!"«ÄR
≠52ìÆÎ[„pÈJ°èÄÄ÷†5hRÄ!ìÆPpøR4`:û√8é\÷F ∫nìÃÅÃÅR:ÓW
óeB&t<˘	O‡…Oxˇ∂∑∂yAÊãMè9yÚ8.ÏÚÈ÷ß>ô[ü˙dnºÒ¡‹pÀÉπÒAÊ™5
ˇA^˘’^ôW~’Wf˜¬.4ÂƒM”ƒsHû√îˇ^gœûessìÕÕM∆1∆òÀ¶Ñò&ê¿‡©O}*?˙£? }w›√ˇ?‚—/˛b ¿4MD]t¨⁄äÊ∆¢.∞∏"rÑ“qô
®Ä
®Ä -MDÿF•l`õÃD≠5ÓWJ¡6 í»L¶i"áƒiJ-¥©a]-ËjaJ»L J)¨«5 Å”DSN‘Rô⁄Ñ” Ãf3Üa†÷ Œˆ˚˚loo1¨V\&ò/ÊDÏDÇÃëhÄa24C	ÖÁdûmö&∫Æ“A3åJ@	`j©H 3ëÑm$êôSTxnV7àÄÅml#	€ ÿF•2€D∂ëƒ˝l âiö(• `ÄZ+∂i≠êNÑÇñçÊÜíp€ÿ`hBî(”Äml#â÷ôIfb€,óI¶È∫¬86¶i≈ÓÖ] v/ÓrœΩ˜ pœΩ˜ PªÛçÊõõ ,Ês∫ŸúR+•VîäBN J≠îRh≠ëô‘ZôÕfÿ∆6≠5J)îR»Ll”˜= ∂)})	Äñ¡Ö@ë((µ‡4T¿@ÇmûCNî“!§ÇT∞=vbõ»Ñ÷†÷ ˇ˛Ôs·‹9 ¶ú¯∑:}˙4èyÏK∞÷ÏlÌ∞ΩµM]ÃŸ⁄9Œ|c≥ûÂj≈rπbπZ1+ ÓπÌ ¶ú¯W	û√˛≈]Ó∫ÌVˆ/Ì–˜ïZ+µVV´$pˆæ{∏Íy ˛ùÊ[s^˙•_öÎÆªéß∆0%ej å”@õ„4røF†µ∆ÛïPThn<Pf<∑±ç‹Ô¡4æÈ:^ò››]n}˙≠¸ˆo¸6ˇ/U.{∑w{o^‚%^ö˝É}∫⁄1N# ≠P
œ‚∆ÒÄ÷óÙ—”ïé±ç¥i †BQa»Ä>zÜq †Ø= C∏ﬂ8éîRà∆q§îŸàÄ".[M0é#]◊p∏:§Ø=√40N#¥¬j X≠Gäy?g5¨X≠W¨V l€Ê∆õod{±¿ç7ﬁ¿Òõ?∂Õ˝JÈx†àB&óE<
ÖÁ‘xñ0WL@ÇÀ
Ö˚E c(*@„Åöπ¨µ∆˝J)¥÷x†Ã‰~≠5 J)Ñ ßÅ®=ó)«ÄR
≠5J)‹oòä
˜€@DPT «Äà  3π_S£µ∆˝2ìÆÎ «ëΩK{lnmrø’j≈˝ˆ/Ìs∏<‡ÏΩgπÔæ˚(≠pˆÏYŸ‹‹d˚ƒ6 Û˘&Û˘e÷sø÷T.ÎJ†Øs Zk‹ØîBD0é# ]-‹oúõÛÄaJ˙<áR hçgÈ
óeB3œ°îB◊uPJ†µF)Öbû%ÇÀ2yñN<á{ÓπáÔ˛ÓÔÊ?¬Éoz0è~ÈóÊÅ∂èmÚ@}«e˚◊@öÀ˛·o˛éˇ,è~±„—è},˜{¬„«˛·∏ÍyP˘w∏Ò¶yÖW~hú √î å”¿0å”H° 0LóâÀ2ìà 3i≠qø¢Bí<?c(*<?∑>Â	^:œãΩÿãÒ¸<ı)OÂÔ˛ÊÔ∏ıÈ∑Úˇ›ﬂ˛Ì_Û/Ò“ å”»0 îZ†5(ÖgQ7PaòF˙tµ0Nç÷ôIDPJ°®–ïé±çéáÃU∏,H®Ö>zÓ∑9ﬂdúFÜi`úFJ)DôI◊ud&ôI)ÄÆ¿ÿÄÄ±Ò,≠5 ˙⁄”’é√’!˜õ˜=´a`>Î yæˆ/Ìs'w≤≥µ√7‹¿ùwﬁ…ç7ﬁ»Óﬁ «èmÛÇD¬πÅ
∏ÅÄ‰9ê\Q∏b
<áÃ†®d6^òR
 ôID@≠5ÓWJ°µ4 r ànN◊ud&≠5®µFQ†πÒ‹∆6¡8éD•∆q§î¬ç„H◊u å„»˝6∑69<8‰~• ˆ/Ì≥∑∑GÈ
gÔ=À}˜›¿Ÿ≥g9<<dssìçç ÊÛMÓ îRË∫éÊÄ>ÇÆVS†î¬˝"ÇR
 }ÅaJ ˙ ÆF ∫Z8\çtµ∞9Ô hÇL.+H»ÑÆ ¡e≠A)<À8é‹ØµF)ÖÁg°.ã‡
ÛnΩıV˛£‹z«≠‹z«≠¸OÛÑ¯ûˇ¿£_Ï≈∏ÍÖ¢ÚÔ
Ø¸
º0„‘h” ¿8ç ”¿ç„@)ÖqynÕçIs„9{ˆ,ˇˇ¿ãΩÿãÒ@øˆÀø∆SüÚTV´W¡ﬂ˝›_Ûw˜◊<¯!„~}ÌimÄL (T†ç@_Ä√’@©• ZkîZ€»s»Ñ“A9ÈJ@=„42L˜ãÓóô D ô…ÿxñ"¶F◊u ¥÷¶ÄÆv å-ò˜=óπ∞ZØò˜s ∫“∞iü˝K˚Ï_⁄‡Ün‡Œ;ÔdÛÿ&˜;~lÄÆ+åc ìÀ"x˛‹∏,ZÉ‰ä ê<[ 	.knt•#3…Lö ¡Û”Z#3i≠—u≠5^òR
˜+•* ‰4–¶JOkç˚ïR∏_)Ö÷ÕçÃ†π—ïé˚e&]◊ëôd&˜k≠0z‰~ô	¿0‹Øî¬Ì_⁄`ooÄ≥˜ûÂæ˚Ó„ÏΩgXÆÿ‹‹dccÉÕÕM®Ä˘|É˘|ì’∏¢îBf“u } ckÃÁõå„HDêô¥÷ »L"ÇaJÓ7L	¿ÊºcòÄÆ˙ÆF˙P
cÉ6AWxëå„H◊u ¥∆Ûà‡≤L(‚YÓπ˜nΩıV˛´ºÿKºQxiûCW‘Z„9àÁê/TÀ‰˘yÙãΩ/íl<á‡π®àÁ$ûCîÄø˚ÎøÊ *ˇ¡∫Z∏ﬂ85 ∆i‰Ö)• PJ·πµ÷xaä
ÕÄ¢Bs„πù={ñ≥gœrÊÃû˙îßÚkø¸k\ıº˛ˆoˇö?‰aÆÈj«‰	êÊ9å„»˝"Ä! ∫“@& îéMÕr `»Å^=˜ÎjGft]¿jµ‚~≠5ä†+–]ÅÊ@kç˚uµ„~Ö¿j=Ú‹Ê˝ú√ÈêÁvÁùwp√7 ∞{iü˚Õg€lnB◊ ∆ëN‹†ç\<[pÖL\\a€HQ°πPT»Lû€ê\¥÷∏_)ÖÃ†îBkÄR
@fÚ@Q{⁄4“Z£îBkç$3âä
4»L"ÇÊFîôt]«8é t]Gkç÷¡˛˛>¥ZÆ8:8‚‡ÄÊ¿˛•} ÓªÔ>Œﬁ{ñ˚mnn≤±±¡ÊÊ& Û˘‘u• ZkÙ5ËJ·~≠5ûü÷≠5∫ZËk–’¿·j`sﬁ1NçaJÜ)Èk0LI_
≠Ò,ô\Vƒe–¥∆e•¿0 å„H)ÄqÈ∫éÆ„≤q‰≤Æ„≤q‰y¸ıﬂ˝5∑ﬁz+ˇUﬁ·›ﬁç˘úÁ∞öx«∑Ê<–jµ‚9Tû√ÍÄjµZÒÔ2≠xïÁ2ÁÅÊïÁTyÛ˘qÓ˜ﬂ˝›¸›_ˇ5ˇÉ ˛éü>Œú9¥b≈˝∆ıHÁé=ÚÔ—‘x†‚¬55ûC+ Ã76ò/6πÁé[πÍ˘õœÁºÒõΩ1è~Ã£π_SG)ÖÁ∂Z≠(•–©Å
 ∏—‘ëô t]nê	†BkçÃ§Î:.õxN•Ò@€HW: ∆ı@◊ud&d£ôÀä 7 Ü)HÛZk‹o5Aiáé#˜«ëa«Ä’¡ä˚]w”uú:vä3gŒpøõØ?¿©Sß∏l>ÁÅäyNÇt@àgâÑ"ÿ=ÿ‡¯÷qÓWTx†Ê@)Öj…9 –2Äà‡~ôIDêôD ô	ŸàÄLà ≤pøq<§’B©m(µ„2sYÀFfîR◊#ÕçÆtåm§®d&Õç˚ï“—⁄ V´Å’jd>Á≤’j`˜‡ê˝ãªÏ]ÿeÁ‰q⁄z¿˘ÛÁπp·ªª{Ó∞ππÕˆbìn÷—˜=›¨†‘é®=94
]◊QJ·~]◊QJ°µ¡ecÈJGQ°µFfîRh≠QJ·πïRh	åáP:h#M•ÓWJ!"»L ∫EG„·@S„9‰»sP°Ø¡˝B=ô=ôù
 O~‚ì˘Öü˚V”äˇ*¸—Ã£˛hËûs˜ –ÕÊÙ˝ú(Ö˚ç´CÓ◊u ôIkçR
≠5⁄‘ßëÆv 
î≠0“ h”»sû√¥‚ÖYM<áyÂ9UûÀú§Î
e÷1üuﬂﬁ‡;æÂ˚¯≥?˚ûeZÒﬂq’UË«<ö∑~ª∑Ê~£@fîRxñ6rø1!"(•pôœí	•†µFf“©£õuåÎÄ’¥b>Î∏_˙Ë8aÇ˘|@kçúFöπ¨p„~√î§π,"«ëÁ6Æ2[£+Ö±5∆qd ∆’»jπ‚~gŒú·ökÆ‡Ãô3lŒ
 'Oû‰‘©S0üÛ&.+ÖÀö† ‚Y"°∆idò˙⁄3ÔÊ47ä
˜ã∆6PJ·ÅZ9pøñêô D˜«ÄÆÎ∏_fB6" ìÀÇ¬˝∆Òêë@‘ÄR;.3WZk<KBf“ïéÊ∆ÿF∫“0∂ëÁU∏ﬂj5 # ´’»j5∞öFˆ/Órø˚Ó∫Ä.p˛¸yV´ õõ€llÏ0ÔÉÕÌM®‘é®=•vå„HDPJ†îBD,}Ù9 êS d&≠5J)t]«˝J)¥÷∏LÖÀ∆C ö:2ìÆÎx†R
AN	@ Mç*iÜL.kÊ≤Õy«eÊ9t* ¸¬œ˝O~‚ìYM+˛+}ı◊5t~óæüÛ,n‹ØM# •∫Æ£µFf“Z£Î:∆q§P¶Å˚ï“sYd“ƒ≥‰4Íy†úûÉyNÜ!«¿Êº„Å#œiŒ˝∫Z@\÷˜@S·¯ˆ&ÛY¿ºŒ˘≥?˚æ·æçÀ¶ˇç(\u’ú;wé”gNs˙Ãi í¿6í∞@≠ï÷nê(†t d& ∂â(†Äl 4CD`õZ+]◊1ÆG éü>Œ÷º≤FÓg†π—‹(Q(Q∞çm2ì.å!hÜijî -Õ‘µVJ)ÿfVLòíÀ≤ç	$ “¶îÇ$J)îR ®]eö&ééé ÿ‹‹‰ËËà6ÆŸÿÿ`π\0¨◊ ‘æ†+P
ÿ\‚≤T¿‚≤H.AâB_{JBÅ1° "∞çmå)* ûÉ®Ä
∏—Z d&∂±M)Id&í∞M»DPJGDaöVå”Ä3)µ TxÇ÷∂ë€î(ÑÇ)'Ñ®Q±ç1]∑âµ.»ú∏ﬂ45V´5”î¨V´’»˛•] ˆ.ÏrÓÆ{∏¥âÂr…˘ÛÁòÕÙ˝åçç67∑ŸÿÏy†næâ≥Q˚9 Dí (•`LQ°π1∂ë ∞M≠ÄR
í∞MD DÅ€ unÖà@D@Å$ú J‡4ñÈ˚ûR
•ÜaDöy QB<∑¢‡…O|2¸á¿îˇïŒü?œKæ‘Krøt≥9•VJ≠î⁄¬Ÿà(Ñ@)€‘Zëƒ8éîRËJá%
%
Ó:("†"
g¢(`ûÉjA•†RP)HEAQPL£5SJ∞XT¢Ù(
äÇ¢†Ä⁄/(µß‘ûE≠Ùµ–◊B	Q:Qä Ë∫BÌ:j)‘Z ®QπÒ∆xÎ∑~sÓºÛnÓ∫„v˛Q∏Í™Á„—è}4 c3∂ëDD`õÃƒ6ôI	7»âf âR
œú¥4˜ãJ≤% Ûç9‰ƒjπüπ¢èûyùì$Åmj≠êl0∞—J˚G%ÇR*•Ó$ SrY!)(c& •2ß©]e'jWô¶â££#Œû=¿…„;,óKñÀ%í(H¨éé òı= µB& h@ .ìπ,ƒs0 ÿ†πQT∏L<õ+r  ” H"3à2ìà¿6 ”4aõ4ÿ Å"∞ì÷VÿâCDÄà¬µlL”DD âB!ù í∞MâBâÇ ÄZÁÿIﬂãiJ ¶©1M#´’¿j50+ˆ.Ï≤qÄªÔΩõÂr…˝"
;lnnP+œ°‘E°+r±ÇZ+≠5"ÇZ+˜ã∫Ë hnÏÃv∞Ã8éÿ∆6í(•`õà  "∏ü)‡P°µâR
 ≠5"ÇR
 ∂¡<Kî†‘B◊ud&  ëî 	“–’@KSB¥6b'vR£Ú«Ù«\8Ä)'˛+]8ÅkØΩñkØª ◊ ss&äÇ¢ IDÄmJ)‘Z!°D°D!3qGG®ï˚E"
]ÅRD)¢A©D)D)D)ÖàBD!¢PJ“˜	∫Æ1#¢Qà(îæ'¢Qp&—’Bâ†DP∫†î†î‡≤(‘R®µ P£røW|≈óc˜h≈≠Oy
ˇM(\u’s9wÓ«NûÊÿ…”ÃÎúï¢BíA±)@À	€0`Ç÷í(•@!
∏ÅàÃƒ6 √8@ÄeñÀ%√î† -M∂§ñ 0X¶µÜm2ÄaJ“•Pk•M#„0P∫Z!G»	d"'F∆fÓ◊RtuA"¶4
≥Ë+}-4√îj?cRP”4pttƒz=“EÂÿ÷„z‰‹•K‘nŒj=rppDlŒÁêP®@
Ä@@$ê@Ñ Å1∆‡b,˜k≠Q*Ln»B íPàÃƒ6AD âR
í∞MîÇ	Zöî…4n•RBCîJÿ‡BâÇõ)Q °F•®•£D D( %
•j≠X&"ÃÓÓ.”42M#êúªÁ,”0pœ]wp∞∑À˛˘].\º»π›]Ó∏Ô>j	Û≈&µˆlŒÊÃÊïÆIﬂı‘ZÈ˚IîÄ¿dkÄiíc'6HB¡0(D(òrèTô"Sd¢ˆ D˜≥MD–ZLë	åmö%
 ñâ„4N%àÉ "∞M≠ïqA'îéòÌP¢%A‘ä[ ®@Âé˚Ó·7ÌWôrb âˇj”4aôó~ÖóÜ ©P"(§ÕºŒ…iIW*x""àÊÛ„ÿß¢t†ëP∫ò(jesæI_
EïïäP)®&CW%ÇAâ†‘J©ÖRI“ı3íBÈzà ºáZ°V®j@®}-îP∫B‘¿6•vD"
≥Æ f6õå*®ÄrØ¯Ú‹xÛM¸Ÿ˝1ˇ(\u’»G?öïÁî Å6C3$»Ññ " ‚äL¢T $Pk%"∞Mf`€ ‘Z»L2I HbG J) L”D`úI7ﬂDQ»Z`ö†V»Ñ®îRêÑmú¶e£Ø= ç˚çSRKG-ÖZ
 µ µ´L”ƒ—r…Ÿ8\.0[Ã98ÿgk{ÄıjÇÂj≈∆bŒskõÁÀÜb¿ÄÄ‰
BAD`õà Û,´iE° 0ÆFJ- ∞çmj≠‹/3i≠QJ·~Åm   ôP
ÿ†Çm l@)`C5ÇÃ†îBDD•¶ú∏ﬂ··äÃ	Ä{Ó9À¡¡§πÁû{ ∏Áû{∏ÁÏyVÎ5ª˚˚ T`æπ…|cÉ⁄ut}°ü˜ tÛé ∞MfbõR
 ôIDP∫éæJ•;òÕf¥÷»L 2ìR
W$D@≠P
¥÷∞MD PJ¿6E6(QhnÑÇP@& ÄÇ¿6 ≠5$a I88!
åGJl x†«?ÓÔπ˝÷[˘Ôtœ›˜p›ı◊q›◊aÇ˚ïúIÊàùt›&•ÙHê9‡4Dl	Äùî“Å
%
%
%
¶($(JàbúíA_É¢•qø0ô¶´ÖE_	Ï‰~•tD"
ÖDíP¢ˆ(
äB` ˙æßÎ:$.+Ç4îZπÒÊõ∏ÒÊõ ∏Îé;¯/D·™´ûèÁŒqÍÙiÆΩÊ: V„ä)'jHê	LôWD)DA)r6∏—,J)ÿ¿6AD‹2ìÃ§î¿4Md&• $1õÕ ∞çmjÌ(µ ßG¿4Å6Õ¬6≠5J)JÜi†Ø=äâL3LI¶ôw3j)LôL≠Åì⁄U¶q¢vïiö 8Z.AbX-Ÿ⁄ﬁÊ‡`üÉÉ}∆)∞\Æ@p∏^0N}≠P+dÚ, ÅÖg2Wà+Åmû≈\6‰@:) rJrJJW∞MD`I ÿ∆6∂©µ"	€ÿÜ(Ä‘
@)ADÿÜàÄ÷(•PJA]◊QJ°îÇmZkX‡p@Êƒ=˜ú‡û{Ó„`oè{ÓπáÉÉÓπÁV´a‡~[õõÃ76 òon≤±’Sj°‘@‹/"h≠QJ!3ëƒÿ†Ô]W(%ò&∞@DPk "∏,ÄZ!"hc£îBDp?€D∂1  J@B¡≥T¿@ n&"à2€D∂i≠Ü(=HCk A)ê<À≠∑>ï_˚≈_‰Çø˛ÀøÊçﬂ¸çŸËfåô‹/€Äù Ù˝&v"§Ç›p©≠¡4A@◊m"qY)=%
%
]Ìàò∞°.3ÊŸ¿ºØdö¢DOâBâBâBâ@	PÎ	j] §ÇTê
µäR
ADP˙"
Öà9—u•J)Ñ¿@K.+µp„Õ7ÒäØ˙ ‹y€3∏Îéª¯/B·™´^Ä'?·	<¸%Õ÷|ãZ*µT Al&õÆÄ]Å$àJ)\ÿ†¿€îR∞Äm"€d&µV" ID∂…L∫Æ„~íh≠1M∂È∫0 9 ÿÜL∞° ò¶âÆÎ®µR(d&%
 fd54˙Ùµ‡ ¶Lj)‘Æ0Mµ´‘Æ≤ZÆ∏ﬂ—r…Íh˚˚lmoSªûÂj≈rµB@8Z≠WD© H Åô Å% ƒsJàûÉπ¨πQ¢PJ!"pßQÅm"Ç˚IB∂)•êô¥÷@ÄÄ¬\∏ôZ+í®µ2ŸHÙµ D˜Ü€px∏‚Ëh≈ÓÓªªπÁû˚888‰û{ŒÚî'=ÅÉÉ òíÀéoo3üÕò/Ã77©}@≠<áY7£î¬˝lìô¥÷Ë˚ûŸ¢†î @Íò¶	€d&í(•,2ÿ`ÉM®∞Z≠êDDPJ!"Ë∫Id&!ê`l0∂ëÖÊFÀFQqE@W:$ 	€‘Z±çmh8A\a¿	ZÓ˜”?˝£¨éV¸Oqœ›˜ÚØÚåô‹oW t›&vê9`7 ¨Ä÷@ÇR(• §ÇT®µ£D!3…LJl.´5(îî%ÇL”’Bâ%
ô…ç¢ÑËj: §@)ÖàBD&ûCT®+†îB)Öf(ÇêÜR+ÙäØ¯≤‹x”ç¸Ÿˇˇ(\u’±⁄?‡—è}80»@2Nf%@Ç°ADPk†µF»\&ÅDkâ$Zkÿ¶2•@àR D°†DqYkçà`kkIîRh≠1M •$&ßÅ˚‡LJÌpõËJO_+EA À–‹G”’;hä
° %ÈâBA)ÖtBB≠ïZ+µVV√ƒ=˜ùÂ‡h…¡·•éééÿ‹‹dπZQ£2À£{{8GÀ%˝|Éz†(Ç—êÜ4î:gÙJá^íYP1ñô“4L√§qY:±åãIÀHbÚD)Ö1G,S¢`LkçÀ*\÷’éÃÑ ∫⁄ë$•0Fò¿ÃfgR˙Qv˜vY+¶úòr‚é;Œqt¥‚Æ€Ô‡Ë‡ÄªÔ8À≈Û∏ÁÆª∏pÓV´”41M”4q|gã„;[‘lmm∞µµ¡¨+Ã˚ ∆ºG1£DOâûF&&"s†Œ7p&ŒƒiSJO&î2«2•J-§Y √@≠ïR:BÖP!T∞M≠ïŸlF)€¥÷∞ç$$ÅÇ©ôR
I5∞çBtÍòr¢S«,fX&3±MD ã©MA(∞Ä(–Fà<A)‡	® ¸¬œ˝4w›~ˇì‹s˜=\˚†õ∏ÓñâÆ]aZTÅÅâÜDÌhÜB¡	•vDö@%∞@%hn`ôÊÜ¢É(Ö1ìs†ï=•Î¡ï=Pij”@Ì**B•2•1ÅJG©ï†QàÆ@ Ä®ïR*é ˝J)DSB©•%X–-°÷Jk€ÿ&jœç∑<àG<ÍQ‹u€ÌÏÓÓÚüà¬UWΩÁŒù„Ùô”ú>sÄ÷¿l @¿î\ ÿ&3)l»	i∞MD`õ"Cà—”©0‰@Q·p<ƒÕîR»L"I√@kçqπ_≠Äú÷‹ØM#Œ¿ô DTÓ◊47Zkÿ¶îBf 	I`.knî(ÿ¶D°DaúFdQJ!3È∫éa®µ∞ªªÀ≈ãêƒ——„∞‚‡`ü≠Ì V´CVÀ%V´%N3Î{ÓW∫9ô ô»HÄ=N`sY)`ÉÕeE\ñôDµVÑAâ@âBâÇm "Ç⁄WJ2ÄÖÖÃ§´ %
˜Îkè™(µ Pj·Åv/ÓÇ∏ÏŒ;ÔaˇÄÛ˜ù„Ë‡Ä˚Óπá√ÉÓæ˚÷Î˚˚ª L”¿Ê÷6«Oû°ØÖ˘|Œ÷÷µVJ) ÿ¶îÇ	rPò§D†DÖT
‚ä©Ù˝ÄR*∆Ù—”‹H'A`õà`G ZkîR ∞M)€HB•$0MÅmlcLN£Õç±çÙ•'ùÿ∆6° ùÑÇÊ2°T.k#ó9°t‡ ‡Óß˘ØÚrØ¸
‹}«]º(jWy…ó{iÓÁ…8ç”D∆îRà$—∆F©Ö®Å”D	 "ÇÃ`ö&l”u }Ì)Q à@
`†ÿ¶î¬I¬6•B(Ä°Ñ !®JÄµ@J)Dí»LJ%Dâ *ÿ`CÄ(•`õR
˜ªÊ∫kyÌ7|}ÓºÛÓ∫˝˛ìP∏Í™¡£˚h l.≥a6	¶‰≤"àR)•îR¿	•É®‡∂ëÑmJ≠\÷FLn ∆ôu3∆q$" h≠—˜=≠5J)Ù}è$ ∆q$0Q{¶a@©gRjG◊•@&ÿP∫Çmj≠ÿ¿6• ™*%
céÙ—3Â¿0d&]È(•pøà†÷ 4M‘Z8::‚ÏŸ≥ À#∂∂∑98ÿÁ‡`üiZ±Z-±Z.!
˚GGòı=cõË∫9•TJ© ë9`7Ïl∞¡ÊYlàÄ‡äR
•å±MD¸ÿ&j†˜+Q(QËkOÀFâB_{Ê˝!JJ∫⁄1Âƒ˝∆ı»˛˛>´’ä’j≈ÓÖ]Œ_‹eˇÄªÓ∫á˝˝.ú=«·¡gÔπá£É,ÿﬂﬂÂ~≥˘Ç„'œp¸‰i˙~F.´µPkE∂)•uÄ⁄œô¶%* }ùCWp&nç6ét≥9•T∫n@]ÈËKOs£ñJfîR«ëR
•∫ÆC∂®µbõÃD•l‘Zqòúí65˙yœFŸ†π±öVÙ•Å$l‡4°†πqY6àÄLê 
8°t=§˘Öü˚i.ú?«Ö¯Ë„Õﬂ˛≠π˛¶˘À?˛3˛%Œû„ﬁªÔ·%_Ó•π,Aàà j â÷í ®]≈iB!åâ $!âR
•J)t—qøáA<õx6AW;J)îR(•–ZCí®µBlÇ‡Ÿ"x	ä@•C˜+! Zöæöπlö¿Iå„Hf2MµVË_„ïπÒÊõ¯≥?¸c˛ ˛áŸ>∂Õç7ﬂ»≥LºP´â¡äÁ4ÁÅÊïü ®9sË	Oy´’äˇnè~Ã£yÎ∑{k∆Z„≤˘∆∆eê	D!" (•,n–Fö:®œ°D¿êó%îRh≠QJ°µ∆sÀL Zktµ Pj«∏:§M# ›|ìR;òVå#óµ£G®µ∆˝Zk ∆6–‹ßëaËkOõ˜;<<§î¬jµ‚~´’äöW.ªÓ˙πÓÜò/
˜;~‚îÄÌÕM 6]7ßÔÁt›úÁµ¢5»‰≤G.+:Òö ôID–G@W: ßCJ-‹ØPËj«8ç‹oò˙⁄0Lî-ÜÄq=≤{iÄ›ãª úΩ∏¿ùwﬁ¿jwó⁄=ÿÂ~€€«°6∑∂πﬂºÚÊÛ9 ≠5J)PÁ¥i$ßÅ®=„tHWÁÙuNWÁ¨X—∆Ä¢˙~N◊Õ(*t•‡p<§® –Z„˘È˚Ä÷•"ÄÃ§µF)Ö÷]◊0z§MÄR•∫“1∂ÄÊF)Ö÷ EÖà 3in–Fû%⁄»e•Énì'ˇÕ_Û?˜”¸WxÈói>¯„?ö˚˝≈ˇﬂˆ5ﬂ ÊöœÁ º€º7/Òr/óç´ënﬁ–Z#3 9%QÉtîR∏_kçR
 Ö¬55û•lçÀJ®µFkçÃ§Î:œ°.ÀÑ(Çf»ÑÆ¿ËBD êôÑ∏lúõÛéË
 „»≥t]@)ÖÁQπÏœ˛‡è˘Ü/˚j˛ÉQ˘Ê≈^‚≈xÎ∑~kÓ7é#≠5Ó◊(‰4pøœíô û•MçR
‘Z£‘¬≥îéÁêç6étõõ  Çb.ã⁄sô†îégÒê	@◊w î¬≥¥∆e•,≠qY)sË´ø¯ãπı÷[˘ÔˆÑ«?Å'<·V¸CÂ≤’Û ≥î£yñ÷•ZkîRhÇ@A" "@‹hn‹/3ÈJ@)Ä‚J —3+ÓWJaú•
@ÈÅ¿85“–¥l  ¿\÷Z£îB)Öà 3h≠1é#•ZkA+Û“Ò@á´C ¨Äaæ9gµ^0ﬂ‹dµn‹o5≠X≠VÏ>˘©‹sˆ<€ã9◊\s LsòsŸÓÓ. ◊ù>Œ]w›u<–ºŒ)@ó≠Fû•5h<ói‰~çFô ⁄‘ 8µµ…≠&.Îj¿Ó¡
(åS„≤i‰ÅÓπÁËû{Ó‡ÏŸÛ Ósx∏‚Ëh≈··
*œa^Á Ãõ ÃkGiçË{J◊¡ƒ≥tÛ(• P)h0€`pÉ62üÕYM\VfL+¢ŒiÊ≤ÊÅ!˙ËÈ£ßπ–˜=≠5ö
•t¥6í90d£†¬–=Wt]G◊u Dô…eÇ2òsE@SÉÄ÷ ≠5J)¥÷hŸhcÉ04Û,Ω†1Á≤¥ø˙Àø¿ïW{ıWÉ	V´Û˘ú◊{˝7†/ﬂ_Õ≤Z≠ ¯Î?˝^·ï^ô√’> Q°M#(»LûEPJ!ù @ê$ä
 •û•,≠50îR ¿\åy~ä
•«C¬A_z"Ç Löî6R
óE˜Î∫Ä"(µ#
î2ßµF)IDP¢,E\Ö+^„’^ôõÙ’¸‹ˇ0Ò«Ã˝Vˇ˛)•äØ¸ä‹x„ç‹oG®M˜k”à$lcÄ÷N„4 ∂±MD–Z "hS√i¨ä6ÿ‡i @ÄJ!Zlêâ6çp6¶\a72G2GäÅL∞!ÇÃB&LLLH0M0M`C&LdB≠ï˙ç_˘ééé¯ü`Ô/ˆí/…9ô&”îà
@)€ÿ¿6ôIÒ•É®Ä!*`»( È$[RJ`GäQ†ç (•íô¥÷à"Çà†µFkçR
µVJ)L”Dkçö¶	€t]G≠ï˚IB í∞çm&ÛÏ‰~%
ô…ºüÉ†÷ 4%µµS3‰D≠ïZ+´ŒûΩÄ≥gÔAGlnm∞‹€ÁË‡àÕ≠M ÷ÎâÂr≈rπbπ\!õŸl¿˛˛>˚G¨÷KVÎ%´ıíq=0¨Wú;{ÜıíaÜÅaÿ›?‚Æ{ŒrÓ¬.≥æ√6´ad5å¨ÜëÂjÕ0√¿0XÖÁêgœûÂËËà££#lsœ=˜ppp¿¡¡gœûÁËh…}˜]‡p…•K˚ÏÓ0éóœ≤9ü3Îf‘Ægæ±AÌ:J-DﬂS∫ÄÆÔ""PàÆ"
vP˚ 4LîZpöÆ.hn ÃÎj≠ÿ¶÷JN•üÛl†®–ïÀD≠5J)4Éù HÖLS
óE@¥÷∞@kIHbö&0P j≠ ‘Z±MDPk≈6∂! Ê≤Æ@K–“Ö˚˝⁄/ˇ˜‹s7ˇ^·ï_Å∑~˚∑fJò¶âiöò¶â=‰¡‹xÛM¸Ÿ˝1/Ã›wﬁ≈ı7ﬁ»KΩÏÀ∞ø∑«˝J≠ ‘Z…Lj≠¥÷êDf%∞Mç ÛÑÇ˚Ÿ¶îBkçà  " êD≠IH¬6óô+}ÙD	 2I H¢Ô{" AÈA¬ÜÃD∂âB`†0Mí(Q  Ç".kÜ‚YéÔlÒRØ¯ ‹}«‹}« L…øÖˇAf≥ÔˆÔ∆IBAD†nE°‘ëHBíPà⁄WJ-îZ(*îRêD)Ö“ú¶ˆïR••@)ê	•à(ÖË{ "" "®µß‘g#jO)=RA*‘:l à ÓW
DpY‘
ÿ`C◊ADÂ~ﬂ˝mﬂ∆”ûÚ˛ßÿﬂ€cˇ‡{¯#πﬂ45V√V`õÃƒ6∂ëDf“Z£ñdƒ9Åì&aL(@ Dk €îZπ¨.¿çñ∆6∂©µRkel”u∂±M≠€ D∂…L"Çà†÷
@D`õÃ`ö&2ìà 3ÈöyñZ
ôIÀF_{J j©Lm¢‘"jH‘Rò¶	ÄZ+‰¿——GGúΩÁ Œﬁséˆÿ‹⁄‰Ë‡à£É#∆fñÀÀÂäÂrE ˚˚˚H`lç›Ω¨÷KÓπÔñ{ÏÔÌ2õœYØW¨W+÷Î5ÎıösÁŒë ∂∑6ôıÀ’¿j=≤Zè¨÷#´ÂÎıöızÕzΩfΩ÷+ŒùΩá˝Ω]÷´%˜›wááá≤∑∑«=˜‹√¡¡ú;wâ√√%gœûÁËh…8N‹ossNﬂU˙Z9æµEW+˝lNÌ: ÊãM(¢t˜S
Ä®A©Ö”¥¢îéà¬4éîZà18πü„4"âZ+≠5"
*ïg3 Õç1G∫⁄!	I¥÷∞Çq<DÇZÁ¿ƒ0Ä•@D¡8é‘Z…Ll8ó	!âà 3â2ì÷óô+2%DK”◊¿ <ı)OÊœˇÙèô¶âˇ
oÛˆo√ç7›»¡—ä˚’Z©µr„Õ7q„Õ7ÒgÙ«º0˘ß∆´ºÊ´Ò@6îR∏_D`ÄZ+∆H"\&@ÄÄ5*íêÑ$"ÇR
∂êÄ$H∂È¢#ù47Êuée $QJ!"àû≈T @ADPJ!"à Ã%  2ìZ+QÇ™ê ƒsò^Óï_ôÎo∫âø¸„?fJ˛=(¸RkÂµ_˜µy†à†îB)Ä$à(D"
AD•"ß)QàlSJ!jPj!"à" "†V†t®J◊•@)P
 îB_g8E†‘éàBD·≤ $®j•j	"@	$û≈JÅà
¿_ˇ≈_À?ˇÛ¸O≥∞«âìß8yÚ ]@_-M	AZkÿ&"à lSk%0ÿ‡úÄ†T@4Iìô8MDêô¥÷®µpôtõ…8ét]ÄmJ)îR»L ZkL”DD` €H¢÷J)Ö≤M≠ïqâ2IîR®JA(QËkOf2Îg‘Z©µ≤V`3ü¶fjµˆÃÁs j≠L√äÁvtp¿—¡gÔπá»‡Ï=g8<8dr∞\ÆX.WllÃôÜÅaÿﬂﬂgüU[s|Á$ÛŸ$ÛMfÛ9˚óv÷+Üa`Üa`{{õ$ÿﬁ⁄`=å≠÷¨Üë’0≤FÜ’√00√0pˆæ{ÿﬂ€eXØ÷+û˛Ùßsttƒ——GGGÏÓÓpœ=˜ppp¿Ö˚-y†ÕÕ9}_Ÿÿò”’JW+ õÛ9Sö˘bì⁄ı DWx O&"pöREA)=v#¢ßÙ‡4N”Õ;îEÖÊFQ!J` I®ˆ‹Øts:Ds„~°`ö&"€DùQÎúÃëÃ)(l(jTlc€îR∞Mk€¿¿‡4í êÄ$$a:`‰ä
”‘(!Zö¬ ¸Ë~ ”4ÒüÌ^˘xÎ∑k.ãJ≠ïZ+´’ä˘|¿ç7ﬂƒç7ﬂƒü˝ÒÛ¬ú<}åW|ÂWcoèÀ$"Ç÷ôIf"	 € (*<KÃEÖ˚ŸF ∂êDf"â˚e&íêD§ìÊÜ
q?€ÿ&" h≠Q∏¨ç @¡AB`É¢  	IDœíêÜ`É!.;\ÆËª î\v√M7ÒÊoˇˆ‹s€‹q«¸Q˘dµZ±Z≠8s›éé h4ÓWj°L<á±t¥6røæÃπ_)≠ JÂyîR@5»)π¢Ò|ïBW •vî≠A)<K@a:AQ†Wœ)Çq°B©òÀæ˚ªæ*0Ò? Í`≈˛˛xÿ√¿–†Ô{˙¬e√¥¢è Äl@°2#ÄàéÃ$"»L»$" ß‰~≠5"Çà†Î: Zk îi≈8ét]«˝2ì˚µ÷ò◊9É∆6≤©M⁄4røæÕ#D@)–„òDçÀ¶]ø	9@ÙêÖÆíÀ⁄zE©Ö˚ïZ ¶Å˘bN° ∞Y°Mç’¥¢´TûÈ8¥ZÆ XÆ ∏ıû{ 8Wl.ÊÏÓÔpÍƒqÓ<ÿeæuú:æ5ÁûKá<À|¿|>`µZqø˝˝}VÏÓÓrøyÂ9Ï¨x´ Á/û`ˇp`µ<`5ç¨éV¨ñ+hskÄÌ≠m ∫YGﬂ˜t¥ ]«|>Á~])† `úF∫⁄12“hîR«:òœÁ–ÇÃz®\6N@·≤æÙ”@ØÄt“Õ;ûe⁄ä®}ˆ ¥÷XMÄñ9éDs∆q$TËk08Y≠≠ÉR: öÇh≠QJ·2CS£∏@<2ÄÆÎ∏l*ÆÈË(t¥	
Ö6¡jµÀØ˝ÚØ±Z≠¯Ø0Øs^Óï^ô’ƒÛ(•0ÆW‹Ôﬁ‡µÈæ˙Àæö‰ßøˇßŸ‹:ŒKº¸KsY„≤Ö‚¬
à
ô<K"†¿@ …¡eô	8π¨¥iÑ≈&MÄà‡YÇÀZ6¢}ˆ î(–Ä¬eçFsÄÄ".k•„ÅJ)\ñç»‰≤R
 ôI) (QHÄÄ“Ä~>g4œ“u•>˙ì?ôo¯ÍØÊœ˛¯èX≠V¸+P¯wzÈó{9Æª·Óπ˚n˛Ω^˙Â^ö◊xù◊ †Î;∆a$J•÷ô#ó©@D@P(•ßîûæﬂÑTê
R°#A≠P
HÖZ+•$°* ¬ij2MW%ÇAâ†D–◊ D@k\fC≠ Ò,ô0üC†
Q!
¿6D 0e2Ô:Ææ˚;æç{ÓπõÀíÁrØ
‹p„ç‹}◊]¸wπpÓÁœù„ëè~4∂i≠QJ†ÂD≥i6Eb `JÅµõQJ°µFD ` Id&TkÂ~AkçÃD√0H‚~íêÑm"ÇÃ§πQ¢–‹«âE_)!∫ZòJÅ÷`!je\ç‰î\Vf\¶¬e’@rôe¢N‹Øe#3	Ç®ÅB—◊ûñçÖÖÆÎËg=J-Dµ´ ®}ej GÀª{\∏∏ãÄwπpqóΩÛÁAbytƒÚËàaΩ‰‡‡ÄÉÉX≠Vppp¿¡¡Û˘úöíÁpÔ›w≤øøœ˛˛>˚˚˚\∏xëÉÉ}ˆ98ÿÁÓªÓ‰¬≈,óKñÀ%˚óˆX-è8ÿ€eµ<‚‡p≈4M ÃsfÛ}ﬂ≥±µA◊wÃf3J) î–˜`ÉD◊u§@â†Ôf¨Ü]Ì êD≠€D]◊êô¥÷òı32ìaX+ Z6Z6 J⁄‘à ¬ËÄ Y ¥÷∏,¿jÖRf¥÷∞Õl6√ô¥4}@§@D`õ â»6∂â "Ç˚Ÿ&"h≠–ïéÖñÄ x†'>·¯Û?˝s˛´º¸+Ωo¸÷oŒÛ3é#„41N}W9ZÆxÿ√ÃM7ﬂƒˇ·Û¸‘® º‰Àø4óô+TπLÇZπlö†à‡ä‰ä !l”ïétRkGD!ßg]O(à2€ H"3ô∆âR
∂(Q ÄÛúÇÑ¿@)€D !ì…≥îZ»LJ) @@ ÜPpøà¿N»ÜR
í∞Mº‚+ø27ﬁtˆ«Ã4M¸+P˘w8u˙Ô˝ ¿Gˇ≈_Ôu›ı◊±πµ…·¡! [¨÷	@) -ÅR †5ä
 ≠ç î“Ò@≠5"†hç*j IW}Ó7L…˝"†àÄLûØRx∂L !T@\¡s;æπ…oˇﬁ◊ı<?Ø¸jØÃ{¿sŸ7|Òg∆ó'?·	<˘	O‡%^˙•9<<d˙æßè‡~á„»fWàÄ±A „8“Z£îB)Ö÷@f d&A)Ö÷ôIfD„8RJ°Î:∆q‰~¡˝Zk47˙Ë9ÈJ«Ò≠9 á´ëÀD@kP
9%˜ÎÊ„rmÑ“qE·≤ íÀrJ¢ Ö¬8ç lŒ7¶Åúí˚uµ£´„42L ›¨£õuåÎë“®œr∏\p˛‚.˜õÁœû‡‘ô3Ïœ
4üœy†{Óæáj*‹ÔiOymπÒ∆πﬂ·—äZ-yœ2_l¬‘òoÃπ_◊u lnmPT Ëf„z‰Y"†∆÷ËJ·~á´C∫⁄–◊û° D•"ÇR
˜ßëax†æˆtµ`úF∫y«≥$Wå@«Û(ÖÀ∆ëÀ∫∫Æ„~}Ü)¶§ØA£0é#ôIDpøÆÎh≠qø÷≠5∫Æ£î¬8é¥÷(•pøà √8çå”@©Ö˚›zÎS˘µ_˛5˛´‹xÛÕº˜á} œ≠µ∆8éº Ø¸jØÃGÛ—|ıó}5œœﬂ˝˘_Ûw˛◊ºƒÀø4œRÄ»‰Y2°Î†h
ÄyÕç˚µi†õo2∫QT àÓWTHíäËÄóıÙ<PD ä "à 2ì"Hû≠µF)ÖÁ` Å‡YZk<∑Ä@f‹Ô^˘ï˘Ó˛aæ˙Àøå?˛˝?‡EDÂﬂ·è~˜{Èó{9˛˙/˛Çˇh•t î“—⁄HS„YJÅâÀJÈx~J·YJJ)<KÂ9¥)π_W„‘Ëk –’¬˝JÅLË:û√8ÚúJn†¬e•@k P
¥¿ºÔπgwóÔ˛éo„˘yÂW{e>˙>ö›› a∆_º˜{ÛﬂÈ~˙ßπ˘¡Ê¯Ò„å„»˝∫R[£+Öf °2ÅÄR
 ≠52ì LZkîR h≠qøà‡~•"Ç÷]◊1é#¡˝Zk lvõéát•c≥€VÆF˙\ñ	–u0é@†õwîZªMhª–FÆ(–#óEJ- ¥©Ò‹J-îZW#QÉ˚uµcò∫Y«˝∫YG[5 Êõs ∫‡9.Wº ÁœûÖ sòœÁ<–Ó˘] û¯' 0ﬂö∞á?Ç˚›yÁù‹oµZÒ@«èÁÅÊãM Ê Ãª¬ÕÁs®õu‹Øõu<K) t•pøÕÆcÏÊ‹Ø´çFkç˚e& • “…˝∫⁄1N#„4“’éÕ˘&QÉRmj\÷Ä9œ ¥÷Ë∫é—#•pY&å„H◊u å„HÈÇæ‹ØµF◊u‹/3È∫éà 3…L "Çà`GÓóôdK 6Áõ”¿˝ˆoˇˇï^·’^çÁ÷Z†Î: ∆q‰˘yÂW{e>öèÊ´ø¸´¡<è¯ÊÔÊãø˝´°pE„≤R ìÀ2π,JÅRÄà+D ûGQ!" (*47 ö Û˘ú÷AfR(º ]Èhn tVê…5C3ÒÇ	0– ∫‡~≠5JÅÆÉ÷xñà‡˘ËO˛æ˙ã·èˇxP¯Wö◊95*5*o¸6o¡MæÖ⁄W‹ˆ¥ßspp¿øJx•Wuˆ–Gì9D6DÄÖ5†‘ ’Çòà0µÔ&" "ÖßÑÑ•/Lπ¢´ïå)*ÑÇñI_g@!38\≠ËÎÇajåì)eFKÅ*ìì)¡.†J®'mPP˙-E† 5  °î ‡j≠L6ﬂˇÌﬂ≈=˜‹ÕÕ˚9ØÙ*Øƒ}¯1MÎı
{¬ûx‰Co‚èˇ¯œ˘ÔtpiüG?˙≈(*2GJ%Ç$ê@•"Å`¥÷®µbõ÷•ZkîR∏ü$2I H sE)=•Z["U2€ L9
BÅ Ds£Îg‘~ôkZKúI3tÕ‘yG‘Scà
Q!*∫æC∂ât]á$∫æCàı¥&"0Ê~•"$	@W;2ÄYô—◊ûæˆJÌ0Aî l>ß÷ |>g>ü3üœô& *DÖ®¨¶â)aJò∞ôZrp∞œjµbµ^1µâ[ü~+´’äÉΩ≥E¡Íh…l1„Åj›¢÷9µŒ9vÏ8≥ŸµŒ©uŒ÷÷6µüS˚›|F©ï~÷Sk•÷J≠ïyÖ0Î;˙Z0AQ¡òÆtÙN*PK°÷J0—u<1ÂDÌ{† ìîR©µb €H¢îÇm÷£È˚é÷(§P)—!@Qp„∏pY¥S&S&QalIå„àíëˆHDRäôú4î-)9]!H"' 2€ÿAf≤û÷îRhŸ»L2ìÃ§îBD`õà`j∆PÄÄ_¯ÖüÊÆ;ÔÄ‰?W^Ó_ÅwzÁwÖÄq«ëiö»L$!âÃd÷œ®™8¡=¥&∆f∆f˙àGrÌı◊ÒgÙ«‹o â)'¶úÿ›=‡≈_˛Â!*‘
}•4S#êM_µÈ	ßÈ¢£ñäNSJ¡QQÕ`Ç±≠HÃ¡z†tÖY©—É'ÇBDJFè‘R±Ã‰âJÂÅ¢dZkbj†($ADpøà@Ÿ!.´J»âRp PJ!"∞ç$l¥∂dö&$!uÿ âÃDÕç$!¿2¡+ø˙´Ò†á<òø˙≥?gö&^
ˇJ5*˜{Ôè¸@H.ªÊ∫k˘Ì_˝u¯W	ûÂ›ﬁ˚ΩYÃfdé<êDÄ1`(D°çk¢ˆ(
„Íê)+%x∂4µ_Pjè¢`Lâ ≥(¡îN≥Vå”H_{ JJJå∞M(0&H"d& •"P l∞!,.˚Î?ˇ~˘gÇÁP£ÚÊoÛÊ‹p„ å„ƒ˝˘í/Õ”ü˙TÓæÛ.˛ªú;wñsgœÚË«æ ô#%Çqj ”öñç g¢(‹OÙ}OkÄŸl@)ÖÃƒ6”4QJ¡6∂ëDf"	)∞;±v ÿ†à 	§Ä÷VL”
 2π¨Ã:®¶¿4%•@ÿ\ñS‚4•jW…L"ÇÃd2ìÆvd&˜ÎjGâB∂‰~SNlŒ7)Q (QB∂±M◊u d&]◊lmmPkeæ9AÌ+µØîÄæ´Ù]•Ô*Œ`öF ¶i‡ûªÔ·~y»C8sÊõõõL9±πµMﬂœË˚}◊”˜ï„«∑Ë∫Jﬂw‘Zÿ⁄ZPkA•Rj†Ô{jJ%ÇE_©˝Q{Ö>fî(‘®¥l•@W$Ö⁄/»iD@ÌÁDú	•$ëô D•"ÇqJJ≠ÄRÇA_ÉÆåîÄL®J·≤h$àÄ.ÀL$Ò@AkçtPÉÀJ *`ÄM)Öà "êÑ1√40N#„42ÂD-ï˚’R∞çmú`ﬁÕôr¡ìü¯˛¯üÀíˇ\¡eüıπ_@sCíà" Iÿ¶DÅ
àÀJÓ7é#7›r7ﬁ|ˆGÃsª„÷[πÒñõπˆÜ∏_lcõà†Î:Ñ(Q ∞@DpY$∞πÃû8{~óqúÿ‹òSùT@l0Ä†D¿!˙Æ`Û,\V+ÿQà¶i¬6ÄmlÉM- Å!†àÄR °î@kçà¿6 A)}ø	àR: ïR HílKí E 7ﬁ|7ﬁ|Ns«Ì∑ÛP¯W™QxÔè¯ ÆªÈHûÂÃµ◊ÚWˆÁd&/≤‡Y^ˇçﬂòù≠cÿ;∞π¨V(¶iÑ“A¡	—qøR{f’îÄL.ãËx c Üi≈j8†Ô6hn§ ßYÙ˙⁄P¢pøÆv ∞MD`õP.pöúÄê¡dÆJÅh.˚‚œ¸\.û√á|ƒárØr‹o'Ó∑<<@•„/ˇÙœ¯ÔtÓ‹YNü9√È3◊∞tDK”“¥4„¥¢Daﬁœ…L⁄4Qjœ≥H¥÷∏_)Öà¿6∂à$!	€ÿ@`2Ï@kPk≈6∂È:∞πLÇRfÿ…4≠ X≠@‚YJ)êÜZ çù‹œÊY∫yáBîZ(•`IL”ƒ¢_0ÔÁî(å”HW;Ó◊óû©M ‘Rôı32ìÖñÃeíêD◊uH¢Ô{J)îR ®µRkejµ´‘ÆRªJË∫J◊U∫Æ≤±uå˘∆&”8Rªû„«èqpp¿=wﬂ√˝ÆπÊ677òm,ÿÿ⁄°Îgt˝åÆéﬂ¢Ô+}_©µ£÷¬˝∫~F)ÖR
›¨c£/(! úç®= 9åôÿ&ùD‚2	2)]•õo‚Lƒ•ˆ 8ìR+≠5 $aõà†î@ø(îhÕ Ëk P"0P∆	∫
lhJÅR†5(ZªQk≈6˜ÀLJ)ÿ∆i@–ä"@Çæ'2i≠!	€ (Q (Q»L∂[lÕ∑@`õÃ‰~N0ÂƒºõÛ¯«ˇ=øs?Õ≥$ˇπ>‡É?ån∏ÄÊF≠ IHB•2ì*P C∂$3…L2ìZ+7ﬁ|7ﬁ|ˆGÃs´µ„%_˛Â∏üZ£µ@≠ïñÄÆv¨Ü%
˜ãT " s‚ÏÖ]˙Æ≤π1ßñéÀÍ⁄
Æ0 hn“I-JÅ.ã‡2	§
@)ÖÃƒ6∂â ZöP!ÆàÄZËJám"I Dí∏¬DÏ$¢»6≠5’Zäd&µV t„Õ7Èï_Â’t«Ì∑Îé€oÁôƒ≥Q¯W™QxÔè¸@.KûÂöÎÆÂw˝7Y≠Vº»Çgy˝7~c∂6∂»â(ÿIDpYkê9ÅJQàRâ(DúI` J@	àò·LJÌà(dN î®ÙuNîJ:)*ÑÇñçÖ˚uµ#3»Lå∞MD 	ÄñŸÄ65Ñ(E Ä 6‘
•@ﬂ˝Õﬂ∆=w›Õe¡≥|ˆÁ6è}±«Ú@„8Ò@7>ËA\„ç¸Âü˛ˇùû¯«q˙ÃÆΩˆ-@_Éævî(î(d&N#¿ŸP∆i""àl`õÃ‰ÅlcÄà@ •T2GÓ—aõà@∂ilê†îäùdé ‘
•@)P
P{HCÄRíLhçgÈÊ • ZkîRh≠QTËj@âBÀ∆Ê|!JfeÇZ*Sõ®µíô î(¥÷(•`ID•2ìÆÎò¶â˘|N≠ïiö®ÛJÌ+”8∞—W˙Æ“wïæ´L…Çi©µppp¿=wﬂ√˝ÆπÊ677àZ8~Ú4}?£ÔgÙïÁ0üœ®µPk°÷BÈgdK∫Y@»4 ]-9(
µü#IH 0óIP+ÅQjE!¢ Q à" I¥÷êÑm¢ ŸLkAKSBî∫
%∏lú JõÀZ„π€îRÜÅæÔ∞M)Ö4óI A`√4Åç[£î@kçà `5¨(Q»LV„äZ* √0`€ÿÊÅŒÌü„«~˚y…™ó{≈W‡ÕﬂÚ≠π_íîR∞@)Öà‡~°Ä¬Ê≤ÆÎ»L j≠ ‹xÛM‹xÛM¸Ÿ˝1t·æ≥‹{◊›º‰Àø ëIDPk¿ÄÃd5¨ò˜s$!âÃD•  qYÊƒÓﬁ}WŸ‹òSù0€Å6ÇD,‚≤P Ä •pYÿ Ò Ö˚ïRêD≠IL”DH‚äR†5®Ä¢Çmj≠îRx.*•
êù≤ê$…6!@!Ä÷•@¬+ø⁄´q”Õ7Îèˇ≈P¯W⁄:π≈Àø⁄+ÒÚØJ‘®S"(ÏlÃx¸û»›w‹≈ãjs*ïJÂùﬂ˚›!W§ÇàÇ3«ëÃ§÷B≠ïZ+Îa‡‡àaµ¢û&H¡s≤â0ê)h@ÿI- €A(àìNî( û%"»L¶úI≥I√D	¢Uà ÊÛ9µV"*ïß<È)¸Ùè˛˜;~Ú8Û˘ú˛àè‡—/˛í¨ˆòÜâ…bj&‘Q±MÊDQr√◊rÓÏ9Œù=«4M¸wyÍSûÃÀøÍ´Qà(ò†
¶iBµV&*Q:¢v§MD 0MµVJ)¥÷x†à@∂êDfb ©bµVÓWk%”ÿ ¢êôÿ`†Räà(Dj]–W#RDT2'2W¿ƒjöôæ8)—S¢0MSõò’•@ÿ–wdäL©¡òÀ&C◊W(Q(Q(QPßâ∫æ#Dí ®µRJ¡6µVf•RrbﬁWÊ}e¢BT∫~FRXÃgÃ˙û£˝]j-ÃÎú√ÉCÓ∫Î.Ów„-7r¸‘qj_ŸÏ7òÕÁÃÊs<M8*]?£‘û≈|é3)µ#¢P˚ô¶‘¬˝Œ 
ôAçé=])‘Ä)» ÉL®ÅL©Ö¿4
•òà	€î¿4@EA-  ôâm˙æ'" °+%ÇZDN#Åâå-H A&tî•¿0ÄµrY&LS  }_i≠q?€„l¿¶µHöêD,c<ôiú(*î(∏7É`jÖBÃÍßq30|Û◊5L@	$ˇÒ*@ Ùë…bsÅe,#	€d&íà Zkd&•H °àR0f9,ôı3∆ôr¢ñ ã=˙≈9u˝i˛Ïˇò˚ML‹u«Ìºı[ø5†¿‰â$Iípÿ¶®êë$I)cÖR¿ÜR`ö*´£]f˝å˘¸b¢
Ã≥u]á$j≠HC)ÖàäTÄÇTÄ†P<"ú††îÇmJ)(
„î®tXÖ»	ÄÆŒ(E¶–¿A"
!∞hQ™BR®(
*ÅB®DhùE—A9Ånz-zÒ«>Z„8r˚m∑ÛL
˛^˙e_ñ‰>˙√¯∑xπW~ ∆©0L…0%txx»ŸÛª‹z«=ú=øÀ·r≈·j≈Ÿ›] 6ÁsJÈ(•„Y"∏¨Î† ∫¬eÕ<K&4Û,ô	¿êœOfPP–uADP (<è_¯ÈüÊπΩ˜| /˝r/«eÛ9ÃÁ P
‘⁄»˝^˙e_öˇn„8Ú?˜”<–8é d&≠5J) d& AD–uô…8é‹Øµ@fíôD¡e& ]◊0é# ô…jµ¢µF)ÖR
≠5∫Æ„ÅZÈ∫M"zÓW
tD<Ê≥éyﬂ3üuÃg]Ì∏_W;Êsà‡≤Rx√]ÖÆÚ,•Ó5ËÊ• ∫Æ£µF)Ö˚µ÷∏_W<PWõÛÄÆÓ∑πµÕã™õœËÊs∫Z Ëkpø®=Q{ ∫ZËj·Å¢ ›º£Î†.À‰Y˙<P‘ûnæI◊A)–d≠qY◊–ô\V¿jµ‚~ô	@)Ö˚E "†(ÖÀ2aµ‚≤˘∫éÀJÅÆÉÆ„≤L.+•pøR
•"ÇR
•∫Æ„πµ©—¶∆∏i≠ëôå„»8é t]Gkç’j≈0 å”»˝¬/¸4ˇ’ﬁ˚˝>Ä?¯¡º(2ìà‡~•pŸ0 tµ„ÅV„ä›√]^·’^ô˚ÑèÊπ}€7|œ≠´˜Î∫é˘|NQ 3â Z„≤÷`µ:‰Å˙:Á~]ùSJ†î¬8éD‹/3…LûÉ
îT ÇÃ†îB)Ä˘|Œ˝JÌ∏_©D@È Çgq ûIÄÄ A ƒêõ@   ˝“/≠O¯¥O–´Ω∆´	@o“/˜r<?á´Äó{ÂW‡ﬂ´ØA_ÄÆÎË∫éq8sÍ8æÈ:|”u<¯∫Îxu◊±9ü——SJ«≥dB)–utÖÀ"†"∏,ä∏¨πÒ@}Ù<PD –‹à‡Yä 3…L 2ÃÃs¯ÅÔ˛nû¸Ñ'@Ô˝¿Kø‹ÀÒZÉR†5Óó9@/˝r/ÕKø‹KÛﬂÌ…O|øs?Õsã("xa"Äà "à 2ÄÆÎË∫é L J)D• "Çà†î¬8é¥÷(•0üœôœè”⁄»˝∆ZÉ÷∏¨ÎÊ t›Äyﬂ3üu¨÷#œ≠Ø= •pYP
dB }Â≤æB_°î@)ÖR
•∆’Hõ˜Î∫éÆÎ(•PJ°Î:∫Æ£îB∑yú“Õy~˙lnmÛÔ—◊†ØAW]-tÛMJÌ∏__ÄÆ∫Z(µPj·~ô\]}Ó◊◊‡Å⁄4–óuP
d¬8B&E–•J)‹Øî@kÄnﬁQj°‘B©Ä÷†5Ë:Ë:Ë:h∆2°ûC◊A◊qYkçR
œ≠µ∆˝J)DôIõ „j§MçÃ§µ∆ÛSJ`òÜi`ò û¸‰'‰'?ÅˇJ/˝2/«KøÃÀqxx»ïR∏_f“Z£µFDPJ·~≠qY_{ ˙⁄søy7`5Æ xÖW{e>Ï>ö˙ã?˚3˛‚œ˛åÕ˘& ]Ì àJ)‹/"(*D˜À‰≤Lû«0≠∏ﬂ8≠x†R
 ô…Û å„»spÄ6–Z„πïR(•–¶ÄR;ûÉ
óeä˚µ1Ä†tPA —P†  @@|¬ß}Ç^Ì5^@¡ø“Kø‹ÀÒ@}û€ÀæÚ+Úou∏yAé?ŒôS«y†√’äÁñ9∫é*ÇLË
óA&D@W:∫“<PW:ÓóôD‘Õ</qÖ Ò,˜◊Õﬂ˝ı_Û@˝…üÃKø‹ÀÒ<2yn]∑I)Ù“/˚“t]«∑'?Ò	¸¬œ˝4˜+• PJ!"∏_◊u d&œ-3)•@ôID –Z£µ@fD≠5∆q$"òœÁ d&¡˝∫Æ†µë˚ï“Ò@ô\÷˜sû€|÷Ò@}ÌÈjGk–¥„»]•@&]ÖÕ9t∫
ADpø65Ó◊Õ; J)¥÷ Ë∫éR
•∫Æ£ts¢ü”mß€<ŒÊº£´ÖÕyGW õ[€º®∫˘úÁ÷’¬s+µ£‘éÆ˙lŒ;˙‹/j–¶@dÚ,}W# •vî⁄PjG)P
œ)∫ÄË
å∆∆sh≠qøR
≠5 ¢˜+JÅR ZÉR∏¨Î ∆ëÀZÉR∏¨5.ÀLV´•®îBkç÷ ô…˝J-îZ h≠Ò@Afíô å”@_{˙⁄Û‰'?Å_¯ÖüÊø⁄{øﬂ pttƒµ÷(•–uA)ÖÃ$3i≠qøR Çg¶Å˚≠∆œÌ^Ìï˘∞O¯hË/ˇÙOßëÆv‹Øî¬e&@Q!"∏,ÇgY≠Ÿ›=À8≠x†÷]◊Ò@AD êô<PD êôîR†t\Ê@kçÃ‰~•^(.s(ùQ*¢t Ωà>  Ä (@ 1$ Ä  >·”>!^Ì5^ç¬ø“ƒql˚8–DBòZg‹rÀÉ¯Â_¸yj_ôÜâ¶F‡çﬁÍÕ8}Ì5‘Z1Å	L@N<P3DT“Ä ¬5 †5HAf•tÅy 	úîÆ'ééfÅE%ù(D:iŸËjÇ$âÉ`j•L`Çà¿≠5j≠îR ËJG(°`åëââü˚âü‚÷ß=ùyùS£ÚÚØÚ*º˛[Ω%”∞bö&¶ibΩ^„fB Ä0I0&(
&xËCƒ]∑›≈π{ŒQ£R£2Âƒ©.ú=«u7›ƒu◊‹D)3"z†bSH»âf ÿÜl¥45å0iaI‘ZâlìôHBíh≠Qk≈6ôID`õÃDí«ëZ+}ﬂ–ZÉò(a,c&*Ö à®ƒÿFZÉà l6'T hçÀl3MçZÇÆËi6µ´(DÃÍßôúDÌiV¡* (}°tÖlIk#π^BN‘˘rE)FJ1•Ãàl–Ü%}Å÷„8bJ7É®ï¢ëc«7Y-ódKV√äç≠ûÚ§ßpøõz3'œú§ˆï~æ≈b>£DP"òj◊AàBx¢Îfîr\bf@aLDGïë]	∫ö!
P	Ad≈8úâÄR{∫RT)™Ñ
AP#ïBz"¬D; »L2ìR
Äm∫:£e–E%(ò‰~„rE?Ø¥ô\V
óŸP
œ≠ÅôI≠ï÷∂…L2IîR∏ÃPª 0L”Ñ1"Çà @∂i≠aÄÃdúFû¸ƒ'K?˚≥ê@…∫„«yèz?Æπ˘Z®PT»L2ìÃ$3ô¶âiö(•`IH¿6Åô`cÇ¿a⁄‘Ë¢cö&∫ËW#”0QKÂ≈^Í≈9uÍ4ˆ˚	wﬂqŒû„ï_Ì’ËkO_{¶fPÄ0EÖà –`,Pƒe}¿l—Ûlfﬁo—œfD∂â$0é#•$—Z£î@)Ö(¶Qh#‰D	€L	A)Ä"0Pµ@™BTj≠ A(®%‡’Æ®s "™+ßàRâÖAòLÑàZ`J  ¶£ï¶aäiò¸GGˇ
/˜JØ¿£˝“<7pÄÓ˜rØ
¸kºÙ+º˜[≠V ¨V+v˜Y≠GÓó	–.Î∫éR
 ≠5 2!∫éÁ’F( îÄà "∏_fPJ!"à 2ìà "xn≠5"ÇÆÎ(•¬¸ıü˝˝g¡˝^˙ï^Å˜˛à„ÅZkd& ÕçÁ÷\6NÄqjº˜ø7ˇS¸Ùˇ0O~¬xnE<áÃ‰ÅÊïÀä "à Zk¥÷»LZk îR àZkd&œ-3«ëR
•∆qdG®äÄà à ÇÀJÅû%J·≤Æ+ C–ïéÃ§π0N# }Ìπ_fRJ·πïÆ£t m)•#¢ßÎ6È∫M"Çà†î¬sÎj°µ@kç÷ˇZ€[õÏlm∞≥µ¡Œ÷«∑7ô˜=ÛæÁπu≥M¢QÉäÄR†5hÊ≤±¡ÿxÅ⁄406àÄ"hÜ.4CÊ¿˝Z(•–u˜k≠îR∏ﬂ0%√î ¥©—¶F©ÄR ∆V+»‰y¥•@)Ä÷ •"ÇÆÎ»L⁄‘hS£‘Bõ¥≠¡8Bk¥÷h≠—Z 3i≠Ò¸¸ˆØ˝ˇ^Ïe^Ç˚ïR(•PJ°î¬e&ô…˝J)îRxÅóÆyn´Âä›Ûªº¬´Ω2ˆ	Õ˝˛‚O˛åø¯ì?„
û≠@'û«Ò„«9~¸8Û˘úÆÎ∏_◊uD¡u]G)Ö÷•J)îRxñ÷ †Î(• îR(• –Z„Åö!ì(öÅ“¡x»3)Ç @@ A®@Õ$2©EîÆ†LJ(@ (Ä æ˙+æ∫¸Ò˝qˇ
/˚äØ»ÛPû€|ÿáÒo5üœÿ››eµy†ÆZk‹ØîBDpY&4CœV:(3(• ‹/"∏_Dd&ô…s+•‹J)<P∑ŸÒ◊ˆ|˜7|˜{ÈWzﬁ˚#>ådl#˜€»˝äx√î º˜ø7ˇS¸¬Oˇ4O~¬∏_œ!"à2ÄhÊ≤f»L2ìÃ$3«ÄR
ôIkçÃ§î¬ã™Î:ZkîRx†±qE&∏A&„»sà‡≤Lh∆±—˜Aﬂ}<PW:∫⁄0L√4–Z£îB◊u<∑65⁄8}O∑πIÈ:Z«C2 2ìÃ§Î: ˙ Ù5Ëk–u≠5J)îR¯˜öœ:Ê≥é˘¨„¯ˆ&›lìÕÌ3lnüas˚• ∫yG‘ ìÀ"∏,"†+P•B©P*î
•v î⁄—¶ë"»Ñf(ÇL.Î
Ò,= ≠5 J)t]«˝2ìà†´ÖjS†‘B7Ôh∆2yñ.GGûG◊u d&˜«ëà‡~mj‰îP
óE PJ°Î: Zk‹Øî¬}˜73ˇﬁ·˝ﬁçÁßµFkç˚ïR∏_fíô¥÷h≠Ò<W˙⁄≥9ﬂdsæ…s[-W º¬´Ω2ØjØÃ˝˛ÚOˇîÁ‡∆Û †ûeHûe>üs¸¯q˙æÁ~„8Ú¸îR (•|uD t]G)Öà "x†f(Ç"^†.Î
W¥Q¥Q@d" 2âR(@Õ§fR#®îq§¥Fâ† %ì† † ˙„?˙„xÁ∑ÁÚ«Ù«ºà^Óï^Åó{•W`óÁ·*<∑ó{ÖW‡ﬂk>Îòœ:Ó◊Ã≥AfÚ@•pYD@W ä†à¢áËË∫éÃ§µ@)Öà‡˘)• îRË∫éÆÎà 2ìR
œ-˙ ˙`µª‚ØˇÙ/πﬂKø¬ÀÒﬁÒa<Pkç÷ AQ`5≠àöalºP/˝Ú/Õˇ$ø”?Õìü öal–Õ0é#„8–u ôê…≥¥÷ Ë∫éR
≠5"Çà‡~≠5J)D˜ã ZkîRh≠1é#≠5ÊÛ9≠52al06ûÕ2π_)<K)P
tå#óC2…˝öÕÄq9\røR
Tj†MçR•Î »a†ç#•t<PD t]GWTJ°îBkç´Ì≠M ˆéÿ›?dwˇê›˝Cv˜◊áÓüe\2ÆiSc\ç‰î‰î¥•@)\÷ôPÕ–&hóµâÀJÌ (µ#∫¬shÜLà‡≤àûÁßî@)ÄÃdú „‘x†65 JÅË:Ë:(2!ZÉ÷†5.k∆qdG2ìà`G "ÇÃ$ß$ßd\ç¥©Akê	„@kçq(•–Z†µ∆|>‡ªø˘õ˘Ô∆o˝÷ºÿÀº t]G◊ut]G)Öà‡~AD0é#„8“Z£µFkçg1œ“’ÄaxA>Ï>öWxµW‡/˛‰œ¯ã?˘3.ãÄ:7.+\ë@·Y˙‡ERJ°î@)ÖR
≠5 "Ç÷œ#ìj≠—Z£îB)Öà‡Åöπ,Çgi≠qøL.WîŒ‰ mÄ "àf®T†µj◊—5ÇA† (˜W]>˘√?∫|ıW|uÖ¡ºŒ©Qy√ kæ·k3éD@ä¿ (†í?˛˝?ÊÖ©1ÒrØ¸Úº“´ø:µV‹÷Lnò§_Ã8∂±â›®DòPÄ¶%EÜ®<ã
A¥%QD(0 ÅÅ©a2
 J)DA°±Fj	¿îRâ@W:R…¨Œ®àŸlF(∞M)Öà†Î;BA(¯Æo˚.ˇ7C≠ïWzµW·√>ˆ£Q[°úpNê∂πﬂ8éS¢ Ñm$cC	0  SŸî‡≤În∏éø˛Ûøf âˇNSNL9Ò¯«˝=7›r'œ\G©ï(ï(Ÿà	‹¿"€D‘EÄ	î∏BÂƒ4,F•bõZ+ ≠5 "ÇÃ§µF)Äà " h≠!	ß¿Aõåj◊”,åhi" ê*=≠;»\“u2ç¥ñ€@âÇ”Ç »E¢FGQêÕ`∆cÊ(ìÃ∆∏\1∂©RJèmT
}È	çF≥ 
D!˙é¢$"ÇR ¡l÷£(ÏlÌÃ9{ﬂYnøıvÓw„-aÁÿ)†≤≥3„ÙŒiŒÓﬁ«ˆ∆HÅîÑÑJ°ÂHÀëqöË6:åiŸ `Jò.´µ`Ç
P`MD5Õ#Q
Õ#R¡åL9Qä@¶ePJäJ≠3ZKlò&Ë{à0∆`öpÄ›∞65!äâD√L‘
6DÄ6DÄP+óïêYà®@A
™ J!Z£tÖB∂d6õaõÂ∞b≤ô E¡6∆t——E«4Lê@¬4L¸˜~7L”ƒ4M¸gõœÁ‘Z©µÚ—ü¸Ò‘®∏ô p3íàÓWJ°îBD †"J"ÇââcåQv–UàÄYD≈cÇ "XK¢´„Tò&8}¸8è|âóÊè˚∑ôœÁ<Óoˇé◊À7¶*®µVj≠L√@©Ö hÕt• AQn¶® ≠5ld&ôâ$"Äà  "¶L`L°D¡∫§ò UEA °F`¢v††DP" ”†‡~µ†¢û~∂R(á}’~@H†+ÖbSläM'(îBÿ®"J@	‚`o7æÊKø"~¯˚~0vwwàgs"z≈We äxÕº@/˝ ØÃãΩ‘KoµŸu¥V (•QJ„˘öV<á†€†ôgâÄ.+ÇÆ@Aœ“’B_Éæœ!xCº0≠5Ó˜ˆ¸≈ü˝ /˜JØ¿|ƒáê…Û(• PJ†®@]·94CtÖgyÈói˛ß˘·Ôˇaû¸¯'@ô = Q{rxAJÌà⁄Û‹∆qdµZDôIkÄà  "(•PJ!"∏_kÄR
„8íôd&≠5 "Çà 3im§îéÃÅR: "ÇÁ÷ïé±ç¥÷(•–u˜km$s s`5¨X+Ê˝úy?g\è√¿∏Èfõõ«È˚9]7Á~Céá‹ØMç65 ∆JÅR†Î¯7€úorøË:Ë:û%ßÄnﬁQj·Å∫Z Ëj·~„‘ß@)]∑I◊m–⁄@Ê@)]∑…µ÷h≠ëôå„¿0Ù}O◊m“uõDÙî“A)ê	•pY„ä¬≥¥Û9óµ•,0é\÷dB&å#¥ê…≠Aå# ¡8ét]«Ê|ÄÆv åm†+cπﬂ≠∑>ïÔ˛ÓofwwóˇÔ˝¡ ¿8é t]G◊u d&ôIf“Z†µFfíôåm§πQTx†úÄaÇa‚y¥©1LõÛM˙⁄Û@ª˚á\w˙8_¸Õ_Õ˝~‡€æõÁVJ " (• –Z#" (•pøà‡ÅZk d&„8Ú@≠5 ∫Z∏_4CdBt∫<Kk–¥i‰_<KõV¢õ@…$2	†D–=––µF ÄÓèˇ‡èªo¯ÍoË˛Ïèˇ¨:†
PÄ J"xÖWe^·’_ô˚Ò<ä†+<è«æ‰KÚØ’G 0dRJ£î∆Û(ó≠vy›&‰ m‰~EPEP\E<Ø 
–	CÙ—”ïé±çå”H_{®î@◊u‹Ô/ˇÙ/πﬂ|ƒáqøhÜ"û•µ∆çm " hÜ’cÉ(‚≤fû√{{Û?Õ/¸ƒOÛ‰«?Å˚ueìÆlê9PjG‘ûÁµ†M#„ÍêR; ∆q‰~•2ìÃ†îB◊ud&¡RJ°îB◊u‹Øµ∆˝2ìÃ$" hm ¢†î¬˝∆6“ïé>z∫“–Z†î¬|~ú˘¸8 ]∑…ºüsø’∞‚pˇêq=–˜=˜«œ≠èû®¡˝rJJÅ÷∏¨5˛]WádB&dBkµÁ~9‹/jPj°´ÄÕyG_Äæ«∑Êtµ‹ÊÛ„‹/¢'¢Á~=˜Î∫é˚u]Gﬂ˜t]«EÙ–u≠qY·ä‡YJÅ÷∏,ZÉ÷∏¨Ë:h∫égâ‡≤L.+"x≠5 "ÄÆvlŒ7Èkœ8çt•‡p<d»Å˚˝ˆoˇˇ]^˙Â_éó~˘ó„~≠5∆q†Î:"Çà †î@f D A‘ j5à‹oú`ú†‘B©ÖúÄæˆ<?´ı»Ó˛! _¸Õ_¿ﬂ˝≈_ÛÑ¯®µF◊ud& AkçÆÎxnAfRJ°î@◊u ¥÷h≠1é#≠5 2ìÁE<áfœ°.+µ£M#9<?‹OÄî:@)PÄÙE† ËÄËJ°:†˚Í/˚ÍÓ´øÏ´ª?˚„?´@*PÅ(@"xº‚´ø2˜ã‡≤fû•öal<è{©ó‡_Ú≤Ø¸ <∑>Ç>Ç˚E$	•„≤6B∑	Û„PÁpp¨v†ç= ô<_ôPEPô¡e}∫Zxñå@pYW:∆6≤Ÿmr|Î8 }Ìà "Ç˚˝≈ü˝Òg¿|ƒáÒÇÒ"óÕ+A4Cœ·•_˛•yÈW~e˛ß˘Öü¯iû¸¯'‹öG⁄4ê”¿∏:d\µÁÅJÌà⁄”Õ7È∫é˚µ÷x†à †µ∆˝Zk d&ôID–u¡8ét]@)ÖÆÎàZkº0„8íô t•c≥€d»Å˚ïR à∆Òê÷F"zÓ7ÔÁ ¨÷+Ó◊Õ:∫Y@◊ÕÈ∫9]7Á~õ›&]È (µ0ﬂö5àÄR JÅÌÌM˛=" ∫JÅR;rh”HõFÓóS“¶F_ÉÕyGW ]-tµ –◊‡˘)•£îÄR:JÈË∫MJÈ(•0üœy†√√CŸ››eµ⁄•µëÃÅÃÅg)JÅê@
¥∆e•@◊AóeÚÊs»ÑË:(2π,∆ëÁî	îR»LÓ7N# √4‹6ªM æ˚ªøôˇ./˝Ú/«{pø÷]◊—ZcG∆q$3)• ¥÷à "Ç±çä
 •J-‹ØØ–U&W#„j†‘¬”¿≠÷#˜˚‚o˛j ~˙«~åÍ∫Äà†Î: ∫Æ£î@D‹/"à"ÇÆÎ àJ)t]@f2é#≠5∆©1Nç˚qYDpYtÖÀJÅÆÉÆÉÆ„≤R; r ËkmZ†5à "†4S"Ë#(@ ])t´›ˇ¡ów~Îw.¸\Ät@t@†
@·_G>úw{ﬂ˜Ü⁄4`†Ñ H(Ü*P¬µ◊]«∑›Œ∑›ŒÛS˚9¯°Ô9AN†¿öÉPÄÇFê§B®!"Ñ5A›Ç®0≠ (≥-B"$¢Œ®•P¢`'ó©@©íÀT†TäD(Hö¡*ÖP
"ÇZ*°ÄÄ⁄U“I)í®µÇ û˙‘ßÚ}ﬂÒ}ÃÁs>‚„>Çóz≈ófu¥¬òÃdj ƒe-Mf"	€D¢p!ùt•#‘”,äzlSbF)"¢`˜î"^Óï^ë_ˇ≈_¶÷J≠ïiö¯Ô4ÂƒîèˇáøÁ¶õÃÒ”«! J°÷9n#ôé
Qëçm¶4•T¨¿@f2MµVj≠ÿ&"∞MD êôDµV"Çê°€†¥%E∆∫ËhŸêDkÄÆÎh≠aõZ+í∏¬ HÖ+Ñ$l#âlâeú&[D˜≥jÌ«á!`G∆’H∑± #X,∂…à A( à¬Åe¶6m†îÄR´09)µ£´Ê›åkNùÊ¬Ö=∆ibup¿Ê∆&Ox‹∏ﬂCvßN£V8æuú≠ù-ˆ˜ˆ©Qâ⁄QXMIçé6g——£"::j©ååîLå :≥f â)'L1„~•BA≠3§JD¡ûÄâà	òÄJD–Z£µFDPJaG ¶	∫Y*†BU%õ!ÅÑ“A‘Äú†+Öï¢Ç[••R2âRÄ @Pl¢ÚlnTEPQ õÀ¶	J°ŸLû(•∞—m`L∂CçJ(°` â˛¡ÔÊ`˜ÄiòòÜâˇlÛ:ßF•F•FÂΩ?¯Ωÿ⁄9Œjy»4çîæ£ñJ≠À4A:Qà÷”4Q˙BfR=QKÅ j‹/"àÑPõ ú¶ˆÖp@ìÅBIêx)a TËj«bæ‡µ^˚ı¯Û?¸cNù9Õ©3ß∞Õ˝ZkHåùÄQJ!3ëD)Öê	ŸL`ä <Åådjg¶Ä
D¡rClJò+B<Kd3˜ãËá} ‘ËÇ ã îPD§©
˙"∫]à¢√™dNö¶I_˝e_Æ˛˛÷4M1MSL”TÅ @Ä∏"Ç¡ãΩ‘K¸AA34CtÖÀä ÇÀ^˘’_ïç(‚Yä†àgi(Í `Z¡¸8l]«RJG)Dpô
®@óEpøR
 ADt]@DPJ " (•Ç|€7| a¿ÀΩ¬À±:Xqø65∫¬≥4sYD ‹/3…L2ì¢@s£®‹Z+ ¥V xÔ˛ ˛'˙·Ôˇnû¸¯'‹∫]·Y∫PôIDpøÆÎ h≠Ò@•J) D≠5Zk 0BÈ∏ﬂ0ÙµßØ=¿8é‹/3»L 2Óóô‹/3π_)Äà‡~ô…s◊#4N#œ≠® 0∂ígk\„ô tµ£Ø=ˇÛ˘ú˘|ŒºˆÃk¿j)µ5àtÛé±ç90‰@W:Óó”¿˝JÈË∫MÊÛ„ îZx†÷œma!3π_)ÖÆÎË∫éÜÅÁßîBóeB)<KfÚ,ôP
œ£⁄‘ W#œ° 	dB&ÃÁê	@W:∆6r8“Z†î¬|>ÁÅæ˚õøô›sª¸w˘‚o˛jÆªÈ¡¨ñá‹/"hn47öÛ:'"ËJGQ!jPj j@◊AdBkå„Hkçq«Ä÷•J)tÛé¶dòíæ} ⁄‘(µpøq52¨é_wúè˛ÙOÊ~‚ßyÚ„ü¿˝J) Dœ≠î@DPJ7ûCóπP*î
m‚YJ)‹oG2ìR
 EPEPƒÛË∫M"zZË∫¬86Ü!y.(‚~ä‡π† ËÅ®¸\ﬂ˘≠ﬂπ˛Ò¸q*PÅ
T†:†:†( ¡ø‡±/˘í<?\E<K&4Û^˘’_çW~ıW„_#ÇgiÊ≤.+ÍxuuŒµV àËyæJ«e*\÷F ∫Æ£Î: 2ìR
•ÓWJ·πç„HfÚ‹˛·ÔˇÄ¯∞‡Â^·Â (µ–Õ;û[A)ÄR
˜ã "Çà‡˘â∆6PJ£î∆˝^˙Â_éó~˘ó„¢_¯âüÊ…è‘´	ä†ö°∫¬≥D˜ÀL∆q‰~¿8é d&ôI)∫Mh#¥∫M˙⁄≥9ﬂ§´√40é#≠5"Çà "à "Ç˚e DôI◊uD@kçà †î@Dpøqy†n÷—Õ: ∫⁄qøà`l#´i≈eç+
0Ês("†ÎËkO_{˛≠ÊÛ9œœºv<∑q5Ú@}Ùî⁄qøR;ÊÛ„DÙî“Ò@Û≠9 A)ÖR
•ZÉq‰≤Ë∫éqπﬂ8éå„»ı}O7Î∏ﬂ|>ßî@&óµ∆sh≠Ò,]«sh "(µ–¶F‘†‘¬≥4¿@k\÷D@c)•pøqπﬂwÛ7ÛﬂÈ›>‡ΩX-yAä
cy†úí®A©ÖÀ2π,Äà†îB◊ut]«|>ßÎ:∫Æ£Î:ûüæ˜kS£‘B‘†õw‹o\çÓ—ü˛…<ÈqO †îBkÄR
 }˜k≠—Z„ydÇ D@È†t ¥âÀJÖR
 ≠5∆q†µ∆8é¥÷hÊ9ÓWT (•£Î6… Ë∫¬Û!"x†"ÓW"®@(@¸Ò¸Y˘Í/˚Í¯Í/˚Í † †:`t@ Ö+*PÉ‚µ_ˇµy±óz	("xP\VÕ<áW~ıWÂ˘yπWx9®2π,"†àÀ2!¢'¢'¢Á˘âH"íÆy†àûÀT@ "¿T@"∏_D<P)Ö*• –u¡s˚±˛>‡√>Äó{Öó„Ö)ÇLà‡≤R
 •Ó◊u•ä
AQ·Åä
]Èh≠–Z†î∆˝ﬁ˚É?Äˇ©~·'~ö'?˛	<PD@åVœ2é#‘u•Zk îR«ëà "à∫Æ„≤Ò∫MË6πﬂ8çå”@◊ut]Gfíôd&ôI)ÄÃÅ˚e‹Øµ@)ÖÁ÷Z#3)• pxx»0 t≥é˚mno≤9ﬂdsæIW; ä
¡ºŒâû•#œV
ˇV”¿jò◊Ä’¡äq5–¶FW:˙ËÈ£g»Å6ç<∑ÃÅ˚ïZ W#mjd&@D–u–u¡e≠5∫Æ#"∏ﬂ0lnn“uõ€õt≥éq=PJ°µ∆˝" ÇÀZ„YJ)t] ≠AD@î ô¥©ëSíS“¶‚Ÿ
–uô‹ol#˜k≠t]G◊u‹˙‘ßÚ›ﬂ¸Õ¸wzâó{i^‚Â^öÁ'3)*∫“—ïÄÊ∆ÿF¢• J-–uP
 î@kç˚µ÷ h≠—Z#ß$ß$ß$j–◊ `òÄnﬁ—Õ;J-<∑q5rø7{ª∑ÊÖÈ# »LJ)îRh≠@†tê	m‰~m‚9¥÷«ëÃ§Î:Ó◊Z„~Õ<_Õç˚ï“—uõÙ}pøaH à ÄL‚ŸTD
œVÄÚ«gÂ´øÏ¯„?¯„  Ä
†t@ –®\AÂÖx±1 òV†•£tsZkd&W4Z„Ÿ¢–Z£5(•P∏¢õı?}ú›sª<–ˆ©3PÁ‹Øç#\ñPF¢@Õ\÷\(4∫Zß∆e—ë…ô]W«ÄR
≠5 P·YJG)Äà‡Ö)*47ä
¡Õ∑Ê |ıó5Ô˜!∆Kº‘K∞{∞KW;.`@P∫ê $P
¥÷(• –‹ (* e`l#Ë£Õ\VÕ\°¬eÊYﬁ˚Éﬂõo˛˙oÊ9L¸∑ZM+ ~‚G~ò7~Î∑Ê—/˛h.+–ÄNÖ§µ∆ËBßé(ê”
Ä§†µF)ÖR
≠5ÓWJ†µFf2ÔÁt•cl#C †@©Ö÷•2Äà†î@)ÖR
„»≥d&Afêô¥÷(•îRh≠qøa=–’éæÙtÍ¿ç.Àh†ÄRËj«@£9iÇæˆ√¿8éÃ5Á~•ZkîR à∆´	öπÏ¯ÒÎ∏ı÷ßBÂä	(‘9 •ÎXÒl•Ù Æò`5Æò˜s∆ıÇ¢≠5ä
0µßM#ÈFkXQ(•£µJ
ôIkçà 
 •t ¨¶í§©Q\ 8<<§Î:Ç†≠$ó5ôID0é#≠ÒÜ6PT@–‹@Ä˜Î‘ë@kçR
P)*
–¿	 ‡¬e*`(ÇtrøR˜{ÍüÃ/ˇ‹œÒ_i^Á<–ÒÎÆ„›>‡Ωy∂¬e¡	û•®PT 8láttÛ Öà £
J@óïcK "Ä.:û•@N#mjÙµ I_ÊÑÇq(≥@kç˚mŒ;∫Z ÿ=XQJ·~•t4Æ(ôî÷†5J- :(ÖgâBDG&W‘¿xxHG®uìR; ∫nŒ8B◊qYNcB◊A#†v0é îh D$cÎhm§ØÖÊ¿85∫ÆÅ P)ù€ê *}–⁄òE T†¸Ùﬂﬂø˝ﬂ∑˛›_û-Äâ+† ûSÙ@^ÄWxÂW‡^˘¿J‹ØîBD –óï¬≥îR(•‹ÔÂ^·xπWx˛5"íå\ë@3óççÀ∫Z∏_Wô]W«∆ïR(•PJ†îB◊uD‘u EÄÆtö/Ã/¸‹/ àG=Ç√’!]Ìxn]È (•pøà "x†>z®èûÆtÙ—Û@E¡ı“/ˇ º¬+ºˇS˝ÚOˇ4ø?ÕïRàÓ◊<–ïMÓ7é#˜«ëR
¡˝∆q$3â «C ˙Ë!¶˜+•–Z†Î:2ìqi≠qø.ãÄà 3È∫éÆÎh≠qøÃdGJ)t]GkÄqπ_óï≠]ô– ck ôå≠qøæÔÈ∫éÆÎË∫éR
d&ˇV•Î Ë∫éö˜sV√ä›˝]V√ä˚u]G)ÖR;¢ˆ î⁄P
DpŸ82éáî“—D]◊1é#ô•t‹Ø+ ]Èò◊9]◊±ππ…ÊÊ&}ﬂìô t]G◊uîR »LJ)î¬e•,mj å´ë÷∏¨5G»LZkîRà ∫“47»ÑàÄL ∆6“‹∏_◊ut]«˝⁄œ˝øˆsø¿∑∑~á∑Êyœ°µ∆sr †hZÉ÷†µFf“Z#3i2!Z„9û%Å¢•¢›º`G J) t]G)ÖR
 √îåScúõÛé¶‘¬˝¢ <_≠AG ¢Ô)]G©î	]«eô\ñ	\ë…e<∑¢FQ!"(* ¥≠q?‚ôÜ!TûÈ≥ø¸õ˘ÓO˛‡rÎﬂ˝E
PÄ
†(@ËÄ† ËÄ T^ÄW|ÂW‰Y2†Zk‹/"ÄFk\å„H◊u<∑ó}≈W‰7~È◊xaäÕÖ˚uº`E∞{∞¢´ÖÕy«85¢û[◊G Ê} êô‹/"∏_Dêô‹Ø®–‹ò◊9Õçà 2ìà‡~EÖà‡…O|2 ˝ÒÕ˝∆i§´ ¡sã˛ΩöÅÑ"hÜ»‰y|ÿá}Ô˝ﬁÔÕˇTO~¸¯Öü¯iﬁÏÌﬁÄ’jE)Ä÷Q
˜ãË[£Î:2ÄÆÎ«ëà†î¬˝"ÇR
á„!õ›&CÙ—C¥∆˝Zk t]Gkçà‡~≠52!"xñà`G J)<∑÷ „8–’éÆv dBå#œ)Ä√q§+ÄÕÆÉËÜÄÕÕM(3)•¸GÍ∫éa òœÊÃgsvŸeﬁœà2ì÷»i jOõF "∏,†£µ8$¢'3àÓ7éáDÙ $Wåô◊94õõõ‹ØµF)ÖÆÎh≠qE#2°@Äq5P
¥∆e<áqind&]È∏L<[◊—∆FDêô$IW:∆q†Î: ~ÌÁ~Åß>Ò…¸w˚ËO˚Æª˘FûC„ä‡Y∆q†î¬˝∆6≤ŸmçÆ„Y2¡Ûì	óöe*PÄ 

 •⁄‘(•pøÆÎh≠1é# ¡ºÜ)9\çtµ∞9Ôÿú√·j‰≤÷† à 
DÓ¡≥DpY&óï®†tóâÁë…e<á÷†0é¡e @D@BT(µ•¿0dL}¥÷¯á'>µ˛ÿœ˝ZÍÉ_‚Â
P∏¢å≥mhÔˆß≤s√-†£t<á6V†rï‡^˘∏L»†îBkç*" Z)•êôDÙrØ
<˙—èÊ	Ox €€€º⁄kº/HQ£h<[&Aóı5 Ëj°2!ÇÁ∞πŸ±ªª¢å#]◊D˜+•–Z†î@D@rYQ`l# EÖÊFQ°î¬jZÒ§'=â7{ã7„Å∫⁄–◊ûa∏_D–Z£îBkçR
 ô	@DPTr‡Å˙Ëy†".ã‡≤÷ ìË√>Ï√¯Üo¯˛ßzÚ„ü¿/¸ƒOÛ»«>öóxâófG∫Æ#3…h°lR‘Ad&≠5∫Æ£µFkç˚e&˜k≠0‰@=CPÇ˜+•@ô…Ûì	êD@f<Pf Ùµß´˜kçÀZÉR†%W¥¿f◊q8ét• –u√0 0é#@f“Z£îBfDˇZ—˜¥q†t´a§Î:˙æÁ2sŸÒÌ„ îR»L ÊÛ9m»i jO◊¡8rYkP
œ°µ@DPJ°µ]∑	@Ê —–ïéÊFNI◊u–ZcGÓóô¥÷(•–u´’H)ô–¶F©Ö˚µ∆sh≠QJ·~EÖR
câJ-0é–å#©¬ç„@◊uÏÓÓÚ√ﬂ˛›¸O—üˆ	ºÚkº∑ﬁz+œ£(–‹xnCt•†5hJ·Y2ì÷• ZÉR∏¨πQThnËx∂.kS„~• ∆q†µF◊u S–’¿85 6Á√îåºp•@k\ñ…U∫Äqu@©≠A)¡≥î≠A)Äπ"ì≈8rY& D$P67;ÌÓÆ¯‚ØˇfË¡/˘≤ (@πÁpl@ Ïﬂq+Ä∂oº9Ä(‘yÂä	Äi5rE›øÛv*œe>üÛ
ØÚ Ã∑ésôóEÄ®Px∂L.À‰≤"EÄL#•v tÛMn|–Õ‹zÎ≠ å„»ˆ±mÊÛ9´’äÀT(4ÓW\ (\—≤@)\v|{ìÀ‹∏¢¡4 öa˚ÿú˝√mÈkPT†Ã!Ä• 2ìÀj!(4Æ(ÇPêô454 ]◊Òño˝ñD„80ÔÊå„ Ü>zöEÖÀ¢PH†‹öE"ÄÃ§µF)Ö†cl# AåA3A1¥•pŸJØ
|¿á}ﬂˆﬂ¿ˇTO~¸∏ı)O•˝òGÉE0R(*d6íF3óÕ+å”H3t]«˝¢v åçÀÊä 7z@È∏_)<K	ß$"(•0é# ô\÷@#" »L 2ì˚EAfrYÅ¶Ff–uÖÃÅR∏¢∆)APa^•ZktÙ•gòhêmE‘ûD-†‡Å∫Û
E<”
yA≤AW;≤¿0t˝JGWÁt⁄e¥©ëS“Õ;BAfå„@◊u† 3I®\°Ó)•`ÖBõTÕÖ— TËJ Pj`l#sÕŸ>∂ÕÿFJ)ÏÔÔ”u}ﬂ¥÷h≠PJ°µZk‰îîZ∏_ÄÆÎ 8\Ø@ç÷ AI†ÉŒóMÄ:öÄÆûC·Yæ˚€ø&˛kUû«{ÿ‡G<å{ÓπáR
≠5ÓWfÄa aÙ»Ê|ìtR(P C_{.õ†ûG)ÄR
 @ •û≠A)–óMÖB†îB–∏_&ÖR
˜KsYD –¶B◊A)ÄÖ‡~´	äx„ÿxô<PgËÁ ´#∆©—Q`jÃkï+ÃïÀJ·
5®π—’éqm2NçÆöÛ9 .ÖÀÊ[€ø˝{Òeü˝±b@ƒKó˘©ÎÍ≠wûÆ® L´Å“ñá⁄ø˜lyÍ˝õèx±tÛ˘ºrÖ⁄zes>Î’Ÿ{ÍÓ?¸uWy>^ÒU_ôgQ·27^ê!πl≥„≤fD@ﬂu¥i§‘é6çºÍkæ&;ø«≠Å
óôÁQ
œÊ∆e* Ù
ÜL˙ ÜlA4√Êºcòí√’»Ê:Ä‡ÖÍÜ‰9¥÷à®Ô{Zk¥÷(•–ZcGJ)¥÷h≠—ïé÷Õç¢Bs„≤p "ÇR
≠5J) d&¡˝"ä
 ô	@3Ò"∏¨ôÀ^Ó^Åø|ÖW‡/˛Ëœ¯üjG~˙'~öG?Ê—ºı€Ω5œODpY3œ°î¬º¬ÿx∂∆Û’Z£î mÑ“A& ô	@DêŸx†R
•∆q " »L"ÇÃ†µ∆sã âË…hmÑZËf„z§õu0Ò,Û˘úq5r∏:†Ø=Q{®îBkÄÃ‰¬Ö}Nù8Œø÷0\6õê˜+µêS≤:X—mw d&¡˝J) $I◊u D≈Ö˚µ÷hS£‘BNI‘ Ä÷ †∆’H©Öúínﬁ±Ÿm–GO=´a≈˝∫ÆcGJ)‹/" h≠QJÅ
mj¥©qŸåÀ∆q§Î:J·yç@pYõôI◊uº O~‚¯Öü˚i˛'xÈWx9^˙^é˚E ≠5®Ô{.k0L˜+µ@•@îRh≠ëôD •ZkîRx≠Ò@•Óó	<KDpøÃ§µF)ÄÃdﬁÓ≠qŸj5Úo5¨éxnÛ˘ú˚u≥éq=“Õ:∆6–’éIW; ∫Z ËjÄ ˙Éﬂ˛=˛∑W€ø«tªO˛kéÛ“0ﬂ,ll† –µãÁK^∏@ªx†åÁœr»?t˝…kjŸŸ.\QÄıx¥€ØÓªß_ùΩg ®<Ø*ØÃã$ì˚ıc„≤Æ@)–m)µ ßÅW{≠◊‡˜5¯Éﬂ˘= ÊÛ9œC ‹Ä¬skçÀJ·Ÿ‹@Ö!ì>Ç˚A3œ°ØA_ÉÁÄπ,"(•Pƒ≥ÙÕPJ†îB)Öaÿ‹‹‰~≠5 ∫Æ#3yn]È€»sP7 "Ç˚ïR »L"Äà‡~E2ìà ≠Ò"˘Ä˚0V˚_∆?¸˝??Ÿˇ~˙'~ö∑~ª∑Êπuöπl^°©†îBkçQÖ!°JÖ®ê¥	FèDô	@)Jm7": 2ìj∫ «ëà‡~•2Äà †µ@DPJ!3…L`  ¢†Òl„zdﬁœπﬂ8é”@W;˙⁄”’*¥i$ßÅ®=≠5 J) ú<yúçaËjG_{Wáî“qY∑	1¬xHõmj‹ØÎ:∆q$3âZk<PkçR
•⁄∫ëô ÃÁs⁄‘»)yñ( Z£‘û˚ç´ë“®Î:677«ëÁñô t]GfÚ‹Üa†Ô{ °ûCpEÚ"˘Öü˚iû¸ƒ'?¡ÀΩ¸+ﬁˆ<P)ÖR
AfÚ‹˙⁄Û@á´C∫⁄1L ÖBkP
DpYkçÃ‰πe&TJÄqÑÆÉR(.<PW†2°+–∏"3Ë∫éÃ$3È∫éL.ÀÑÆÉRzV´Å˘º`>+ ¨éV¨ñ+V”
ÄÕÕm66v ééé8\0ÁŸ∫˘&Û˘Ä˘|@È
 }ﬂ–ªÁ_2L]Ì Ëk@ç∆˝˛‡˜˛ÄØ˚íØ„ô(<[›}Ú_◊„È
TÆ®-ÁÖµ]<ü<[7û?[ÅÆõuQfÛ“÷´¥’˘{Ü’Ÿ{x&*œÂ^Âïyn<Kk<Kd„Å"xñ".k”@© Ø˙öØ…¸ŒÔÒjØı?~ú’j≈sàÄLPÅ⁄Akê	¿8B)–u\°n‹Øè‡~C&E\ñ	–’¬s(@¡e≠5 J)<P0$Ò,≠5J)Ù}œsã2ìà 3)•–Z„~]È€ôP
 dB) îR∏_)ÖÃ§îBkçÁVTHí¢BÛ@dBóeBœ„ﬁ˘¯áOˇ˛ß{¬„ü¿OˇƒOÛ“/˜“<˙≈_ö˝Kª 4C&î¬eô…˝J)<PÄa\A7Á≤÷ÇR
 •p(4(•–Z£Î:Zk@#JÅLÄ$" »L"Ç÷¡˝2ìR
 ô…˝"Ë)•£µë˚Ìû€`s{ìÁ÷◊ûaxnmâ⁄SJ°µ∆8éDˇV√4–’Ã„!˜+µ¿J- ¨V+∫Æ#3…L ∫Æ„2AfRJ 3πﬂ8é¥u£õw<K)–î•pø®AN…ê˜Î£gGû[kçÆÎ(• 0é#„8RJa\ç¥©Pj°Ô{Üa`G.sa>Á≤qÑ<áR
ô	@kçR
 ∑ﬂz+€øÕ=ÁÓ·Çó{˘W‡>¯√xAJ)îR «ëÁ÷’ÄyùÛ@mj ¥≠å<PkçR
„8RJ!3âJ)<áRx†à†îBô–û%3Ë∫é÷A)ÖäÄ÷`s≥c>ÔxnÛ≈ú’r≈=˜ﬁ√ÊÊ6gŒ‹»e”äÕ≈&g8√·Úêl–Õ7πﬂºÚú*œi‚_‘’é§M#ÄøÏæå?¯Ω?`^Á@ ı¯#^Ä’Ö{ 
Pÿÿòqt `,'Nê›0®?yM.‹◊P£üóËÁm‹ﬂòÊgÆÎÅ†Ú\ﬁÓÌﬁö9œ÷‹x†—#˜kÜ!°.Î
4√ÿ†+\°JÅ÷hvœÌÚb/ˆ\w”ullm2ØsöV‹/ùD…3µÄ¶¿Ê¢–‹ËJGf“‹(*Dô	$˜+j A)\V úÁ¡≥π–u\ñ	àg)ÇN\÷’¬8rY◊u å„HD êôD ¡≥àÀrJòÄ⁄–ïéëgk≠QJ·πïRh≠—Z#"hj 47BÓ(J2!"»iÇ"H†S!s†µÄÎnz0a∆∑}√7?›ˇû¯'àGˇ5oˆ÷o@'(Ög	 9&•V√HD–Th≠1z§+•ı(Q@PjÅ(0¢£PòœÊ Náî:'s$"»LöÕçÆ"ÄÑÃ‰ÅZkt]«8ét]GfêôD„8 =¨W‹o{÷1Zkt]¿∏ﬁßpErË∫MXlrô°D°DÅ‡y’9îéÁ–ÄâÁ–◊û√’!îéq<†®0Øs∆q§îÜÙäÆÎ)• 	42a Ö ⁄z‰~Af¥ycd§+Ö±5äDCk
D4EÄ÷´i≈E˜ÀL2ì˚u]@W;0óuµcòD°õ ä†ççÃ§πŸÒ@≈ÖNLP(¨¶O}‚ì˘µü˚˛[Tû√ú9/˝Ú/Õ{{+V+Ë∫éR
 Õç>zÓ◊J£´mj‰î4 Û: ‹/3Ë∫éR
 ≠52ìà 3π_◊uîRx‚ŸZÉRË‘∏ÃçqΩÇËâ4Æ»L"ÇR
≠5ä• Ê≤÷`>Î∏_°„~√îàÀÊ›ú?Ë¡ Ä4† …eõãMpD¿8ôÙ 4Fû√]È∏_â¬≥W$Wœñ\6Øs "B@¨¶Äπ_E]éî1[œ÷ºü_√ 'è√àw/ùÌÄ%PäJ0ÆË∑w*0ÁÙuÛrÍ „˘yŒßUaµÍòœg¨V} /˜JØ¿ô3g¯◊Ë∫¬ÛhÊŸZÄLÓ˜/ı“<?Afrøà‡ÅöEÖ˚ 2ì˚57ö˜Î∫éR
•"∏,"x„•,¡s»‰YJÅÆÎ h≠îRË∫éà 3…LÓ‰î‹ØõwûüÃ‰Å"Ç÷ ôI)ÄR
ˇ^/˜
Ø¿|ÿáÒø≈ìü~·ßöÁg\ç‰îD⁄‘xn]ÈË£ÁYÇ+hÄÄ .;\r∏:†µFD0é# ])lv}˜ã "ÄR
 • ∫Æ„~•h>Îòœ:Ê≥é˚ïR»L2ìR;û€8PJ ¡Öìq¶Ä¢BW:ä
¡8éD ≠5Zπ_) ]\VJ#3»ûüÕÆ£+Ö>Ç„Û9¡E•J)d&„8“Z„~Akçà‡~≠5Zk¥÷h≠ÒÇ¥÷ Ë˙‡≤±ç t•„Å2ìÁˆ‘ß>ô_˚π_‡◊~Ó¯ü‚•_˛•yÔ~ohG ∆q‰)µ–Õ;∫⁄—’éÁßÎ:J)d&≠5ZkîRË∫éR
AD ¥÷xÒlÛ9î¿·82∂@W
¡˝∆q$"(•–Z#3È:à‡≤÷`>Î X≠GÊ}OW √î\&û≠pEW$`Æ=Dœs2ËËËËËËËËËJG=}ÙÙ—C ¡…sJ Å‰π	0œ)Ä‡ô6Oúa„‰5 Ão∏Âÿ¸Ü[nôﬂpÀ-¿…˘ÈÛ”7[`,ÊßŒÏÃO^≥3?yÕŒ¸‘ôÊÛ Êsòœ	‡e_ÒŸ‹‹‰˘…Lû[tÖÀ∫¬≥DpY3ê	ôê	≠qøó|…ó`Wº0ôIDPT(* 47Ó<Ps†®–ïÄÃ‰~ô<á.ÀÑR ÇÁê…e–ûCóµ÷ (•pøR
AkçÁñSrøà `l#EÖ÷ Akç÷ ôI)Ö÷¡˝Zk‹/3π_s#3π_3DJÈ∏ﬂÀΩ¬+rØ
¸oÒ‰'<ÅØ˛‚/Ê	è‘Õ;¢˜ã Zk åmd»ÅgI ÅÆœ2LTJ†Î:"Ç˚ô<∑Ã§Î:"Äà †µ@D–Z„~¿ºÔ9æΩ	@◊u‹/"h”H©›|ìR;"zZ…xñ0ÚÔ“’éÊ@W:ä
˜ãJ)ÃÁ«hm‰~´drYkÖà$"àÓ7é#á„»˝«ë˚µ÷Ë∫Ä÷≠5"ÄÃ$3i≠ëô å„Hfíôt]G◊uîRË∫é÷„8Ú‹J)ÙC¬ê06ËJ@s£+ ôIkçzÍSüÃØ˝⁄/‘'>ôˇ)^Ó^Å˜˛‡˜ÊÅJ) ¨V+ ˙Ëπﬂê„j‰Ö«ëÃdG∆q§µFkçÃ$3Y≠Vå„»8éd&„8íôd&ô	 (@J·YV+∆÷x~2ìÆÎ h≠–u ô\÷u∞Zè¨÷#ÛY«|÷1NçaJ∆©qYú`Æ0W ∏"»rÄ∏_AW
ÖB°P( Ù—Ûí+ÇgûS@‚
Òlû83„äp86ø˛Ê[Ä[Êßo<,ÊßoX ã≤µIlm,bk„ƒ¸‰57ÕOùyÏ¸‘ôõÄÊÛÛ˘Û9 ¡º‹+Ω/HDêô<∑±Ò,cÉ±AóÒΩƒKΩ4ÔˆÔÕ··. „∏ 3â"Çà "∏_D–ïéÆt Dœ≠®–ïéà†®–uAD P
œí	¡e•,¡≥D@&î¬e≠5 J)<PkçR
Û˘úq…L ¢ QÉÁ÷‹x†R
• "Ç÷•J)¥÷»LÓWJ!" à "ÇÁñ9Ç|¿á}è~ÒGÛø…OˇƒOÛ”?Ò”‹Ø‘BNIN	¿8éd&•J)t•£èûgi@
\a†qY_{˛%C&îô‹oµZêôd& ô	@fíô Dô	¿|÷qøqπﬂ8é<∑ÃÅR:"z.†:˛Õ∫⁄Ò‹öcπ_)Öà†µëÃÅR:Ó◊u\ñ	ô¡sÀL"ÇR
])å≠1d“GPJ·Å2ìÃ§îB)ÖÆÎà"ÇR
 •∫Æ#"xnôI)ÄÃdG Zkå„»·»e}@W†πêôd&ô	@)ÖR
 øˆkø¿Ø˝⁄/?…ÀΩ¬+ˆa<∑÷4‰ ¿·x»ÿF⁄‘X¨X¨W# }ÌÈjGW;ÊÛ9A◊u<?•"Äà†Î:∫Æ£Î:∫ÆÒlÊŸZ†+ÖÆ(3âJ)‹Øî@&óudrŸ|÷q|{ÄaJ ∫Zxñ‡äWà+ê\=D—CÙt•–G¸
œ#x∂‡ŸÃ≥%œèx·z†é∑ ∑ÃØø˘‡$∞ <€ò'ÅõÄõÄõÊ'Øπ	ÿ‡Ÿ®Û˘ÄW~µWÊ∫”«iS„9àgâ0Ò,mjt ó≠Ÿ;‹eggáÌÌm.S„Y*tj‹oGÊuÜRÁ`(Í¿<õ •W ∆q†Î:2ìÆÎ∏L<áB·~%
ò+&( J·YöÕ@pYiçÁP°.+J¿êI1ô@êô d&A)Ö÷ó% »ñDc(*DT`°5‡BkÄÃ§îBkçÆÎ«ëà †µFkçyÖ÷†»ë†ÄZIw .kZKä∏ba>Á£?˘ì˘∂Ø˚˛‚O˛åˇ-û¯'›ﬂı}ºÙ+ºè~Ù£π_õTh4⁄‘ Ë‘—‘ »)!∏"°®Ä qÖ`5¨à2ìà†µ@f‰¡˝2ìà 3òW¿#E@Èh	@f“‘ËJíh…eôA '`Ç2õ”D[Q»ÑÃ4Jô√ƒÇæÎòœÁD)º(ä
Û:g• Õ<KD°hn¨¶ ù
=≠ç åÜÆtD@Q`5ç »ÄÃF‰T(rÇ! ]◊êôD „8îR(•–‹ à∆6Úlçql<KZÉZh„äÍ∫¶ël0((]Å’@·äïxñ'˝√¯≥?˙vœÌÚﬂe^Á<–
xπói>‡Éﬁ¶áS„i≠QT€@W:F
˜k@¥©—¶F◊u§ì˚E hS#∫‡≤∆≥å„∆i§Î:.ÀBœ∏–¶Ä¢é¶ÄÃ$]◊0é#Ù–W$›¨‡“.ÛŸú˘Ò9´i@1¿tP≤,‚≤à 3in‹ØP∏,xN≠–‹ (ó57 öEÖ˚
œ!π¨—¿PTx†F3\!@Ä∏"ò®T zD«÷Ò›ânj´ˆ0 ∂Ê†móÄB• àp•ª•u›pú“e◊∏mÑçÆ#Ã*œÙ Ø˙ º(¢9% •⁄‘ÿ?8dÔ‡àÀwﬁy'7ﬁx#€€€<PW;h<K◊uå„»≥ZçÃÁ4é#˜;<<§Ô{∆qd∆y†y7`æòÛ©´ i.2›ËD•Zkå„H)ÖÆÎ (*472ìÃ§+cin¥÷@ZÄLP°îBkçà †îBkç*•–Z£5(2!"xæ∆©—’¬≥î„]«|ƒáﬂ¿_¸…üÒø≈=wﬁ…/ﬂy'O}Ù£y≥∑~k^êR
„8‹Øî¬8é î(\ë<∑Ã§µ@Dêô‹/"»LZkt]≥mXÌ@IÓ47∆÷ËJ·~ô¡sà ≥tdrYœí	ô#¡≥u¸{Ù¡eCÚ∫“QT∏_k# Û:Á~ÕÄyù”‹»L∫éÀ∆ëgâJ)¥÷∏_DêôîR«ëÆÎxnÕ∫“ëô47∫‡9¥÷ J "»LJ)å„Çnﬁ1ÆF 
œﬂSü¯d~ÌÁ~Åˇi>‡Éﬂõó{˘óÊ˘Èk¿0å”@©ÄÆtÙ—”wÄÆ¬8AWÁ¥÷x~rJÓóS
2ì÷TJ†lCBi#•vtÛM.Sêô¥÷(• –Z#3È∫é“C& }˜◊# ´√ú·≤’·ä˘|ŒeÖÀöTT»Lö‘‹(*º(ö˜+*º0AfrøÊ∆sœüx^‡prÛ¶áù<º„© ;<«Ä`£lnûiááG¿Ÿ2õÔå˚ Ï {ïgzÂW{e ˙⁄Û¬”@7Ô hS£MçΩÉ#ˆπb¿ˆˆ6 ]Ì ËkœeÖÀÜa †Î:˙æ`ûW`µhm≈˝∆q‰Å∆qd˜`ó˚?vÄ˘bŒ|c@â¬uµ„Å∆©±wtƒ˛·!7û9CW
˜[≠V4˜ßë¶B@O–Th≠PJ°î¬8éd&As "»LûØÆÉL ZkîR(•–Z£µF)ÖR
„82é#]◊Ò@≠AkP
/PWœR
dÚ@|Ò'∆ˇ&O~¬¯Í/˛bﬁÏ≠ﬂöG<˙— ¨ôom0é#˜Î∫é˚EœO)Ö÷ ôIDDôIf“Z£Î:®Î:.°t –F "ÄR
„4–G 0d„â
„ƒe\ñ	≠A)<À8éîR¯∑Xç+û€·õ	câ ∆6Bt›&•t¨Vª$õDEÖÃ†îBQÅÄ÷d&4é# ≠5"Çà†µ@)ÄÃ§+ôIf“‹ »Ñ.ÀJ·≤÷ »L"ÇÃ§µ@LA‘‡˘yÍüÃØ˝‹/?—á}ÚGÛàá?òßÄÆv‹ØØ=õÛM∆i$J 0∂ë>z ∫
„ƒe≠5 J)º0QÄB°îBDPJÅ
„8“Z†P˙ÄÕZ∑IN˜ÀL"Çà‡~ôI◊u‹Øè†+Ö±5Ó◊Õ:∫°cúFÓ7ﬂú@„Yä
AfrøÊ@Q·ﬂ¢+ cà2ìÁ'3(*DôIs†®–‹x qE¸-∏‚pä+vx¡éõ¿fŸ‹d<{vÿ)≥˘±2õÔÂ0ßÚ\∫⁄1N#œOW;ç˚ïZπÒ∫3ÏlpÁ=g∏Ò∆πﬂÊ|ìÁßÎ: ∆q§Î: ∫Æ„yV´Ä’j`G∫Æcssì«ë˚=¯Ês¸ÿq®ºPÛ:ÁÅÊ3.€Ÿÿ`{sìöœÁ¨V+vvËjG1œ°µ∆sã2ìq)* t•#I2ì¢Bs„yD@Ú2ÄR
•Zk ¥÷ (∆ëÀZx°J·yŸW|E˛ˆœˇö±ç¸oÛ?˝”<‚—èÊÂ^˙•πÓ·`up»ÊÊA)Ö÷„8“uœ!Å ZkîR »L2ìà†îBfPJ!3âJ)îRh≠Ò¢á6Ú@≠5∫R∏ﬂê	@óeBàÀrÇ®P
DpY&¥•@kP
t]Gkçà 3˘˜∫¬≥t•„Y†ßµëR:∫n" hnD Õç˚ï≠AdBD• ∆q†µ@f“u≠5 öô	@Q!I∫“A„≤P#"x∂R†5hçàéR
ôI)Ö÷9%›ºc\çûÌß˙ßπı)∑Ú?—á}ÚGÛ
Ø˛ ÏﬁsœmsæIW;û[W;ä
˜r Ó7L0Ô¯7)• –Z 3(Ù¡Û»i jOD@ôI◊u ¥÷(@W
ck t≥éöoŒy	4 ∏,3π_D@Bs "»L^TÕç÷EÖ˚e&@íº ô	@Q·E<ßWú8º„©<¿œká+6∏bÿ‰9Qπﬂƒe≠4¢EÖÊ@Q°π1∂ ZÄqd>üCÅ˘bŒô”ß`ZA◊A&t≠5 J) ¥÷(• 0é# „8îR«ëà 3àËòœÁÃÁ–Z£x‰YJ«8$˜€^ls›M◊—’éæˆtµÉâÀ∆62‰@Q·ÅVn–FP7(Ön>`5éîÜL˙∫RòœÁî’ÄÇ∆ïRxñ÷h9rY¬ºBS#ö¥∆eE––C@@B)Ö÷•J)dé@£µë¶ëπ!’2Å‘h$ó©`l#cÈ
ó`µ)ãÄR 2)≠1djØÙ
Ù¿7|›7ø—ìüû¸Ñ'b/ı<ˆ%_í{©ó`˜‹.≠5∆q`>ü0é#4P‚≤÷ ¡˝Zk Dô…≥¥Äô¥2ìàÅt! …Ë∫MZ)Ü©ë…≥D@óe“   È∫  2ìqÈ∫é´yùCÖÆvå„HÖ!†ßhŸ ÄÖ≠@ÜR;(\1é–u0As„ŸÊî≠ç¥vH◊qŸ8é Dtå„»≥5ZkdBê\—ZÉl4 ∏_2π¨–0∏AÌßëqA<KõÌ†–XÒ‘'?ï_˚Ö_„Ñ sx£ÃõΩ≈õÒàá?ò›{Ó°©cGÓ∑9ﬂ$j@Ö65ät@„≤@kî⁄C≈…0å”»Ê|ì—# ŸíÀÇgi≠¡]◊A„≤F#3â JIäÄiÄ˘&ù∏,FCkçR
≠A®Q‹hÜ±¡ºB©¥ÄA ´iEQ!"hS„~˚óˆπÓÙu<PiÖ¶
Äà‡~E#¥–[„ÅJ öó©QhNPGD4HÄ∆Ä†#3yñ‡Öç˚â+ƒËÄ00Øt• 3`è:üSÁ@•¿º„ÿ^≠V1?‹/ Ã∫çq7∫F?éc◊5¢Ú"hn<_]0WtóE@≠5Ó◊Z†µF)ÄÃ$3i≠—Z£Î: 2ìÃ$"(•ÄÅË†tt›ä66 ∫ÕéB·~„42å/Hs£4û≠t@B& ¥∆¿C& ])lÃÁ≠V<∑ÃÄR  Ä"(ÖgiZ„Y∫ô\ëóE„!‘¿8ét]«e¬ÿc])ôåS„~„‘(µ„ÅV´ë˘º„YJ·≤Lû€·8Ú
ØÙ
|∆7|›7ø’?¸ÕﬂÒÛw<Óo_Ç7xì7„ÅZk‹/3)n†7(•Zk‹Øî¬˝J)¥÷à2ìÃ§Wd0é#Û˘ú÷˜+•„~•@k\¡eôê	<èà`G∫Æ 3àû[DØ’u4‰¿˝Ü(.Å † çgã‡~EÖ±çD ≠ç t›&≠52y]◊ëô¥÷h"†Î†5»Ñ»ÑàËπ_Ê @DOÊ@DO)á´C∆i§´/ÃSü¸d~Ì~Åˇ©^˙e^é˛∞‡˘)•–Z£Mç®¡Ûï@ •@k¡˝∫⁄—’ép êô ¥÷x†˘|Œ˝ZkîR(•–Z£î$LL# ô\÷œ\÷ÃeÛ
ÕP2yñLF7ä
 cÈj¿Ê÷&\Û≠9 ml î(‹/" »L"Ä±A3Ò,EÖà‡9$óµdBk tÖgâ‡9dBˇƒãnÉ+v6Ù`üq+ˇí˘±Ì~~lÄ’ﬁ^ﬂ∫éh]GTûKQ°π—‹xÅJ·YÃçÁ’Öä2ì˚µ÷ (•D„8íô‹/"»L2ìN¢á∏¨@	@È
 √4Çåm§+œAÖÁ—ˇí√’äÌY@f“‹¿@& ¥Ög4C)<Kk<ß6B∑	9@È (• –Z#ÇÀJÅR`3;ÜLûüÆÓ◊ÕÊÏûªá’
ÆªÓ8 Ûy„»“G 
ØÙ
|∆7|›7øŸ?¸ÕﬂÒÛwºŸ[ø5èxÙ£»L∫Æ£î¬ePÅ¥ë&(• –Z„˘…L "JÅ6B®–å„HD@“⁄H)≠ç dBóerYk–óuå#td&]◊1é#• "ÇÃ†µ@DPJ·_´Ô{∆q†Î:⁄– r‡Y
ê@–Ä$ê#D¿8B&ç 3y†ÃÅàûÁ÷@røR
≠5 Z„≤÷†5(2!ÇÀJÈx†àÄqËj«Ú‘'?ô_˚Ö_‡≤˜~ø‡•_ÊÂxn„8Ú@•ÓWjÅÅé+Z„Y2A\÷◊ûqA\ D• Zk`û•î¬˝J)<À4rø÷†(ZÉÆ„yqYô‡@W: 2ì¢¬mnm–∆∆s+*‹/" »Lö°+\66(*Dîô Dç∆e•¸dBœ£πQT¯ ˛sı¿ Ù<'*œ•πÒ@ôID<Z„ä¬≥àgÀÑZkîR à "Ç˚µ÷Ë∫éÍ∫éÁ\Ê„!îr†%D ¥±—‘ ßëÆv<P=MçÊ@QÅ“ÒZ„≤RxnC&])lŒÁú›› 3hnöÇgâ†xdl–Ë
Ñx≠A&óA+óE9–Z£îB)Ö÷„•@)–óıt•0d2L…˝∆©ë≠—ÕÊ lnÁ¯qûeµôœ
t¥„ å≠—GpøWx•W‡√¯0~„◊~É'<·	¸oˆ?˝”<‚—èÊëè~4è~±†µF)Txñ:á÷«Äà†µF)Öä2ìÀ‹ T¿Ä÷˜kÌêÆ€§µë˚E@&DpY¥∆e]ôP
dBkÄR
@fîR àJ)¥÷ÄéçaË˚ÄqÈ£g»Å>z Z6h<[í+ ∏¨Ó◊‹ò◊9 ≠çDÙ‹ØûCDêô¥÷(•–uê	ê	•,\6éá¿&œœ0ÙµÁpu»sªÁé{¯ªø¯û˙‰'Û?ŸW˝7Û/i≠QJ ß§‘¬eå<[-– DÄìæˆ<∑Ã§πAÉÃ$"∏_kçÃ†µF)Äà†åá\6ﬂ†à‡≤÷ ìÀ"∏¨VÃ+W¥Txn]È€¿Ê÷&˜kc£tÄ66û[f–‹ Ë
dB3t (* åm§πQT »L(\— œ-" 2ìàÄ‰EeÆ ûS·Ÿ6xÄ√g‹ øRœîq†Ú/íÀÇ CDêQ∏, ¿PThT¿Pd#»—qø÷•®î@õF.S@MôI$óï‡
.3êPJ·2Ò,ÕÖ¡3çê@ …•Ä6Rœ≤ö ß∂79‹?Ñ‡≤.:2Tx”HWx°öπ¨JÜlÙD°e£µF)ÖR
 ô…j’∏¢pYÉ¢<B •∆LZkd&D°©Q
¥‘éF£LÄQPÄ>Ç˚N#˜{ÖW{^‚•^Ço˚Êo„/˛¸/¯ﬂÏ…OxO~¬xÍû¿£˝h˝ËG√8¬|Œe•†îBN	@fB	rjtå4
(»LÓ◊íÀJÅñê9R
@£5(•„~ô=W@Odî¬eô<áRz(IHíB°Î: ∆6<è	hº@´’äSßNqÁùw0üÕÈJ«ÿF V:†.‹@\aË’3‰@sÜ(* h≠QJ!ìÀZkîRHûEêô îRh≠QÄÅL.ãË«C†´Â! «Ás®PhSc^Á\V·…èOz‹xÚ„ü¿ˇ8ïgyÈó{9ﬁ˙MﬁÇ˘Ò9´˝C Vc·≤∆s†	MçB†MçRDÅ–óµ∆≥å#(• d$@@·~• œ°∏¡‘ †Ôa~ÄR
]Ìh≠Òl#≠A◊qY&Ù—#ÕÖ>H"ÇLàó≠¶]Ìÿ\ÏÄ⁄@=4.+QàZk d&ÕÄ¢BD I˜Kö Ji@„~ÖT£— à( d\Qh"ÄÄ$!∏¨µFQ!" Hí@\!† *(tT*Å6o~∞oø5Ä ÿvÅ:Ø0
Î∏@cÃ€¿¢ãÆJÂπd&¡e$ë@D d&\ë\$œ#"x•"ÇWá¥i§‘é®=œOD PJ7û≈(<'	WœñÄÅ(/P¬8çt≥én÷±…&√4 êô¥÷hÊ≤“u<?„•pYkP]Å’ÕPƒs(•–Z„~•J)¥÷(•–Z£àÀä†dB˜+•pøÃF)\V
œ“0d“G‹˙ÆF
¸Õ˛¸o˜Ñ'<Å'<·	<˙—èÊ—è~4è~ÈóÊ˘Èf„z$H F:Ç§îBfPJ°µFfÚ‹"∏,¢ s  s ¢ßÎ6«C®µëR:Z)•#¢'ìÀ"ÄÊFW:2ìÊ@Q°+Õç≠˝˝}hl#˜r†+ÖÕGÆœ2N###]ÈxA"ÇÃ§îB◊u49%QÉúÄà  "(• PJ«8í9–uõîrú÷F“–◊Äqyaû˙ƒ'ÛÑ'¸O~¸¯üÓ•_ÓÂxÔ¯ pcµ»≥Wê¿
(@¬ï@Zk<∑Ã†π—Z„~•(«ë÷˜+@[èt€õîYGq "h≠ëô D•†ë	¡e])<–ÿFä
 „4–’éæˆ –F (drø!zz®+EÖ˚5' ôADíD$ IÚ¬e DÙ\— π,ûCQ·~ô	¡@<ßt¸È6∑‡,ïŸˆÅŸˆ°Ú\"Ç¢Bs„~ë¡˝2ìÁñ…ø®ÇÁ‘Z#"x†®=Q{^≠5JpÖóâÁd Å¬‚Ÿ@\<[yñ‰äÄn÷qøn÷—‹ »LÓW∫é6é‰0p~ü˘¨„¯ˆ& •@óE 	ÕPÕ\÷…eEPJaG"ÄR
•"Ç†16(Çh]«≥¥@kçR
≠5"∏¨Gh@©PÕ<èæ√î Ù5hS‡>¯‡õ·/˛¸/¯ø‡	OxOx¬òˇ˙/ÛàG=öG>Ú—<‚Qè†õu<∑ h≠qøqâ"ÄÃ†Î†5à‡Y"zJÈhm†µë˚EÙ ¥6–uõî“1éáDÃ…L2ìÆÎ( J)‹ØπQT(*¸Gr‡Å∆}pY7€‰pu@W;0åmdl#]È (•–ZcG "ÇR
≠5(–Õ;∆’Hõ•ÓóôîR(• ¢†µëÃÅÀ‘søÆv<?O}‚ì˘µü˚ V”äˇÈﬁ˚>Äó~πó„_‘å@„ä¬Û◊î@)Ö÷]◊ëô‹/"hnîRh≠QJ ÇÀ2π¨î¬˝"
—˜îY«˝"ÇÃ "∏_DêŸ∏_&–Gpøà 2ìÃ§´˜Îjn\¶¬90∂ë¢@DpøÊ∆sãH "ÄÃ "y†VdÈ (µ£M# =/™à‡~Aí<ìxNÊŸ
œkÉˇxTûKQ·ÖâûC6" ìÀ2yñ»Ñ  i≠QJ°î¬ø$3âûüÃ§D,*<á∆W$œ_dÇ
∏ÅÅ¬≥åÎën÷qø’jE)ÄR
® áÅ6é Ã˚û*Z„≤"Æ yñ>∏¨ôÀ"ÄR
 Af@W`l–W¥•@)œi°.Î: yck<–0%„‘Ëk‹>‡É?Ä√Ø>‰	ˇ˛/yÚü¿ìü¯Ò§GÛjØÚ⁄?}Än÷—¶ë˚´±PJ!"»L "Ä÷†Îxô=„x@DOÊ¿˝2"zÓWJ«˝2ìÆÎh≠–‹ (*‹Ø®–‹»L†„ﬂbggáΩΩ=Ó7∂ë+
}pŸê0¨ßëÆvåm†+ ≠5Ód&•ÓóSRj!jpô!3â∫Æ£µÄÃÄàû˚EÙ§π¨Ø=W4Ó˜«øˇ«¸ÒÔˇ1ˇ[ºˆÎø6o˝ŒÔÃø…h–¶@õYìn—Ò¸t]@D@]◊ î¬≥dÚ,¡…µ÷h≠—uô…ïR(e§5»‰yt•0∂Äà‡Å6Áõ<áÓ7‰@= EÖà‡˘…L" 3àHÓóD$œ≠å+≤t<PDœÛô¸{ ûøMûÀ·Ì∑Ú¬G{Ù; åá˚<SeΩ‚≤ı
Ä ss†pE„_ôIs£îBú" ôôç" 0éçR
˜ã‡9t»7(˜+n¥ÓW
œ2ÆWt≥9œ√ÄxñB†πP2yZi<PW:ò∏¨îŒ_<œÒù„ ¥8::‚py¿Ò„«ôon0Æi(yÄ íÀ"`lÄîB0é@·9DG)Ö±≠ (j·YÇ+T(—»RGË∫h@“Ã≥t•Q‘hÜÊFQG)–P
îÑ÷†Î†>˙ì?ôø¯ì?„€æÓ¯ø`u∞‚~˜Õﬂ˝≈_ÛË{1˝ÿ«ÚË{1JÌx∂éyÂ9å„H)Ö˚ï“h≠ s ¢z h≠P
d6Z+îê	ôçÆõS(‡@◊m“Z†îBkçg)–Z£Ã
¥FqRÜ´	“<”
ymÑi@7ÔX≠V¨÷+V„äR
EÖR„8#√îR •ZktÍ»1ôwsZk çÃ$" à∆q†Î:h#m› Í »LJ)`.ı 7 ä
∏QÍú∫ı)OÂ~Ô ∏˝∑Û?NÂ9M“/ˇrºÙÀø,/˝Ú/GW`l<õ
àÁØ¡j\±9ﬂÄ° 3i≠—¶F[étïg)• êôD •Ó◊‹(µ –¶∆˝⁄‘†%˜ÀL ö:6;†qE)t]Gkçà†x‰≤ÆÉa*†D¿8“4“uô…Ë§π—’é˚ïZËJ«ºŒ€Hs£®@f“‹Ë£'"ËÈrÄÑ>z " ôô çL†ê…≥D¿∏8Ng›2AÖíç»‰≤à‡≤»l DL¡sHÓg@\!û-xN®@œ¥öïÌ„\1çÁwÁ@Ã∏ﬂ8 &Ë6∑‡nXsËVÖ:Uûõ
óπÅ
–x~2ì*•‹2ö E\c„≤÷xñà‡ä‰9∏Ak†•ÉLà Ä“ArŸ8éå„Hœ◊8é¥÷h≠–˜=]◊–‹(* Dô…˝∆ı@7Î◊#]È(•pø„«é≥ª∑À≠∑ﬂ
¿|>gs±…Êbì3ßŒp8ç¥i‰~]«î…≥dB¥qÑLhJ°µFf d&•∫ÆcGÜ‰9Ä6røà`GÓ¿ÿ])ÙŸ (Ç±A7+ê…≥tóe¬8¬|ŒÀΩ“+ ∆∑}›7—˛·x¬?¸è~‹„ xÙcÀ£_Ï≈xAZk<?]∑Ikç÷A)Öà∆˝∫Z„≤ÆÉqÑ@&DÄ ≠5ÓWJ°µFkçÀ∆"¯∑⁄?ÿÁ~;[;ÎÅR
 ¡˝Zkd&œmG"Ä÷„8“u•ÓWJ·~•pYk\ñô¸k=·˛Ä'<Óq<·˛ÅˇMﬁ˚É?Äó~˘ó„~c„Yä†Ò\
œ∂ÇÆv<PfD £y≠5J)¥÷h≠QJ!3â29% QÉq5“¶∆˝J)‹/"òWË
œ2Zkd&•@kê…e]«e„•–uAfrøÆv<PW:6ªM∆6røÊFkç˚E …s»‰≤.ãÄLàÄLhÜÆpYœ!∆©–G0d“D,<K ôê	º Ãø¨´ú®º *‡∆ÛSJ·Å2ÄàÄLä: JÈËX—ÃsË
A3/TÈx<Pft]Gf2¨◊+éüæéj≠—u´’äÆÎË∫ÄÊ∆çm†®–‹8‹?§õu<PkÄR
 ªóv8~Ï8´ıäçç6õ.°Îy†LàÄR∏lπ,ZÉ"hÊ≤"†Î`°àÄ‰≤R
 ô…˝J)¥©—…›&p»sã2ì>Ç±5 ÜL2!ÅÆ@3t≠qY&î≠qYÙrØÙ
¿áÒg¯¸ı_¸5ˇ=·˛Ä'¸√?Ë«=éG?ˆ±tµÁaèz˜Î∫ÄÃ ¢Á~≠çdB◊u<∑÷ ÇgGÆp„≤÷@J)å„HkçR
œc°Ów˛¸y˛5ˆˆy†qÈ∫éR
˜«ë$3…L"ÇR
•Zk îRh≠Ò@•@)–œaGBê”@‘ûR;ò˜{ÚüÃ?<Ó	<·˛Åˇm^·ï^ôW|≈WÊ/ˆhû[4C3 ¿ÄÄ‡ä$óıµÁÅ"ÇÁ6N∞9áÆBk ¡sã(<KNIõ˜+µÄπ,"(•–ûel@pY◊u\Ê‰Y"¿@k•ê9d&‘◊û>zÓ7‰@Q·~EÖÊ∆ÿFä
@=œ-ìÀ"x]Å"hÜLhÊ9¥L˙("xñH.À‡≤.ÀHÓ◊‹hn PT ÃÛ
^Ä’›∑3ø˛f^T„¡>/ ï£R
/™"hÜ"ûC4Æ(• PC& }çgR7û[DêôDAﬂœ◊+∆ıän6Á~]◊QJ°Î:˙ægG∫Æ£®pøÊFQ!"»L®õu Ó¥÷xÕfwoó›KªÃÁséééÿ\l≤πÿd≈mâ⁄Sj£5hçÀ∫Z„≤RÄÑ"û≠(ZÉR(ÜR
≠5J) ¥÷»LZkÙ¡e}pY„ô⁄•£î@f“u¥FW
 }çL.Î
œ÷D@)ê	ô<∑ó{•W‡≈^Ï|7ﬂÕ_ˇ≈_ÛŸ˛·x¬?¸«∑éÛ¥'=Çá>Úë<ÏQè†î@)Öq»àËà 2ÄL.+∆JÅ»‰9ï2…L2ÄR
„8røàÄ÷†û€˘ÛÁ˘◊ÿ;ÿcgkÄà†µF)Öqàûüà`GJ) D„8“u ≠52ì˚E@k\6é ÄR
 •vî⁄—¶ë’¡.∑?„vûÙ§'Ò‰'>Ä’j≈ˇ6ØJØÃá}ƒG∞{∞ÀskÜ"hàgk\—Ä9/íÆ¬·
∫
}I ∫Æ„˘i4 rJ⁄‘ (µ–¶Fõ• 2ìR
cÉ!°Ë
P; Zkd&ùî ôê@)–å#Tà2ìÁ÷’Ä±ç9–GOs†+ôIQ°π—‹ πl»Å>z "∏,ìÀ2πll\ëê\—ÃÛ5dÚ@ê	<áHûGD êôä
 CÙ—”‹x qEÔ4—ol/†Ú/($D@&DÄ
óπqø@& -†1røB@qÇÅ‡Ÿ‹(πÃ\÷Ä@
œ‰@P7»§DP" Ä2õ”M€.WüÕaZPÄ’·•tÑÇqôwsçÀà2ÄÆtú:qäà √ÿF¢œíPJ·ÃÈ3?vnÜ√√}û|˚ù¡…ùJ	Ü)Ëk A)\÷(¥÷ (• Çg…LJkt(Ö’àÀäJ)¥÷à"ÇÃ§µ∆˝:5ËÁåc`^aéçπÇV°$–-†î9¥∆òID @¥@ÒHS†îBGàÄLhç˘¸8¸Õ_¸ŸüÒmﬂÃÎúZM+˛/Ÿ=ÿÂ/˛‚œ¯ãø¯3ÆªÈ:∂∑éÛ»G?öG<˙— t›úR:ûeZPƒÛË*åSıt]GõFöóM#W∫ÆcG"ÄR
œV∏_kç’˛> ÛÆ∞Z≤bŒÿxC¬j‚≤Õmu»f-¥’!ÈB◊uå„Hf<Pf“u≠5 J)d&≠5hG"Ç—#àgÈ<Á~•ïÁ∞Z≠xÚü¿ìûÙû¸ƒ'¿ƒˇ*Û˘ú˙‰Oˇdé_wgœ›C7üÛ,‚
sY3îRh≠Å°îBkç˚uãÄÃ$"»L.œ°h$A6‹ Ë‘1∂∫Æ„~Ö¬ÿÉÅRË•Zk¥÷∏ﬂºÜ,ÙCBW†µë˚E Y@¥@W!s§π—ıP»(D@1óuÛ*–`»Ågõ”ïH"∏,(dÕÖ±56;ËJclÄ
 Q∏¬çÀö7 ∫ZËÄ±ÒJ ÜL ö°$óeÚ" 
˜ãÄ$π,∏, zz"B≠5qÖx6T†:†jx^I¿+œÀ˝∆FF†u[€<SËÄÆ@JÂ_*\—Fà .s„≤»‰äÄLû≈T¿T†çP:˛E*–FpÉ“Å
¥"∏ﬂÊÊ&áááÏÓÓr|kŒuµ£Ø=}Ìyñ‰Y2ìÊFQ "»L"Ç¢BfrøÊ∆˝∫Æ‡‘±m‡Fû|˚ù llÔ –◊ †Q(4 
JaGûüà ´	ä†+0&W†AS„Å"Ç˚µ÷»L"ÇR
≠5 ∫RË22)<?≠5"J·≤L(Öóµ÷∏,ÇÀ"x†ó{ÖWÄ˚0æÔ[æÉˇ/Óπ„Ó·û¸Ñ' àG?ö{âó ‡—/ˆbº(⁄4“¶Êõ å∫¬eEêÜ÷¡˝∆q‰~¡˝J)å„»ø∆·r≈û≠Î:∆qd˙æßî¬8é D „8 ¨V+Ó◊Z£Î: 2ì’˛· x¬„«û¯¸_/Û“º€˚Ω7 „j≈≥àÁPJ°µF)ÄR
 ≠5 ∫Æ„~ôIDêôD ô…55 ∫“0∂ëÆtÏÆvÈJGq°µ∆˝V<ß¬Û◊’BW4ûel–|H◊mÚ,≠qY◊ê9Ú@ô\¡≥îZ(µ 0‰ @= ]y~"í YM\66Ë
4^∏√’HWœ¢B3ÒÔñ…Û!Ä±çÊä Ãsj¸'jÛ9PyaT¿çÁ*<ã
∏Å
îBÔ∆µ‰9πÅ
œW&DBµ‹†t†n<?õõõ≤ZèÃg´ı»Ó˛!«K«8ç tµ£P†pE]È∏_f 47®®@pYfPßémsaoõÛóˆŸÿﬁasﬁ1NÄB„πu]«8éDô	@DêôPƒ≥`œRJaG"Ä÷• ZkD˜[†è`»ÑR∏¨5hç¶ †îBfR2!Z +œ+∫éÀÃ≥º‹+º/˜
Ø¿wÛ∑Ò◊˛¸Û‰'<Å'?·	 <˙qè‡—è~ è~Ã£y~∫˘&9‹Ø2°(<áq)•d& „8PJ·?¬8é Ù}@kÄ÷≠5J) îR h≠Ò@„8“u≠5ZkPyOx¸? Ñ«=ûˇ¿≥T˛◊{∑˜{o^‚e^öÁÀÄx•®µ@)Ö˚e& ô…u]@kÄà‡Å∫“–ïéÁß+Ö*<ßœ2NTx†Æ€†îé÷F(" †5à J)dBóeBﬂ∫y@õ }Ùº®∫CB¸ã∫≠˙tµ0NÄ".ãÄ¢¬ÿœ≠+\÷Ãë$œ+3à+œ©o42—ol 0ÏÛ‹ j@ÂÖq„YT¿çÁKÖ®.k"¿‹xnº C&} C&†t†¬e*@B&îé⁄‹‹Ñi¿|÷q›Ï8•n0Lœ“ÄœWfÚ@]È»L"Ç$y~qÛçú‹ŸglåS@Aí˜k≠PJ°î¿8é¥÷h@óe…óÂê Dô	@◊uå„»EANç˚ı¥÷†(∆J)d&óEpY)–MPJ·YJÅL (&û«{◊˛≤|˜7ˇ_=·˛Ä'¸√? Ë«<Ä?Ï—?æÕÒ„;?æM©•v¥i†ôÀä .«ëR
œ≠î¬˝2ì˚≠ñáº®ó+û%:∆q§Î:˙ægG J)<–8é¥÷ (•îRh≠0üœXM+ÓπÛ ˛˙œ˛⁄»ˇ¸_Ù∆o˛∆ºÒ[ø5/îx∂Ä÷•û[)Öà 3â"ÇÃ " (•pøR
œOQ·9œ°qE¡eôDôIDÄì˚ÆF®Ö„sË
ó5û-s†–sŸ8B¡˝Zk@·~]QÄ65rJÊ›ú≠>∏llÖ™Ø¡E@&DpŸÿœœÿx<è» #y†àPf“ïé±ç Ãênsìhº`T^ûÉ
 E–E<Ö*n\\÷Ë ‹¿\ Ç˚ûSâé÷∏¨/h\Ê¿êI n†¬µ:†"†®–’¬85⁄¥†ãM íÁ’‹(*t•#3y…sXôÀ∫Æ„¯Òì›wñ’rdccŒ˝2˜+ .ÙµÄ°Â„!]∑IÖñç˚eÇ"àÄ±Ap“◊`0††î@f“Z#3â2ìÊ¬sòVîL"ÇH1î¥6B]• 06ÄËh®<[k0çP
D@&ç+^˘ï_éóxπó‰˚æıª˘Î?˚Ó∑öV¸ÙÑ«?Ä'<˛	 ‹x„çloosÍ∫Î∏˘¡Ê~æÈ:ûCÌ (•pŸ¥7ä∏¢Œy†NÄ’j¿ÓÓ=tòxñ£ΩCvœÌpÍ¯q6o:Œ≥≠`V ÄFWy¶∆sÎ*¨V–¶F£12rœπ{ ∏˝÷[πÌ÷[)¿≠∑ﬁ ãl‚ï„«ènÔ˝nºƒKø „»≥4†´s œV∏¢B£Ò,óE˜ÀL"Ä¶Fs£®ê-π_DPT¿<[ ¡’ÛLô‹/3»LZkîR Ë∫ébX≠†‘B7Ô(@kç÷–S*@“‹¿Ë»LÓ7Ô
mjîZËÊ•⁄‘(˙Æ'"xN…sj A3Ù]Å±A3D(•,‚≤úV¨Üƒ&}åc„≤Ñ HÆ»†¥@+¡I<(3≈≥â+ @L(–	Ê∞í++1a2'‡ †õoÛL	T† à øBóÒ|êºT¿"∏,∫‹x†÷∏¨û«êI¿êI¡5Æ(‚≤±A“Ëjaú√î^∞Ã§πQTà(" à2ìÊFQ°î¬˝J)ú9sú≥gw9:Z±±1'ZÉR 2π,2Å∏¨t–Fäxñ‰äfhä†‘`òÄæCÉ÷˜+•–Z†µFó5CW ud&ô…’D<[s£4 ∆∫2yñÆÉq‡pÈ#xÔ˚ ˛˙œ^ñÔ˛Üo„™gªÛŒ;πÏ	O‡Å˝òGsøG?ˆ—˜{ÙãΩˇgÔ=À§'<·	‹o\√ìûÙ û¸ƒ'ˇÕKºÙKnÔ˝n‹oπ,2Å‡ä∆≥†qE·yîR »L "Çq(] " (*åm$3IíŒ†qŸ¿¿ J)¥÷xn•Zk t]@D‹⁄‘à)@êôD]◊jd&•Zkd&≠5 "Ç65J-tÛé˚"ÇÃ$3â2ìà‡˘)‚≤Lû%H»L®î¬˝∆ıän±…··H◊67;Z„˘*•–Z„~CBê…e]Åf^d&œ$˛Û4Æh</*œ•àÁd˛UíA&œa°Î†Îx~J·9ô‹Øè‡Ö) ‚Yä √·j‰ÅJÈ»àËπ_fê<áà 3â ∆6RTËJ@í d&˜€ÿòsˆÏ. s"x•@&Wtõ#¥ëD@p≈ÿ†
–◊`òíæ ôID–u≠5 Zkt]9RmÇL "»L"Ç÷≠çî“QJGõíÀJ·≤låm§+œ°5û•5àÄ÷x†!ìR
/˝
/«W˜ÀÒ›ﬂm¸Ò˝WΩ`Ox¸∏ﬂˇË—è{d„Å˝‚/¡s»˝ûÑ'PTxn˜›w˜;œ=<ßë˚=È	Obl#ÙÑ'?ÅÁ0Òˇ“Kø‹KÛﬁﬁÃÁsû[dB4Ä‡95 Å œñÄ†µFkç˚µ÷ (•pø¢¬˝∫“Ò,‚ä‡≤>z^êÆÎ»L"ÇÃ$"∏_D º „j§Ã
]◊ÒÇ¥÷∏ﬂ8éîZà ¥©PT∏_sÉÑà‡iÊY"xñÄ 3h≠QJ·~õ€«!Äæ∆±Öû%" »L®ûC3ˇjÕçÁ"^4˚¿÷·ù∑Ú¢˜y®<óf(‚ÖjÜ"ûØ íA  2°Îx~"∏,ìgÈ#x†>Ç˚5†¢)•#¢ÁÅ2ÄÃ$"»L®πABs£®<?ô	ÇÕÕ9pú££„]«≥D@&DpY3P:ûej4C3WA©06¿–’¬0%√îî⁄PJ†î¬A3t2π¨î@f“uõå„!≠çî“A¥• PTHÄ¢4ûC¥∆˝˙ÜL˙ÜLËΩ?ÏxÙK=Çﬂ˛µﬂÊ÷ßﬁ Uˇ:O¯á‡π=·ÒO‡9Tû”ƒÛ8{Ô=úΩ˜ ÊuŒìü^ê’¥‚9T˛_{Èó{i^˙e_öó~πóÊ˘â‡Y2Å í+F†l	4† î(¥÷(• d&¿Ëë¢Bs£®Æ0œ#" »L"Äà‡Å∆q§îBD êô ÓWj°µ@kç˘|Nf“Z£î¬|>gG "Ä˘Êú65∆’H‘†®–‹h≠—ïé÷/HQ†ôÀ"x• 2ìR
˜Îfs∆ıäÆ+t]`ww≈|^à‡_%ÇÁ´®—\x.îô¸+á¿p¿3mﬁ¯`vüÚ˛%›Ê6 úÂπQ˘óàÁQƒ≥œ)≈≥4CQ·ÅJ) œT!≥–û[&óµ}Ìx†óerÖ° \ñ<ßP°P (ö ˜ã‡π4Æh<Ps£+ê…eô…˝öœRπl>Î(Ü˝√}∫≤¡˝íBóeB°–⁄»e”äR:J◊CåY(ÖgâR (µ„2AâPC(¿@ùSx¶÷»	
PJÅ(êçÆõì…e%†5(Êä⁄h@c§Ø¡0&}tC&†»ÑÆ£q≈*ìàÄ÷ " xÂW~e^˘ï_ô¯ª‡«~‡«∏Á‹=<áâ´˛=&˛UV”äïâˇWé?Œ˝ﬁÌ˝ﬁõ«æƒKPja\ç ¨¶∆sò†‘BkçÀà+*óïRxñûÁ ¡e¡˝J 2ä
œ¡\V\xA∆q‰~≠5 J)‹ØµF◊u èP:J¥Ë (Bç rj–`\Æ(}°®–u„z§+ ∫çÊõõ¿úúÅ z∫“A„≤Ã§∏*ê…eÖgi œ•Å
W4† Öh≠qøfËZÉË8æ›1fcGJÈàËπ_D:D@&œí	ê	ç˚54("Ä¢Bs„ôƒ≥âg3–q≈`ÃqXM´,òV#–¿+pK¶≤π}ƒ¥2êÄ∫˘<:òèP;à®¸ã‡≤L(¡…Û ‰≤ÆÉLhJÅ.À‰YJ·ydBœ¡ÛàÄLhÜî¬e¸´drY4C&DôIDpø ∏ﬂ»@©Ê∞·éééÿÿÿ‡~ô<èR:Z°t= DO–ó5	£y^çÀ⁄‘W#•¢„8‹Ø⁄]ÅLh#î¬e≠A◊qYkP
óı5¶dòÄ!ì>ÇgâÄLhçîR»L2ì¡eô¡˝^Ï%^å˚‚„;æÌª˘≥?˘cÆ∫Í™óxôóÊ›ﬁÔΩX¨yñ ÛUj ∫ 3à2Äà  I "ÇÃ‰~ôI◊u47ä
ÕÄÆt47ä
 •Zk‹ØîBkç÷˜+•@• ZkîRàÓWJ·y¥ë˚ï¬s»‰≤Æ„≤aË˚Ä√˝CòV ?sÄ’¡.˜k”»·¨£èÄ!Ê—SJGk#ˇÖ∆˝J·≤LË∫BkÄR
œ!z»Äàû≠»‰≤»‰Y"x‡÷Z/[KÆÿ„E‘˜¶Ò`ÄÒ`∑ú®ºö°àÁ+ìÀ"xëW$œ)" 2yñûÕê<[/TdB3óeÚ"`lPƒeô<Kœ#ÇÀ»‰≤à‡˘…L(<K©ÖÕ≈&GGG±±±@óeBDOÊ¿≥Dœe9@∑Iq£hö°" @ $‰:)µ–Õ;.k<áÆ,–∏"ÇÀ2!ZÉ÷†ëÙ5Ëkp∏ËJa»§è†ç#tD@&•Îh≠–Z£Î:»Ñ÷ ÇÁˆaÒ—¸Ÿ+˛1˙ßÃü˝…s’Uˇìº€˚Ω7/Ò2/Õ˝J-<á¬sà‰îDÓd& AfíôD @D@BDêô¥÷(• PThn ®î@D@@fd&¡˝"ÇR
 ≠5 ∆q§µ@DÄ
Dpø»‰≤L.ã‡≤LÆ◊#¥:<‰ä@© cÈ£†èû˚ï“—⁄»øU)\÷Z£îBkçàÄËy†àûàûIdBœ!ÇÀä†hÜLóAf à+Ã∑‰yù‰_©≠Vƒj@Â_)íÁê\ë	<è‡ŸH π" 2!ìÀ" ÇÀ2°5ûì Ä‰9E5CóÖxô<èûØ.ÀÑàÄÃ$"xnô…skS£P 8\∞±µÕe‹Øîéñ…e—Cy†hçgâÄñ@tÛéÁ'3ËƒecÉfòœa!" ìÀJÅ÷†ØAW„‘Ëjaúcklv])4û©»§µ@◊u\6é ô û«+º“+Û
ØÙ ¸Ÿ+˛1ÒGÃˇÒs’Uˇ¸Ì_˛5/Ò2/ÕEûE\ñôD•ûüà 3â"Ç˚E˜+*P∏¨î¬8é$	@D –‹ (* ¥÷ (•êô<Pf<Pfd&Akç˚e&AD,\¶m$)‹/JÅ÷ ìÀ˙æßõuåÎë˚Õ77π_©Q{ÓÜ!ÓW⁄»8B)=9 DÌynÖF£Çî≠Ò,•0œ°îÄ÷Fû[4Û|Ò|dBs@kçWàˇx≠€:@∑uú√’ä2üSÊsrµ¢Ú|4CQ·äFœ¶Äú⁄4¬¸8E\@rYL‚9/XóCD@k–óï!.û)xE\÷cÉÆ@4Û2!¢º`ôADÚ@<@#≥ô–ÃeEÖàÄ∆Û8sÍÁür»ju»∆Ê˜Óó@0∂ë¢BD0∂@¥÷ËJ°ö° `l\! Å J)¥÷à Vc£Î:∫YÅqd4Då„H3 hÜPÜ	Ü÷ ß∆˝`hçR
„8“ïBã †î@◊u¥÷(•@)¥÷»ÑÆÎh≠∞ZÓCkP
/Òr/ÕKº‹KÛrØÚ ¸¿∑}7 ª´]û√ƒUW˝ó˘Ωﬂ˙m˝‚/∆ÀΩ“+ –hÑÇdlƒe]) ¥÷ Ë∫éÊ∆ã™Î:0œ÷Ä¬Ê
qYkçR
$œal# ≠5û[f“Z£´Äy4ÛlmÑ,\ëP:œí çÀ"∏¨ãÄ±qxÒ<˜;~‚œ¢9@Ù Ó‘¬ÿ†ç†067Æ(‹ØQ»l\66(Êπ∆†pE†û©qY<2Å	ó@B)<áf.+òÄÆ»L57 ÒºÃ¶íL4`¬…zY≠ XM´ëiïÄÀÒS …¥je÷¿—jbbZ0ND•P Q x4C3œ£‘é"˛CDpY14Aóutî¬ø®àÀö°2°àóà‰)jD@3åçÀ∫“—ïéà 3π_s„ÅnºÓ€[õå´ë˚ïZ HÆÆ(*472Ä÷„8íôdB3óççÀä†ä∏"ÄÇg…L ∫Æ†µFDpøR
 ]Å".ãÄR
 ôI◊ut]¿8éîR Ë∫é÷•2ì÷4é#4é# ô	–u 0é ºƒÀΩ4_¸Õ_ÕKº‹Ks’Uˇ›˛ÚOˇî«ëq«ëÃ "x~Zk îR (*<PQ°®PTxÅÇ+
œ)∏¨î¬˝"Çà  "Ë∫éÆÎË∫éR
]◊—u¡ı5xñLh#œ•„~\÷Ãsÿ‹ú∞{˛,˜õ/6y9pY<∑L»Ñ".À‰≤"»Ñ"(j5ä PE–àÄàÄ.+ÖÀ2!2aaal–Ãs»‰9dB&å#d¬8Bk–4sYœRTx†Ã$"ËJ«3ôÕä¢ÌûÁ~myH[L´É˝iu∞œÍ`Ä∂^—÷+⁄zE"*‚Yr à⁄sø˛Õ"xñ&.ã‰≤L.ãÄ»‰Ö*Ç".ãÄÆ|eÚÔ÷\ Ë
Ad&ô	@Dpø¢BQ·~€[õÏlm êSrøt<[Q!"ËJGscG∆q†Î:"xñ»Ñ±AœV∏b‰≤R
¡˝J)d& ]◊Ò@cÉ.À‰9îR Ë∫éÆÎ«ë˚e&≠5"Çq«ëqπﬂ8é t]GD –uœ“u<∑w˚Ä˜Ê>Ï√∏Í™ˇNÒ'∆∑}›7 p¸¯q ∫Æ†µ∆8éå„»8éô‹olÄR
œ≠®PT¯ê@ –óïR (•pø¢BDêôd&˜ãJ) îRh≠—’¿0%√î–FàÄ“AùCÈ@‹¿çf»‰≤"û√Ÿ≥ªÏû?À|±…|±…|±…ÒSgxQD@óE@W†ôÀ"∏ll\÷\ (jÒ,EP
î•@)–u–u\<áLà‡YJÅÆÉ(Z„≤L»Ñ±¡ÿ`5¡ÿ`l#cπ_f:"»Lg&ˇª¸«!x.EÖ¢¬Ò⁄4“¶ë ÑL˛]J·yD" ìÁ´ôÀö!ä∏¨öyñLàÄ˛›2yñ±Ò2ìf{kì˘÷ú65rJ⁄‘h@„Ÿöô…˝∫Æc>ü AAœí…≥5 x• Zkt]@kç˚u]«ºrYW†ôÀJ)t]GkçR
 ôIkç’jEkçà 3Ë∫Äà†îB◊ut]«˝J) ¥÷xñ÷ ÇÁˆrØ
|Ûw7/˜
Ø¿UW˝w˘ã?˘3æÌÎæÅ√√Cé?@◊u<∑±5«ë!ì√qdGZk‹Øπ0∂ë±çåmdl#c€»ÿFöœí@pEW†,AD@ADÇÃÁs˙Ù5ÿúwÙ5xn–FpÉL ä∏,"xñ££áá+ÊãMÊ?uÜ„ßŒ<¢án ∆Cö!Çgâ‡Yä ìÀ"∏¨πP‘¯◊*ÖÀJÅR†(ä†ä†"†ä ∫éÀJÅÆÉÆÉÆÉÆÉÆÉÆ@W†+<áÃ‰ô4∂ëÁ"Æ/ö]ûèr¸Tõ Ã∑∂ôomOÛ≠mÓWfs lNÂy4 " ìÁ££‘9mZÖÁ‘»‰≤(Ç÷• öyôÕPHÆû-π"†êÄy6Ü±qYWxE–Ãe\V–hÊY2!ÇÀ2!2π,†‹2π¨ö]ÅÃ@dÚ,EÖöœÁ
áªáƒ<†4(ÅÊFkçR:ÓWJ@S7h#®–ïF3óeB·ŸÅMA"†®0$4C_√‘ à2¢A∫∆q†ÄB°Q
P∫†9°çP
%†%îR »LJ)<–ÿF"ÇR
Õçñ\ñôt]GkçÃ$"(•pø¯∞„˛¸Ø˘ÊØˇjû√ƒUW˝ó¯ã?˘3 >‡#>åR
óåÎë˚ÕU∏,°p≈8é‹ØîBs#"(*4A&œ“âÁ–¢Ò@≈ÖÀ&.k4 Zk‹od‰YóïZàt]@f“u¥∆e•–U`uHõF JÌ†vD@f x¶ÑR†+GG¥√ß∂6°tîæá e• "Ç±ç·FF°©Pô<@GDckêêSÉ‡≤RxñÊBQ
œ¡Ä.∏ll–ûØf(Çf(Ç"h
ÄFÅ h‹ØÄ(<ó√(Ë Ö0Ä f"a%`"áÅiï¨Wfµ‚≤##0∂sÁG¿¿ ¨€Úà’Íhu∞ªfmy4å…!›|µöYØZdÚEùSÍú$"∏¨µ∆8éå„»¡eE\<ß‰yPÄ‰
…e]·≤f.kÜf.+Ç"(‚9qYóeBœ!ìÁ´ôÀ"∏ll\ô–Ãe<_›ºcÛ¯&„j‰πµ6RJG)===œ“F.´sÓWE<èÆ@3åöyñ>∏lH(•êôd&¡8é å„Hf“u\÷œ_◊A) –uîR«Äà`GÓWJ`l#Õç¢B)ÖR
Akçqi≠–Z„Å^˙Â_öÔ˛˛ÔÊ^È∏Í™ˇh7ﬁt3Ø¸*ØÃÛÚg|€◊}‘Õ:û≈" Ç«ëÃdl#EÖ¢@&D@◊A◊†@=}ÙÙ—”GO)ÖR
•J)îZ(µpøR
•J) îZËÊQÉR˜ãZkê…e≠AkDÌÈÊõî⁄µ " 2°(ÖÀéé ÿ‹⁄†õut≥é˚E‘Ãe]Å"hÜÆ@D@WF ä ]Åf»ÑLà‡≤L˛ıÇÀöy°äxñB„π5^T=]Ÿ$¢WDœ3ôÁï¸`\¡∏ x>" Ç*ÍúRÁ<?E<K)ÖÆÎ h≠Ò@EPE<Ø‡ŸÇgK Å‰ä H †+<KóÒ,Õ–Õ–cÉ".+‚Y"x<áÃÄ"û•ä∏,ö°" ìÁ–‹∏_7Ôÿ<æ…ÿF∆62∂ÄÆ€ ¢ÁÅ"zZ¡çÀ‹∏_3åöyæ∫¬eô<K\÷Z#"à ∫ÆcG∫Æ#"»ÑR∏¨Ëj°´ÖaJÜ)°5àÄ÷`µ " (•¥÷ h≠—ïéyù3∂ë±ç‹ØîBf–u •ûü˚à„√>‚√∏Í™ˇHØ Ø∆G‹GÛ—˜—ºÚ´º2/»_¸…üÒm_˜ Ù}œ∏y» û[sc5≠€Hs#J·Ÿ˛E@7ÔàtÛéR‘uQÄúí65ÓWJ·9d¬8RjG©›|ìú" ÇÀ2°Îxñ÷xñ3◊ù·ÃugË˚û§®PƒeÕ¡≥d¬ÿxEç"òW.ãÄR†hZÉÊBs°®Ò¢à‡*ÇfhÊÖ*j¸+àg3WàgK^4y.Âÿ)ûÀ!∞Í67W›Ê&›ÊÊö˚us Ç ìÁ¡sh”äÁßôÁPJ°Î:J)Aó5C3/ö  Ä í+Ç+œW3óAóeÚ,Õ–Õ<á".ã‡yd4è D@óE@ó5CDpYœ°®@›º„¯¸8]ÈËJ«˝"zûüR:(®Ä
D–Ãe]ÅyÖÆ@W†+–A&Ò<˙‡YJ) îRË∫éÃ§î¬˝∫Z„Y˙åSÉL(∫Ä’jE)Ö˚ïR X≠Vd& ÕçÆtD„8“Z£µFkç«ë´Æ˙Øˆ ØÚ |Ù«}4Ø¸*ØÃÚÚg|€◊}√0p¸Ùqû≈çÀT†tîRË∫éÆÎh≠PT »L∆V+hZh\—`»Å§Î: J-îZ∏_D ‰î‰î îZ(• –Z#3yñÆÉRx†næI¡ÿ∏¨5.k2·‡êç≠^òà  "x†".D@4äÕÖäÄLû•Î∏¨®Q‘h.4ûáx6qY4ÛeB3ó5
˜+4˛Ã.Í¯è‘.ùÁ˘Xs≈öÁt†Ú|dÚ|eB»Ñ.+j‹Øπ‹öπ¨à+\ (‹ØÅ° œ…º`¡≥ê@ÇÁPûCóEpY&D∆<óF&@°+ÄLû%∏" àÀ2y¶∆˝öÅâÀ∫“PÊÖRá´C öœA<@°–¿Ä÷FJﬂA& ¥F3dB3óûS»‰≤f(Q∏lÇ“⁄‘(• –Z£Î†5.õœa\sYWÛya5≠ÿå9P†ÎÈ ¿jZ—ïéÊFQ°îBf“ZÉ÷ËÊ<õ 7∆óïY·~]◊Ò‹é?Œ¸ﬁ_ı\u’¨´	VÎÛŸú˛®èÊ≈^Í◊¯ÅÔ˛Ó∑Z≠∏ﬂ_¸…üÒaÃÁs vV@É±1üu4†dB)@£πÒlT¢c»§'†@Q°MçÁ÷Z#ùÃ	Ó∑ö]◊êô‹/" `J£ê‡F©Öíåj05∫nìÃÅàû±Œ°5Ê%°5 ò† ˚óvôœÁîÆ@Â≤éé“
 $‘P @¡ºé¨&†+0∂Eçf(‚≤" 
≠5ÓW
W∏P‘¿ZÉ ƒeÕPû•ä†äx.Ö(j\Ê‚≤f@–(/ö∆≥5ûãxNXM xL÷L´Ωqÿ_±⁄ùÄ∆j∑±Z%‡rÏ∏ôhL´Åi<é:èGÏNÄ9ÿ]—ViÌÄ’Ó&≠›<ó.ã‡ä‡YöÕÖ§ä∏¨ôgS„?\ $ê@	œ°ä†ä∏,ÇÁ¡Û<KD@óerYóeÚ,\÷Ã≥2ÄqÈjGW;ûüqÑL»‰yî“Ò,≠qø(‚˘ ‰Yäx∂$îRh≠ëôå„Hk\ñ	„–ÕP]Èr‡~}Ùt•cl#ci≠îR W<èR°Tà2ìÃ§µ∆s˚Éﬂ˚æÏæå´Æ˙œ∞ZØÿ›ﬂÂûs˜pœπ{xâó~	æ¯´øòóxÈó‡˘˘ã?˘3æÌÎæÅ˚ÕgÛY«|÷±Zè–å#¥∆sk≠Q
îô\6dÚ‹J-îZ(µPj°‘B7ÔËÊ]-‹Ø´ÖÃdGZk<Pfrô
D@È∏_kçq(•#s  s‡9î¬ÕÁséü9Œö/H)Öà‡~Õ\ñ	Õô–ÃeÕÖ˚5JÅLGG¿‘¿ÖÀÇ+–†öyô<õóπ¢*4˛‘åxNÊEsÅ—xx»xxxrøq‰ôûK&óeÚ<"xÅö E<Kó5C3œ…ÖYÚØ@pEpÖ sY34C34sYqYœ!ìÁë	ô<áL.ã‡Y"xñ.kÊ≤"(*‹/3ßëæˆtµ„πï¬e\———sY&óï•PE]·Y∫
]Â≤fhÊä †Akç˚ïR»‰≤Æ„≤LË
åö°èû>z Ü Ë£g≥€§+ô…8é D mÇ’å+ûGf d&œÌ˜πÍ™ˇjÔˆﬁÔ∆KºÙK¸¸≈ü¸ﬂˆuﬂ ¿ÒÌMÓ7üu–uP
î≠±Z≠«ëqhçÀ" ìÁ+j 5ËÊ›º£‘¬˝∫Zx†ÆÎ(•D ¡ø§Î: ZàË†û€|>Á¯Ò„Ã7ÁÃ7Áº(2Ód& E–Ã≥D@&drYs°πpø.kç+\ @(@¿ÿxE–ÃeE\·¬˝äEç˚eÚÔ•L^Òkvõõá\q»8B◊\ ûKD" ÇÀäxEç˚5Ûö°ä†àŸ8éÏÓÓB„ﬂ.Ä` °2yæöπ¨ôÁ¡sàÄ.ÀÑ±Ò2π,ìg…Ñ±Ò,DœœÊ|ìÕ9œ!"∏,2 2.kçÀ"∏ﬂÿ†∆á+ûCtÖÀöyNœ“u¿8¬8B◊AdBW∏l»Å!ûü>z"Ç÷„82é#Q°õC©\6Æ`\Ò2Äà‡Å~¯€øõ?¯Ω?‡˘y√ÃôÎŒp’Uˇ´a≈ÚnÔ˝n|Ù'2èxÙ£ynÒ'∆∑}›7∞ª»ÒÌMûCD¿|N)ÖÆÎË∫éR
˜ÀÑ››22»)âîZ∏_õmjåS`òí˚ïRàÓWJ·ydB& •J)d&≠çî“—Û∫Z„π≠W<PD¸d ¥÷«ëÃ‰~Pôº@EçÁV
W®Åœ¡Ä†+PÕ–Ãe]·E÷Ãs(4˛ïêâ31ˇvÁÅ<mπZ+`	éááG¿!p\d/rïAóerE\Õ ç+
œ÷(Çf(‚
5ö°ö°(†ŒA@ …¡ó@,@êD ŸÄ‰ô
 çÁ/s$" π"
œOW ìÁ<[& (‚F2π¨ôgÈJGsÉ:ßØ#mj 4Û"
ô( t]!HÄB£—≤—ï¬Ó¡
¶«∑ésø"GËJÅ±A3ó•–Z£µF)ÖR
]„8“Z@@óus√Ój$}ÕçJ†ïB¡·8rø“"J2≠Aﬂ˜t]«ﬂö’_ˆ’¸Ò¸1œÌ∫ÎÆ„≠ﬂ·≠yÙã=ö'¸√¯ÊØ˚fÆ∫Íﬂb5
Ö˚≠¶F)Öà ‡¡0ˆÒÕ|«wÛwı◊0Ò,ˇ«w„7Ûﬁˆa†@)ç6çî⁄ç2ﬂ†âgi\1Ø}ZÉR†Î 	.+.D]◊P\ßh D\íbh$≠%∏„≤“qôœ©#∏∞)ûÂê+∫Æc>ü3é#]◊—ô)ÇÊF–Ä@D@pEf êDÙD@Ê@f!" 2]·yî@6@<'.4EPÕ¿•pÖ5ûS·Åä≠A)PPxNçÁ‘xAö”J dÚ|0´ïÅd€jµ:òÔÌ_Í∫9¿yV˚´iµÜnΩôV•àÆ≠V#∞ﬂ÷„π∂ØoÀ›Ω’Ö›ÍˆòV¡4.ÉA&œW&ˇ¢ÊB3ó5C34sY3/TW«∑Ê\@o¡e„8RJ°î@1/TD êô dB&œí	<áLà‡9drYWxñL»‰Yä†®PT»LÓ◊Õ;∫y«Ûì	≠qYœ◊º+ Ãª¬ÒÌMhµÇ÷†h"†àÀöπ¨î@kç˚u]GfÚ@ô	¿Ò˘Ä!ì˚ç„»8ét•∞Ÿu lvœ≠Î:˙æÁÖ˘Í/˚j˛¯˛òÁˆ/Û“|Úg2è~±Gs’UˇJ)D •Ó˜nÔ˜ﬁº€˚Ω7œÌØˇÏœ¯Óo¯®‘éÁVÃsËJ°+ÄR Zí+&†qYf2é#ô…8ç” ¿8ç ¥÷»L2Ä!ì>Ç>2yñiEk# ==/»∆∆ú3ßés¸¯q˙ægG(2π,Çg)j<?]âH"zÓ—Û@\÷ÃVÄòÁ§FœRƒ≥ôÀö°ôˇtÕàgœºh.Å]û◊å¿ \.ó˙çç€W{¿%∆ ¡s…ÑLà‡yDøC	$œ2é0éPJ°µFkçÃ§âï.ÀÑ±qY&drY&œ!2!" ìgâÄàÄûGfrøR›º£Ø<À8AkP
DpY&/–ÒÕé˘¨„~´ıH)–u0é<KÒ<2ì˚µ÷Ë∫ÄÃ "[`≥Î[cµZ—Z£Î:"Ç±5Ó◊ïBW:∫“0∂ëqË˚ûÆÎxn_˝e_Õˇ¡Û‹^‚e^öw{ø˜Ê™´˛£”¿0‹/3h≠Ò@/Ò2/ÕÛWÛ/˜“<–_ˇŸüÒ›ﬂ tÛM⁄4Ú¸Û|EºZk¥÷x~∫⁄qøÆÎà˙˙û%ÇÀ⁄*î“—ê9–Uû«∆∆úÕ≈Äqπ_◊utÖÀ" ÇÁê…s»Ó◊\xA2yñ»‰≤f.À‰≤R∏"Ä‰ESÄ‰
Aˇ©2œü¯óç\q∏\ûÏÚlC[≠ ‡p\^óá∑óÜ££K¿ ›| x.ô<èL.À‰?GÚÔìÄyæJÅR "»L∆q$"¯◊ Ñ.+‚yD@œ!ÇÁô<á^®R]Â≤qÇÆB)<á^dÛYG◊A)ôê	ô\Vƒe≠5 "Ç÷„8røR
 ôIfp8éé#õ]«|>`GJ)t•0∂∆˝ä
EÖÆtt•`Üa`GËáø˚ª˘„?¯cû€ªΩﬂ{ÛnÔ˜ﬁ\u’Üq¶Å÷˜+•¸º€º7/Òr/Õ˝ıü˝ﬂ˝ﬂ¿Í`ó˘÷q⁄4“¶ëHûCW
])Ù DÇ(•PJ°î¬ıµßØ=•ÓWJ·y¥⁄n¡µ6–W.€ú√∆∆úÕ≈ú√Âä££˜Î∫ÄLûØ"ûCQ†®Ò¸d D,EPƒeÕP≠ÒºêÄ/îÄ‡y4Û|E@&/í$x†‰9òÁ/y˛FÆ∏∏∫pﬂ≈’˘≥O]ù?{q<ÿΩƒª„¡.œ4‰jEÆV#pi8:∫m\ﬁ6.ocX›Ï1Æ`\Qy.I·≤‡≤†ÒØ” »‰≤û•àÀöy6Ò \xë%4Æ(Ü&@<_<KDd&<ó¬s0W0ÑÄÑ‡~çÁÄL^$…s"íÃ †4hnt•#3°l2Ô
#ó©1N#°éÀTx.<K–F(ó©–Z##in`.Î
W$¥(å6;hÜÃ§î¿8é≤ππ…0P  îûNA◊ud&ó	Ä’¥¢+}Ù 47 ˙æÁ~Û˘Äo¯Ío‡œ˛¯œx†óxôóÊıﬁÏçyÙ√Ã˛¡! ´©,Ê™´˛›6g˜k@kç÷„8“u•û≠ ~Û—‹Ûî'”?˜s¸ı_¸ ˝W∆˜}3|¿GÛ˘Ä’ƒsh≠–w¡HÉ, DpÖπ¨M#•v4 •"e*¥©PJ£ë¥ñ îÄ÷˜ã
}Ùt•†∏ s∆iE—úÕŸúyùp∏ld∫Ÿú˚u2
d&å<P35ö!b§πúôQÄ@ó5C∫ (2!Çg*\&† ≠ApÖx^ÊŸ(‚≤f(j<ß$–qE†ä††ë	– ∏, E@& ‚yœf`Z-†–w#´’PÜºè˝√8vœÔó’xë+Ü°çY‹
≥n$ÁÓô8~º˚Áá≤ZÏ¿–Gá±çïÉ˛E\ñ	<K3œRƒøMÚ<ö¯7…L"ÇIº(2yê	ºH"Äà‰ä†µFfrøÕÕM∆q‰ÄÆvº@≠¡|Œ≥∏Å
¥JGkçR
 ≠5ä∏,"†+\÷	E–u„8“u]◊q¸¯q∆q‰~}ÌÈj«8çd& ¿j\–◊ûæˆ„¿êœœˆˆ6 ﬂ’ﬂ¿ü˝ÒüÒ@/Ò2/ÕªΩﬂ{s|kŒ˛¡!W]ıü•µÄR:ä
@fíôå„H◊uîR∏ﬂÍ`üÎ˛hﬁ˚Æ„ªÅø˛ãø ‡/˛¯œ‡´øÅ¯Ë„~ÛÆc5é‹Ø´Ö˚E|ï⁄PJ!" »L∫ÆÉ9å´Ä!Ä>Äà 2ì>z^ÛnŒj\Å†® –ïéÃëf»Ñ[ÉÑà‡π5	…P‘h.<PœRƒ≥4Ûú∆‰Ö Å‡ÖK xëµ÷(• –ÃeÕ<áû%ÇÁPƒeçg1<´x¶âSgñ√—ﬁ∏ì+∞nªÁÄÒ`†≠?y2ÄÃ’
‡∞≠V∞œü]èÁœ¸+D|e¬ÿxô\¡s(‚≤"hZ„≤qÑL^†‰Ÿ˛›"Äq…L˛%IÚoôê	Õ\ñ…eë<èÃ‡Åä
 ÕÄqÈ∫éÆÎßë ÑàÄ÷ÄR∏¨5h "x†÷ ]◊—hÜfûG<KD0é# „8–˜=}Ì¶ÅqÈjGDÇ”@=˜€»s˚≥?˛3˛Ïèˇåz∑˜{oﬁÌ˝ﬁÄ˝ÉCÆ∫Í?S)•tt›&¡˝"Çà†Î:2ì÷¥:ÿ‡Ω?‡xÔ¯ Ó˜¸g¸≈ˇ ÛÆ„Å∫ZËk¸î¬≥¥i " (•¥©Qj°õw ÙÙ‹/3…LÓ7‰¿“U8æyúy?ÁπE <K&öô…Û”à‡≤Lh.‹Ø®QƒeE<K3œñ\<áRx˛@Äπlµ{„·.œO4sYœ°2ì÷˜kÊydrY&œ!gB3hÊ~Ê9%–ÄX]<?Æ.ûÅ±€‹^ˆ;∫ÕÌ›ÊˆÖr¸‘Ÿ8~rü+÷@éœ¥Óƒ©±ÃÁƒ|>t«èt«è˝…k÷õèx1Ä5∞^Dº@Pƒsà‡*Çfû≠5^®H Å˛Õ2ìä^ò$	Ççf»‰≤ûGœWDÚ‹öEÖ˚ç„Hﬂ˜ﬂ:ŒsÀÑq‰äÆÉ÷ †P·≤“qøR
•Ó◊.À‰*• 0é# ]◊—u]Ìßëa∏_D êô Ùµß´ C Ù—”ïé˚mooÛÑ'<Åo¯Ío‡ÅﬁÌ˝ﬁõóxôóÊ™´˛´¥6–⁄»˝ä
EÖR
 ]◊Ò¬ºÙÀΩ_˝ÕﬂÃÀΩÚ+ m_˝¸≈ˇ«77ya2!2°5.Wáå´C⁄4íôå„HkÄR •∫y«sã 2ìà`l# cy†æ¬Êú(3…L äxë5sYW Ç™àgiÊä H.kçµ“ÕyqE/*Çà‡)ÇLû%ÇÁ¡˝‹E‹OÄx∂‡πÃOú‚¯√1ı;tõ€K`	,Å°?≈¸•_yÕ≠;q*7ˆà¥òœá2ü\1tßŒ–ù:3l>‚≈ ®<ó‡Ö+‚≤fûCœ#"xÕPƒeE–¢ PJ°
œGpE …s($œÀ@ÅñçÁ`.ÈAW;0
MçÃ$"»LBAí $IòÁP(<5ÓÇT!y¶Ä¬ê	DÚl—»Ñ(ÇÊ@@
˜Î∫éÆÎh≠1é#ó©1N#]ÌßëŒ£Gä
ayN•pÉ6RÄ¶Ö§µFõ†î¬˝J¬ê Û~ŒjZ‹Øµ∆Êlìà†µ@)Äq)0¥÷ËK4ÆhÙQËõ ¸≈ü¸ﬂˆuﬂ ”
Äó~˘ó„•_˛eyÈó9∆q‰~ë<K&–x∂:Á™´˛ÌV¿äV
ç§g bNfÇ†î@)Ö¢B©"ÇqXM\÷Uÿú√{|á1ﬂ¸n˛·o˛ö˚˛†_l
ØˆjÃy¶’äÁ\a.+VåP5(Q ∏¬ç˚%t=9¥i§‘éR
P»‰≤y-D	 çB°Î:˙æÁÅFèîZh≠<[ 	@Dê9—Ä∆sÀÑhÊ≤¬∏Ä9•pEÚlê@ ¨h∫Ó8W¨xNÖg@£€<Œç	\a.DpY4Û,•2ìÁ÷ (D@&dBœ£àÖ∏"∑¸v¸»	Æ;≥:`–›s÷ÄÅÏ^˛’‡…Ì„/Ò
 Lù7û©lÕß2≠F Á7ﬁ<v%\˘W(Çf.+Çf˛Eô\Õ\÷ÃeÕ<K3/∫‡ŸíÁO@Ú/
Ä$π_D §ì HíÁñ$Ö¿82GÃ∑NÚØë	<_Õ\¡≥å≠PJ°µF)ÖÕÕM«ÄÆv tµ#[“ïéÁK‹∏L" π,"h≠–Z£î¬çm†+ ÕçÃÑÑà†îBkçÃ‰~• Zk ¥÷(ÖÁÒÚg|€◊}˜{Èó9ﬁ˚É? Ä÷@fê	≠q’UˇÈ2ì** Dô…˝∫Æ†12N\v∏ÇR·ﬁ„ΩyÏK˛5?ˆ}ﬂÕ7|ŸóÒa¿+º⁄´Òê<áÆõ”˜s"Ç˚p„≤6PÍúúJÌ hçÀ"x„42_ÃŸ‹‹dG^êÃ$"x†Ê	–œ°Ë
åÇ¨5à‡≤q‰≤(Z„ŸÇÀJÈhm§µëR:˛#A)<á"hÊYZkD•Zk<∑ûØ»‰≤f˛%	¥ù?≤m?¯¿Ój7Å∆±˘‡G0`Ä˝'ˇµ∏¬ÄsE&`FÆ†ÚØ–E–Õ¸ã"xæä†ôÁ/y·ÇÁ@Ú¸êº@Apø  »L(º(Ü·àq<dŒIûü.À‰≤LûG)–PÕ\VÕê…e• 2ìÃ§Î:6779<<§çÄqπ_<áLà 7û%⁄Í »L ∫Æ#3i≠PTË£ßèÄÊ@Q°îZk îR(•–Z#3È∫é*• ç˚mü8Œ¸∆ÔÒm_˜‹ÔΩ?¯xÈó9û[)Ä¢F&W]ıüflçÆ®î@s£®êô<?}Â˘z±ózi^Ï•æö¯Æo„æÏÀ¯0‡^Ì’ÿﬁ⁄dˇ‡êg1ê<À0¨x†Ã$"(*\÷F.+ mÈÊõ¥i$ßÅÁ÷’éæˆ lŒ7)•0é#/HQ 3y†¢¬˝äxÕ<áLà‡˘*ZÉR∏,∆2!ÇgK ∏¨îéq<6)ÖI£ Ph A3ó5Û,Eº@ô…˝2ìÆÎ¿¸KÅ2°5ûØ
œ¥wÎìÿªıIhcPJgÆ†’ΩwÊ=˜ﬁ	ê L†	4ûm∆ ø "xñf»Ñ.À‡9DrY&œ¡eE<á"û•äÄ‡ÖK x—$œ£P h4˛5Ç‡~Iœ≠Î6yA∆E<áf(<[k@@&<K3åçhG∫Æ£Ô{J)å”»8çtµÛº"@‹x*<P◊u D≠5˛5Zk îR(•êô¨V+∫Æ#" »LÓ∑}‚8O¯ÛøÊ€æÓ∏ﬂ|ƒáÒ∞G=Ç LZkå„¿8A)P
óµ∆UW˝áÍJ·πµ÷(• –‹(*DIíôDô	‚Ö˙∞O¯˛ÏU_ïo¯≤/„√Ä˜xß∑„Œ{`ˇ‡êÀƒƒe]7ßÔÁ t•£π—‹ ( •Ä6RÍú˚EÌ)4Z„≤R∏¨´ˇ¡ÿF Ç+2°+–E0HË
å(h‡j‡@)–óut¥∆UJGÊ@°@l‚*4öyñLhÜÆ|A„9ïRh≠Ò@E–ÃÛ»‰~‘Ã<¿˛≠OÊÖ`¿Ä© $\—Ä& ÅπÇ Q‘ ∏¨àÀöyñ"Hw 	@Q£ôÀö°Tûó°àg3 Û/˛U
Öjj‹Ø∏–≈–ƒe!«ëR
ÊYí$Ç‡~ç@?;ŒeÊ9D·≤‡Ÿ2π¨$¡≥D2°" 
î\±Z≠Ë∫éÆÎ(c°MçÀƒsH7.s†Ò n†`G "Ç˚u]«8é D˜Î‘'û•U(* 0¬jµ¢Î:∫Æ`GJ-D¢ÖÄ?¯çﬂ„€æÓX≠VºÙÀøÔ˝¡ @kÄÃ‰~Û˘Äqin¥∆¨xñi≈áGøÿãÒÑ¯ é?ŒÌÓÓÚˇ…ºŒy†’¥‚~/˜JØ¿ùœ∏ù∫Á‹=<áâˇ>å#04˙~	¢•.3ó57•2ìà`ÖòV<–Óπ]Ò®„>˝≥˘≥ﬂ˛mæ˙Ó≥º˜˚ø7õ[€‹˙Ù[ô/Ê‹oﬁœ]hSÉVà¨V+∫Æ#3âJôsøF°"†Î:2°µF)\÷’éy7ßî¬œ!`l#]È (i≠—	2Å,W¥D£ä†+\! Å¬jå"ò+Ç+Zëî‡ôœ!ìà  3)ê…eçRxÖ∆sãÄ‡ä"hÜftäxñR
A3ÖàB3ó5Û2y E‡LÆ®Ä‡ÅÃ¢¬ôó~5xúw  &ƒ≥µ’ù∑3ø·Äåäπ¬@+n0–ÜªÓrÂÖh.@†ôgâÄ".íjÊY∫¬sh@·Ã‚
ÛØì@¬ê<_M(4Ò∫Æ#3ynA@Apø®¡∏à îZ4CWxñ»Ñ.À‰˘ Ñf.Î
A3œíIkçR
ôIfp¸¯q«ëYÈ(*d&≠5û[)Ö÷$DEÈ*åW4û≠ÉNôI)Öà qYNI‘‡~ﬂˆuﬂ ¿Kø¸ÀÒﬁ¸‹/3â∫ÆcGZk¥÷Ë∫éà†u˘·≠ﬂ·xÙãΩ?Õ˝)ü ¿ﬂ˝’_«øˇ¸≈ü¸ˇ_Ω‹+Ω/˚äØ¿ÀΩ“+pÎSnÂªø˘õyÔ˛`n}ÍS˘·˙>˛ßÀ)π_)ÖÀÇÁ–Z†ôg)ÇR
≠5û€ç~07æ˜{Û«ø˝€|˜∑7Ô˝˛ÔÕÉÚ`ÓπÁ Ê≥9 mj ¥©PJaG∫Æ„_°éqÿúoRJ·Ö…L"ÄÃ$"x†÷†˛’2°hÜ±AW†öyñ" íÁ+Ä‰y¥∆s»ÑR¯WD∆¡s ÑûØLà‡π9°f˛Eõ◊›Ã3’’|^Å
t L+Ä‰ôVwﬁﬁÊ◊ﬂhÓWÁ 	å@2≠&`‚
*ˇô@pÖ¯◊1Wò+òù‰Ÿí.yëCœ!3	/™R‘¶FîBpE&D,ô¡ø®àÀöy…ÿ4 ]◊±ππ…8éÚerY „8“Z£î¬˝2ìà " °πA¬Ëë¬sI xñR
 ≠5Ó5»)πﬂ∑}›7 Òa<ÏQè‡Å∫Æ£µ∆8ét]G◊uå„»8é\f˛«xÉ7~˝b/¿£˚Xû∏«qøóxôó‡%^Ê•˘ÄèÄø¯ì?‡/ˇÙO¯ã?˘3˛ØyÈó{iÊ˝&/˝ä/¿Kø¬ÀÒ¬<¯a„ﬁ˘¯±˛1˛ßÜ •Ãπ_‘ Ä 
–†îBD 5Ó◊¥F)Öà 3i<ß◊~Ω◊Ê÷ß› oˇ∆oÛ⁄Ø˜⁄ÃgsVÎ´ı
ÄR QÄRAf“uòÁ¡ÛËjG_{∆i§µFﬂ˜º0ôID ®5(JÅ÷†îéq<†+Öfûe!"`°	∫E<á"˛Uä
¥∆e<Kk\V
œWœ£Ç+∫ô<èÃÑ(A3œ#ÇÀ"∏,ìÀ"∏,ƒ‚˘∏ıó∏úyÈW+õ◊›\∆›≥5Ê †‘¿ ∞∫Áû∂∫˚NVwﬂ `¿ec π"9⁄„ô¶√ø¯≥©Ú/»‰≤»Ñà‡_‘hÊ_f˛ıHÆû-y^$@Ú5A14qYDêô$I $I¸kÒlô\¡î	Õ\V\ñ	<èR
 ≠5Ó7é# ]◊±ππ…··!œWœ“F†–u „8RJ·Å"íÀ∫“ëm`ò†Ø@ 	œRJ†µ@©ÖR ﬂˆUﬂ¿_¸…üÒÒaº‹+Ωªªª<PkçR
•Zkd&˜+•–≤Ah¸∑yÿ√∆√˛0^T/˜JØ ¿ÀΩ“+ ≤Ø¯g å„!∑>ıVn}⁄≠ ‹y€ùå„»ˇT◊]w˜{Èó~iÆª˘: ^˙Â^Ä˘÷q˛%~ÿ√∏ﬂãΩ¯ãÒ∏ˇ˜ˇ¿ˇ„∏¢ÎÊÙ˝Tà<KpE„9d&œ≠àÀZk¥÷Ë∫éfû«É˙`Ów|˚8ªÏ≤ZØòœÊ¥÷(µ@• ∆q§Î;Ó•pYkê	ÛÆß´ „42é#}ﬂÛÇ47 Ç‡~@QÅ22é0é<”!„»≥t]°.ãÄR†5h∫œ“E–Õ\Vx—åm$"(Z„≤ûCk@ äœ≠àÀöy°"ÇÃ$"a»ÑûG&DpYd"ûóÊyÄ≥˝“ØFõwXƒ|c∞∫ÁûÙ¿∞˚◊]Ä‹˝ã?ÛÒó{ ⁄Ú  b≥Ò áÒg TÓWπB<ß$@Å§In<ß@3W∏ÒØí@¬%œ_ …≥ê\ë<S·95Ó◊òg	2ìgœ%y∂ÅF!‹ØôÀä∏,ÇÀ2π," "∏¨ôÀä ¢pø(j4sY&Wd„~•(–≤qŸ»eõõõ∂Cb…sh*‹Ø9È !Ç2Îhô\ë\—àÄ±A–ËÍúÊFa§-c°AW:ä
 ≠5J)
L\ˆÕ_ˇÕ‹Ûå€˘‚Øˇj vwwy~∆q§µ∆|> 3h≠1Øs(0N#Ö9ˇ•*óΩ≈;ø „t¿√ı`Óπxñ˘¨`µ(Ü»Ñ÷†.{ÂW~JÍúˆ⁄#9DÌy‹ﬂ¸-ÁœûÂ~ø¸ÎøÕÌﬁq¥öVº0Û˘úZ≠Vº0◊›tt|Î8oˆo∆˝∂Oms›u◊qøyùp8é\6é\•¿¥‚~«∑é”<2_t4è ÏÓ6ﬁ‡çﬂZ‘'?ô’¥‚øSîŸ&D∞öFÊ]·~• (@
tµ£µ@Då„»≥î¬˝∆LJVÎëÆÎË˚û{Óπá„«∂9~‚8ªÁœBéî‡∆˝
WîÄÊébûS„≤îÄÌÕmV√ä’∏†‘¬–J- î÷ àË…Ä¬ç4 ` Z„
.ã †ôÁP
óïêçR
 E\Vƒ≥ôÁRx∂Ä "
 ¡Û Ñû©–E<èfûØ»ÑÃ‰Å:Fh¿4@Ì°t<Pœ#ìI ƒD–Óìˇ°+◊?x{~™–ñ´„ Tñ„˘ÛááO~rH`8|“Ëwv˙Óƒô–V´pi‹ﬂ-áwﬁT \y$œ)IÇ †®—Ãeô¡eEç˚5Û¢^t¡≥%œ<[pEÚ,≈–ƒäR
œO3œ!ÇÁkl\V<á¢F3¡ÿ∏¨+ê	Õ<[Ú,C Ù—sºgµΩ‚pˇêÁ÷∆ë“u‡∆e*‡∆2Ø06HF ÊuŒÿFä
}Ù90∂•J)<–7˝7—ü˛…<?Õç¢B)ÖÃ§Î:ZkîR(• –ZcúFÓ◊◊û65˛´ΩŸ[ø5/ÃºÔX≠G ∆JÅÆÉL.ÀÑqÿ•‘ÄúÒb/∆#x∂W~Ì◊Ê9L+˛˙œˇö˚5ûC‹Ô/ˇÙ/˘áø˚^˙Â^öó~Ÿó†e„Öyπóy9^® s8GûØL»Ò,á´Cnº˘fÓ∫˘fû€C˘Hû˙‰'Û?AkçÆÎ hS„ÅJ)<PkÄà‡πïRh 	j…≥Ùt]¿0 Ïû?ÀÒSp¸‘VÀCV´/H◊ç‡é√√Cééé Ë‘p›ÉØ„~´q≈Âî‰îD∫“ì9ê9—CÚ∆÷ë<P)ê…e-2†2!Ç(3(•–Z£î@3ó^àH∫¬Û(Z„≤RxñLû%ÇÀäxE06.+ÇfûCDêô‹/ßÅ®=ˇ
é@ ôº 	†;vºzÄ’˘ÛßÁßNùœü_.–ù:pƒ0–ÔÏ Ù@Ï «ÄK<S∑}|ŸÔ†Ú/ yNA@E–<áÊBQ£àŒ<[¡<[¡¡≥%<_M¸´D ôIí¡ã*"†öyÅ" ìÀä ÇÁ—\ÄF34CóE@ c„
sÖ†èû!Ü  ¡Êˆ&á˚á‹Øç#œA‹ Ë#2È#2π_3ó57∫“—‹à2ì˚u•#ß$3È∫é˚}Û◊3{¯√xÉ7~vwwy†±çD Õç¢¬˝J)¥÷»L J)–`òÓW(¸Wz≥∑~kÒËGÛ¸‹|”ç ¨ÜÅ˚E∫ZÉL(ZÉ6çî⁄Ò¢zÈóiû•Œy”ä˚Ω‹+ºˇjˇ*}C&} -ìÀZ„≤ ≥ÙµFn∏Âû€√ÒûˆàG˜w¸wj≠0é#]◊Q( Dûe
óç)•º@ë†@¿ê…ê…<ÇÁ∂{˛,«O¡|±	ô¨ÜÅÁ'3(‚y?sú˚≠Ü/HN	ÖÀ"z "ÇÃ$3â"íQdB)t∆]·yAô	@fí"∏¨hëº ≠A)\÷î¬Û(Z„9dB)–E<K3œ°öπ¨prøÃ‰~Q{JÌhÊÖä@ô\≠aÆ0/@wÏ8õ7?∏/ÌvNœOùz‘¸‰…S ®›5\∏pˆ'O2‹s›ˆv?ÓÔw¿fw˙Ã±˛Ù5.ÁÓc‹ﬂ˙ù„`	P˘$œ+I Ç‡~E\÷EÄ¢@3ÒlÊ
ÒºÇ+òÁ/yN	ê\@pEÚÔñôD˜Kí xnm)• 3π,
 ÕºPcÉ"(Ç^®L(Ç»Ñ»‰ä¬	9¸Ìq∏»|kN∑πIÈ:û≈çI&D Y»L∫“ê$Cåm§+]◊—Z`µZÒ{ø˝{<Ï·„ﬁ¯x~∫“—‹»L"Äà †µF)ÄqhS£Ø= √4 px∞œÊ÷6ˇŸ¸ÛàG?ö‰’^˘8æΩ…j=≤Ê≥⁄»˝2π¨û%∫Mrh”H©ˇ€ôå≠–G@dB◊qôG∫⁄0L/ÃºŸõq∏øœ≠∑ﬁ ˇ≠5J)D J-PÅ∆ä ô	@DPJ°µFkJ·2P„~}C&„8“u √0–Õ
 ªÁœr¸Ãg ´a`µô◊9tÁ∑pÊÃ677A0ﬂúÛ¢€! Aœ˝"Ç±çAQ£πØÕPƒÛà2ìR
• öy—dPJ„~•,•@k<K)P
åçÀ"xñ±qYW†(ÇfûGDêô D„z$jO© E–Ã¡	0 ¿<WÙ Ûì'OÕOù:∞∫xv∑?yrÿéx¶n{ªNÙßØyPw˙ÃÉÄK „π≥”∏øªÏ∂èPy.iûCûE<áF·π5ä˜+‚94†àgœÀÖ+$@rE/K Ä  °úÖÁ‘xÜPÄA(»Lí$"»‰≤à†Ã6π_D,…≥dBœí…≥D^ò±AD@&@!öEígKÄn ¥÷∏ﬂ∆Œá„!‘9ES„≤¬sh@â†%Çà»L Zk`Æ(.îZ(•–÷çBÅ	~˚óôGø¸+Û‡Îésx∞œ—j†´Öj≠QJ°î¬8éPJ°µ¿8éD]◊ëô¥÷Xç+"´qEôw¨¶´âˇ4èxÙ£y≥∑~k:ÒúÍúqÿ=XÒ@´ı»f◊—"àÄú •pYs#J°Qh@ß∆e&≠5∫Æ k«0%„‘ÿúw¥qÑ÷†Î†J) ¥÷ (Í 2(j‹oMÖÆû•@¡ê…eŸ»ÑÆ„≤¢éjJ∫(Ù 
D “0N# •vÃ+Ã˚9˚˚á\V°Mçq5“Õ;^Ïe^ö[Ô∏ïgô¯/≥ö†∏ê$4(*‡≠Q
0ç¥©cúF::6ªMFF(3π_)Öñ@® A„~=]Gfrø’™–Õ
 ˚{ª∞±√ºÎ†¬ºˆ¨Z„ÅÊÛ9õ[õú∫ˆóµú†.‡FQ·~ù‘¶@a†´ÖÊ †® –( .k
ÄàFfRÇ+t¡ÿ†ûC3î(
L@Â≤"û-‘¿ÖÀ‘hÊ≤R ∏ Äœ!
ckD@óE@&ó5CîÕ06ÄÑ(Çfû•FP°®ë<ß6çî⁄Ò/0 ¿<	ûiµ®à:Ô£t}õœœå´1ªëÄnÎ¯iŒÌﬁË€l≥≤uúvx∏	;\µkŒlù∫	8>Æ⁄P‡›¸æn>ﬂ…’j˛≈ÖÁ'˛≠ä†ö°ôÀöπ¬\xæ^∞ HÆH π"Å Ç≥  à ∆q‰Å"Çà‡_¡≥drYW Ç*s  ÇÀ"∏¨π<Ps7.S·Å6õ<¯¶s›u«9~|ì®ç<∑¢@D–u]◊—Z£µFkç˚u]«˝Óπ˚N^˙Â^Å_wú√’¿∆ºßÎ:∫Æ£Î: ∆qdG ∫Æ`G2ìR
Afíô îRà 2ìˇ*è|Ù£GGûeG∫Æ`GVÎÄyﬂp8é Ù tóµ∆sË
óç„@)ÄÆÎ(•êô‹ØØAWóutå#¥FD PJ`»†è‡~„ÿ Ë∫BW
‘G –G–GpøqÑqÑ!ì!ì˚ıÙ<Pk–dÚ,•vtÛMû[õ •rJÒ®GÛàG=öˇ	∆i§5GhçgŸúo≤9ﬂ‰˘â"Ä÷Dpô∏0é#D¡˝˙> X´qdﬁuÃªé˚mŒÁlŒÁ<¯·ÊÃugx.<?≠5 Zk¥÷∏ﬂ0% EÖ˚e&ˇ¡˝"†ôÁP(Ä C3œIçÀ‘ hÊ≤"Æp5P®®Ò‹ä†+\Vƒ≥Ò/äÄ¢FQ„~›|ì˚ï⁄Ò/œ&@Äy—Õ6ÆπÓ$p8	Ï ;¿1û”6p√ÊÈ3◊[¿u¿ı1üüNq¡øR‹/I˛≠ä†ä∏¨àù‰ä‰˘¿ÄÅ‡ä˛Õ2ì˚ïRh≠êô<PfÚÇdB&åçÀ"†àÀä/LWx@Q!3y†¢¬≥∏Ò@áÀCË¯ÒMÊÛûID‹J)îR (•–uÛ˘ú÷˜ªÓ˙πÓ˙9\ç<Pfíô‹ØÎ:∫Æ`GJ)t]@kçR
Akç÷ • "Çˇ
oˆ÷oÕ#˝h J·9t]@◊u ¨ÜÅ˚Õg])‹Øè †û•Ë˙ÄÆ@◊ud&≠5J)¥÷à 2ÄÆ˙SBkP
îôå„»˝∫Æ£è`»†è`áá#˜Î#Ë#Ë# 2y†R†Î†Î†Îxñ!ì√qd»d»`»§5.+Z„≤R;¢ˆº0QÉ˚ΩŸ[º5èx‘£˘Ô0N#á´CÜi‡~•@&¥∆e√40N#/L)ÖÀ⁄ô‹/3È∫Äà‡˘◊çaHÜ!Yç#´a`˜Ä3«èsÊ¯qŒ?Œô„«y°‘XM+ö@)Äq…LhúÕÄà‡_´î¬˝äx·H»‰_Tƒ≥©qôœO/≤û•ûCœ“\h.‹Ø‘éÁ'ìÁfû?Û¸Æò`úNnûπÓƒÊôÎNî„«y>∂ÀÊÊvŸ‹‹∂ÄÌÕ”g∂7N_≥ú,Û9e> ¯WJí˚@°QhEç˚5ö˘◊Q5^®Ç+ÇÁ\!†pE ê@od&˜+•‹2ìà‡ÖiÜ"à‡y5(s s‡˘€»øHT@Ö˚m.6ynÛy«|±…Ó˘≥Ïû?Àe*<∑ÊFQ!3i≠—Z„~¡˝2ìIDd& ô…8é D„8“Z#" «ëÃ§Î: Zk¥÷»L˛+ºŸ[ø5èxÙ£y†Rxæ∫Æ„πıÙô<P)–…≥Ù•∫Æ†µF)ÖR
]◊—u „‘Ëjasﬁ@k]@kç˚u•–GpøÆ+?>Áπu•–G–G0d2d2dÚ‹˙˙6ªé„Û9}} }•@◊AtóEÌy†˝˝Cû[NIõ˜{‰#ÕóÆvÙµß´•@œcòWá‹/3ynê…˝2ìÃ$3«ëÁg\7Ó∑G vÿúœ9\≠8\≠xë\¶.ä
/äaJ2ìE)Ö˚µ÷∏_3œRÕ–Ã¡UƒÛßj‹Øπ¬dÚ<äxEPƒs(j5ûüf.+ÇÆÇ0`Æ`^t'Åì<ór¸8∞l[õßœl[¿u¿)‡$WPπﬂƒ]„~ê…ÛàÄ¢@34Æ(ÇfÄF3@
ÕP‘x˛
–Ä¬sWòÁºhHÆ Å‡ä‰ôœAÄbhÇÃëà 3œ)∏_&¥6RJ·óuä†πP‘ ÄB„ôƒnD2yñ"hÜL(<ì çÁ√ç˚çm§+Õç¢4† ò]Ìÿ?ÿÁ“.Yz∂∑∑π_·¶F)ÄæÎhjP
 „42¥Å±çê@ #††îBkÄÃ " ∏gwóy◊1Ê]¿8éîRàZrYÀJÅ÷≠5Zk0Òl”äˇHèx‘#xƒ£Õ˝JhDÙ<K&}])∞ZQTËJ¿®FW∏¨+Ö’8Rj·~•@kçf(*Dê<P°@•Üi†MçæˆÃg–Z#3	]Gfêô$I‘‡~AGf“Z£Î:rL ∆)π¨@\÷Z£∏Ò@(•0:âB\ñô\&(•0Nç˚Â4 0üœ9úÄ ≥î©–‹h4®∞öV ‹¸∞Û÷o˝÷¸Ùèˇ4ˇe¶√4 –h¥©±Y7IÇR:(@,ç‰ä‡≤ÄR
	4†®—\ (A ])å≠Q∏¢î@·Ÿäù: ⁄4∞xH∆q‰9$`†4ûEç »L2ìà :öGJ◊—É∏,3 àê DÅlçÆ|µ÷(•PJ·…âÀJ«så	]T¿çÁ°∆Û*<ß@Q„Åöy<èfûó
˜+≤ëôD ©élEPƒ≥4ûW„9ÕBÄπ¬Ä∏"(Qôœ{∫ûyùœ bõ’¡·Ë®s®hÌ`wì öJﬂ;†v[õ≥√KÁkø≥√∏:Dm”jﬁ¡&ÖK¡ã®ôÀö!∆ÕPƒøS
œ_Ä‡Eó@…¡≥/≤&.ã(3yA"íR
/H&óuä†ôÀö/H&dB3œ“ô–Ã≥ÆvyaöcÈJ«˝∆6“x∂¬7^w#7^w#˚˚ÏÌÌqÁùw≤øøœsÎfs®õo2N#„42L„4B·ä»L∆q†îBD@◊?ŒºÔXç#•∫Æ†î•„≤“qøR
]◊ÒüÌÕﬁ‚ÕË:(ÖÀZÉàû˚ï“0d2∂∆ÿá´ G´œmﬁu¥÷ à ∫“QThn D ]◊—u √4 –’Äæˆ ”@kçR
]◊qøÆÎàZk å„@)Ö L¢QÉ®@kç÷A)ÖàÄ÷FZh≠—ZcG∆q$3i≠—Zcòí√’»0%√î¸KöôIW:∫“Ò@◊=¯¡<Ïè‡øRN…∏iS`òÜi `úFûCÅ>Ç>Ä!ì!ì±5ÜL ö˜k.ôôå≠d&„8“ZcòxñqÇqÑLû√jyæƒ	0d&/™à‰˘4C3ˇ¢"hÊ≤fà‡≤÷†5hçÀZ„jÊy4Û|5Û2°àg…Ñ±A&4C34C3qYœÊn<PDêôd& ¸kâg/∫œ4øÓFÊ◊›»øB«¥ıä∂^ºô<Kœ°∆´	2π¨ôg)Ç"(j5û/† h<[„YH˛e…W$ê@pErEpE|Û<"ÇIf d&î…e]ÅLhÊ≤¢FQ£π¸DpYW ÇÀ2π¨àg9æuˇíÆt<PDPÄ¬çg€ﬁ⁄Ê∆În`ü;Ôºì˝˝}û[©›|ì®=˜;\Ú:`≈e]◊ å„@Dêô‹oﬁu‹oG "Ç÷œ2rø÷ •˛≥ºŸ[º „≠A)P
d<PA¿ê	¿—j≈·j≈·j≈Ó·!´q‰~Û˘ÄÃ$"(*t•c^Áåm$3È∫éÃ$3ÈjG_{Üi`úFû[f“Z£µ∆˝ZkîRË∫éà†îBf2é# A◊u<P©Önﬁ—u•2ì˚µ6RJ«|~úÆÎ(•–u]◊–Z£îB◊uÙ5Ëk–◊`sﬁpx∞œRTËJ@fÚ‹ﬁ‡ÕﬁåˇJQÄúí65∆i‰~]ÌxA:˙ ÜL˙Óó d˜22à∫Æ„i2!ìÁï@ π"Å‰äË)Í∏_DÚ/)‚9îRh≠‹ØàÀä†à‡≤R†.+ÖÁ§¬˝äxëÒ"†ôÁ¡≥dB&4ÛÇπÅ˜ã ö!ìÁ´®Ò"H˛}é; Â¯)®ln–ÔÏt›ˆ6›ˆ6e6ßÃÊîŸú2õºàö°ôÀö°äxñL»ÑL»Ñ±Ò/s 
Px∂  ¯óœ)Ä Ç+í+ê\ë<_M¸õD$ôID 0é#„„»e<K&œ°®Ò¸dÚE,„¥bòVÏÓÓÚ‹V”äÃ‰π^òÌ≠mnºÒFnºÒF ÓºÛNvœ›√∏^Ò¸å´CWá<á4ÆûeG 2ìÃ†µ∆˝Ê]«˝∆q$3y9 PJ!3˘œÚfoÒf<‚Qè‡πE@DOÊ¿s2ŸÏ:Œ?Œô„«9s¸8 ´qd˜ê›√CV„HkçÆÎàû€ºŒX≠V D ]ÌÿúoÚ@õÛM˙⁄”uôIfPJ·~•J)t]G◊u å„»8é t]@N…∏(•–u]◊î“—uõDÙ¥6íô¥÷∏_)ÖR
¡˝Ü)9\çåS`skõç≠6∑∂9u¸8œ≠π<–ÍÄ7x≥7„øR©ÄR4N# $W4ûet†è†è`»†®—ïÄà†è†è  3)•pøærŸ0AWy—HûS Ê≤à‡~Õ#˜k(•ÒÇD@ÒBïRxAJ·_Ê∆øW3œWœW&dB&œ¶*‹Øî@fÚ@E<áÊBs·0œ&ûÕ¸€„E‘÷+ûâ ˝*/Tó5Ûäxñ yñ÷ÄÄ"^à∆%hÜ"ûC3ó^D¡‚Y∆ıH‘éÁ‘xA"Çt˜K'˜ÀÑ÷V¥‘*è Dóe!∏¢àÁP‘xn…s ‰≤ÆœRÍúS«Ê`.k–»ºt<∑¢¬Ûp£EÖÊ¿Ò˘ú„Û9«76∏ÛÏYnΩı‡ÒËGpÍÙ)òV@cGZktÊäq§$4C¥
òg)• å„»˝öôIW:P£•+47"Çπ†)«¬˝Zk ¥÷Äˇë¸Ûà{T
œRJÙ–⁄‘ (¿√˚h6∑Ê¥õ[s6∑Æc<\qÁŸ]0¨÷÷çëë˘ÊúÀƒsò˜sóá¥÷h≠Qj·~]ÌXM+ ⁄‘ h# $4 
≠qŸfôsøy7g’≠x†æÎ°É√Â!m’ò◊9 Û˘ú’¥Ç
•v<À‘à`ÿ?ÿg>ü–Z`>ü”’tlnn“©ÉÆ„~Û≠9/ˆ®áÒˇ ÃÎú÷ 3i≠ëÊ≤÷`>€V<Ï7s˚ã=ö[üz+´’äˇLÖBz S J(]WÄÇ+
‡$"»L Ç †¥∆e• P∏¢@–ê0é#A)Ö∆˝¨@Ì(Ê≤÷†(NP£MçÀú‹Ø'Ä¬ê–át@Ò»§®—Ã≥E°π@çF†+\VƒeM–h≠îRhÜ"ûG)–E<KTÆp  pp„Ÿ
–xQA3/¢Ä÷ÇÀäx@3D<ä˜k.º H† ò+ÑQïû ï‘˘¸x¨Í\Ä€¡·6 †€··H9ÓÓ3ÓÔªµV©‘÷Z°ñ<ó^†f(Ç"û•öπ,ìÁë	Õ–Õ¸õÒ,Õ–Ãó\ë<ß‰Y∆ı»·˛!ô¸õ$…˝"Çà‡≤⁄Ò@@fíô<Pk–Õ<_Õ\¡eô\¡eô\¡eE<[®Ä
œ¡çÁVT(* 2ì˚monÚË?òG<˙ú:}
ÄÛÁŒsøa«ë˚Ò,]Å"ûCDpøÆÎ∏_Q!"€HQ°+ EÖ±çå„HfÚ@ôIkç˚Ú·∫ÎØ„≠ﬂ˛≠y†Rx˛J·πùπˆ ô∞ZqŸˆÊúG?¯:n<súÌÕ9ÛÕ9ÛÕ9˜õœ:Ê≥é˘¨c>Î¯ólŒÁlŒÁ‹Ô‘â„ú:qúS'ésÍƒq67Á ≠8:Z±ø<‰_r∏<‰π≠V+˛%€[€<–|>Á¯Ò„?~úÕÕM∫ÆÉÆÉL»Ñq‡Ãô3ú9sÄ÷ôIkÄ.+ÖÁ⁄o⁄¸Whm§µë˚u]·94 π¢qYfDœ£5û%ÇÊ∆EAfrøÆÎË∫ÄàÄR†5ûG@¡˝˙‡≤ÆpYs·Åä∏¨àÁ–GpøB£–(ÇÆ@œ“ÃeE<K)ÖE3ó5C&W®Ä
œ¢ * 4^êfûCœ°" 2!ìÀ"xæ2al–Õ\VJ·~Eº@ÕÖÊ¬Û!ûó¯∑9„9Ú"hÎC*/@dÚ/*Ç»Ñ y°ö°àÁ—Ã≥dB/P4Û/˛”AíDô…s®¨°ˆ–uD˜À‰≤ûC3óÒ"∏llP<á»‰˘*ö
œ¡çÀ2! ®πPTàû€©”ß8u˙˜ó˚røL.K HhÜhçÀJ)¥÷à2ÄR
≠5 ä
I“‹ÄÊFW:rJZkîR h≠ ¥÷ ÿ‹⁄‰?¬Kø‹KÛÇ¥<[óµ¿ãΩƒã–óï´ÃÁ\∂Ω9g{sŒ
XÆ òoŒôÛ\Íú3ú·py¿∏y†qZ∞9üsøÛwyñÄ££˜€;:‚Å∫Eaµy∂˜€\l≤ΩπÕsœa>õÛ@´i≈ã$2πﬂ5◊\√Ÿ≥gàÓ◊≤–œ„¡{0O¯á'ü)s‡~≠çt]·9^†q)•<ZÉR ÕÄ¢Bf å„H◊u<P&œ°MçòÄR¥F¡Û”<ß±AWx}])4ûS3óE@&D@óE@„9A3qY3qYå.ã T∏ÃTxAäœOó5Û,Õ<KóEpY&óeÚ,A)Ö÷˜À‰ôôID Eº@EçÁ÷Ãs ˛}éu'ŒÏÆŒ›√˝ Ê&¿–mm”mmWû©Ã6…·à ô¸ã2π,ÇY3dÚ,\Vƒe•<öyñf.+‚
Û¢	˛ÎL#L##˜+• ÄLàÄLà‡Yöal<K4CWxÅ" ìg…‰yπÒ"@ÖÁVT∏_fRJ·ÖÈ∫éÍ
å" ì®î@)Öq(•0LEÖÆtÑÄàÄ‰≤à†µ@kç÷ˇYÓπ˚∂èos„M7Ú‹JÅL(nP
 å# gÆ=√ôkœ‹JÅ˝√ €õshæ9Á˘9\∞πÿ‰≤œiZÒ@ª+ û¸‘[8~¸8õõs W¨¶˚ÀC∂õ åó˜;~|ìÕ≈& l.6X≠VÃÁs˛=∫ÆcG:qEk\VπÏÃô3ºÿãΩOz‹ì h≠êÊ≤R†5ûÂ÷ßﬁ Öàû÷FÓ7éçÆ+ åc£(<èÃ§Î: ∆q‰YJÅ÷†5(ÖÁ'3â2ÄR
≠5J)D@&D@œ°MçÊ§è`»§è‡ÅÜÑ¢@s ÇÀäx])<?E–ÃTJ°µFkçR
˜kÜ"»ÑRxñÆ@3Òln¸GiÜ"hÜLà‡9D@&ó5C·ä÷˜ãÄLû•µ@DPƒT‘x~ä0 ÄëÀˇ„≈≥<¿!p»GÂôÊ<[dÚ" íÀ2°	ä∏,Çg)‚Ö*‚≤fûel<è%!ÇÁ55.3ÃÁs"îô¸Kí‰~È†µF)Ö‚BkÊ«(•Çdô<K–(NZkîR@]·˘ä‡yåE–h *<ãœ"ûÕ<áÆt4ûSß¬çÓ◊JG«
ÄR†Q»i †´=„‘ (Çfh≠qøà†DÅ Thjd&	ôI)Ö÷•ò∏,[“¶∆8Ò,´âó›Kª<˘)∑≥{i≈ãΩÿã–âÁTÁ\f†éoÕπÒ˙a‚≤Òl≥9„8≤øÈ∫Ä&.;t£èû˚¡8éÏÔÔ”uEÖÆt åm§ôÀJ) ÃÁsnº˛:676πıˆ;9æ5Á~«∑ÊÃÁ«yuŒ˝Œﬂdú˜[≠V îR«ë˚EôIDpøÃ‰≤∆ÛUJ°‘@D êô¥÷òœÊ¨÷+∫ÆcG®œ2å+F¡=w‹…=wüe˜¸.ˇŸ2û[Ü•∫¬Û’Z†Î:2ì÷ %ö¥∆˝J)`û%3âòV¿úR
î	@Ã≥u4CQ°ä∏¨ä†tsö°pEõ†Òl•5ÊÛ9˜+4öA3Ò,ê	•pY$•t<P¥ç+öπ¨àÀä†ä∏BÖÆÒ¬4sY4C3ó5C/Èx†  ∏,Z)4†0ÒB5
Th4
W4 ÒúÇ+¥ÕUÿÆÛ\ïn¢Œa67Ûy…ú∞4†ßí µ-ÕDb<ÓÔC£`6òò∑’·åF_y" ì™äxëE@œW3óqY3œRƒÛE–E\÷E<áLàÄLÆàDû[D‹2Äà‡Å2ìà‡πïRx~"ÇÁê…ï	ºP06.+‚9†Ò *<ãqÖ Ûo∂w¥«¶Fû•ŒI: ⁄4PThÜfû•Î:∆qdG®\ë@Å¢BfíôD‘Z„ø¬Ÿ≥g˘á¯^Ï≈^å…Ò„«9~¸8˜«ëà†î¬˝∫Æ`G"Çà‡Å«C∫“—G@◊u¥÷X≠Vt≥é˚u•# d&≠5Ów¸ÿ6/}Ï—PyÛ:Á~ááálŒ
á´ÄÕy«jÍh≠Ò@ôID êô D ôID–Z†à‡≤Lh∫Æ 3»L Zk X≠WÃgsÿá3gŒpˆÏYûüÕ≈ú›’ä{Ó∏ãˇn•.k@«0D @D–Z„Åä
 ÕçäJ)‹Ø m)µ„~<è±çlvõ@£ä†ôg)ÇfhÜ"à‡≤B0L…˝J)<?ÕPƒs(Çö°àÁ—î¬e•¿8E<_ÕPƒÊ∆ã¢ö°ôIdÚ2π,ÇQ3óÒoa¿Ä¯wÍNüaµ{˜+ãMÓ◊mo3ÏÌqø2ﬂ$WG/@&ˇ¢"^dô\ñ	ôº@Õ–EPE<á"(Ç"(‚≤"û•" ä†∫E–˛ÕZk d&˜ã2ìÃ‰_d& ô\ñ	c„Y"†îBD–u@3drY&œí	ô\66.+‚_Ênº Õ–Ãs(<Ø>ÄΩ£= v6v†Œ°Œπ_‘û®=•v 4ÛJ) D•h<[É÷¡3N#ˇŸŒû=ÀŸ≥gya^Ï≈¡É¸`("«ëqi≠Ò@]◊QJ†µ∆8é t•cl#á„!‘u á„!á„!c…L2ÄR
ˇZá´ë˚ÆFÓWJ°îB)Ö÷ •∫Æ£îB)ÖR
]◊QJ°î¬eÚ,„82é#≠5ûü˘l¿ußØ„≈^Ï≈8sÊœœ·r≈=w‹…ˇmj<KrEÉà 3(•–Z£îB◊u D¡sã"ÇR
µÁÖÈJG=]Èr †+E<á"û%ìÀ∫ZËk –◊†Î:û[/Pœ#J·9¥∆eÕ<_E¸ÀT »‰jÜfû•àÀ2°à(Çg)" 2¯erY3ˇZ‚?œíÁ4ˆ;;<Çˇ$≈<á.ãÄ˛EÕº@Õ–Õ<K3œRƒeÕ<K34C©ÖRˇA◊u Dô	@fÚ¬D @DpøL.+Çà‡YJ)‹/Ê" ìg)Çf.ÀÑ"(‚E£¬Û0œW
–Ä¬s2Ÿ?‹gˇpügôá˘qòá:'ßÄ®=Q{∫¬<K 2ìR
]◊Ò@•˛´˝√?¸∑ﬁz+œœãΩÿ#8sÊœ≠î¬|>ßÎ:2ì÷œOf Ù—≥Ÿm“ïé÷„8íôîR ËJ¿·xHkç÷/™√√C9<<‰Å6Á ≠5 Zk¥÷h≠QJ!3«ë’j≈jµbG∆qdGV´ • 2yñÆÎË∫éR
]◊—uADPJ`µ^±ZØX≠W ºÿãΩœœŸÛª‹s«]¸wãîZxñ‡ä¬≥D≠5 Zk‹/3àÓ◊u˜k≠—Z„~•v ¥i ìQ&dB34ÛäxñLßFWõÛéÆûüf.kÜf»‰Yä∏¨ôÀ"†.+ZÉ÷†Ë:Ë
4ÛÇe/â‡*Ç".¨&(Çfà‡_≠Ò"À‰Y2°ö°ôg)4^ƒçnõÉaoèÁBÂYÊ dBœ£ôÁ´äxñ‰äD@&D2!ÇQ3óÒ/*‚9A34sY4Ûl•ê…eº`…s»»L˛%ô	@frø¶‚≤"ûG3WD·äB35í…Ñ—P¡sJûS„9qY£PƒeÕ\a.+‚yÆ› ËJ°è†M0Ø«iÃg∏0® –ÕÁå´C¢ˆ‰4Ä
E0$óqEpYW;2ÄÊ¡≥ê–Z„~ç∆˝
Öqyñi≈ø€¥¢îBD pÎ≠∑≤ππ…ô3g òßNü‚ÃâS0¡jZQT∏_DPT Ë∫Ä±ç D$d&˜ÀLä
E
îR h≠QJ†‘Bs£µF)Öa(• PÕ\VD@¨&(•@Õ0∂ë√1†êÙ‹ØπPJ·~]◊—Z„~•∫Æ„Ÿ: Zk<PD –Z#3yÛ,•@óΩÿKΩˇOÜ eÁÔ=À=∑ﬁ
4˛K%4JBQ:hI)–u †"Ç˚ïR¿2)]aLH JrJ¢ ä
˜Î∫ÄR;Ó¡≥îÖB£Q¢@¬ê–óÒ|EpY&†¬Û”ÃeE<K&D@ó5CA34CÖ+ö!ÅÆpY3A34Cœ°öGH(‚˘jn ı 47ûü"HqY3ÒLÖÁ‘x¡sà‰yÙ@kçÀ¢pøûC3qÖ E\Vh å Æ0 @@ <:†•U
Í'ò¿Û}*ƒ∏{vs`§-GL„·æ@≈‘9mΩRõZœ%Ç®àÁQƒ¡ø[34C3óAÒ5Û,E<è"àÄ(‚˘ ‰yDAD¢à"Çà‡π5Û"k.D$]·Yö!ìÁ—Õ<'Üfû•öy„8≤Z≠x†ÊFs†+ÖÁ6üu<P@õF rh”@WxôIfrø÷˜kn47 "Ç*µ5¯œRJ·~• ˛·˛Å≥gœrøìßOrø¢Bs "»L∆62∂ÄÊFD–‹€Hft]G)ÖÆt åmdl#„8røR
cin J)‹oGÓWƒeÕ06XM<KAœ“GO=}C&á„»Ûp£µF)Ö˚ç„»8éå„»8éå„HkçÃ 3…L2ìÃ$3y†ÆÉR†û√ô3ß8sÊ˜ªpﬂ}¸èTx∂ôIfPJ7PÅ“A]◊D ml<∑˘|N)Ö"(Ç"ûGk\Q∏"xÕ–<è.kÊ_T]·y4sYóE"†ô®ö°ôÀä ö˘wãÄÆoñ…ø("xÅö°ôÁ–\h.4ÛlÃøCwÍ:®,∂FÄÓÿ6Tfs lN|dÚ<ä¯WÀÑL»ÑLûG&dÚØ÷ÃshÊ94sYÒ,E\÷Õê…eÕ<áL/Pfº0Cd& ô…˝ä†ä Çï±A3AóeB&drYœ+qY3œ°àÁ–Z„~ÕçÊ@Q°+Ä>Ç˚Õg4d2d“G –Õ7ÈÊõî⁄qø>x¡˝"Ç˚Eô…˝2ìR
• ⁄‘»)˘œ“Z„˘˘á¯Œû=À©”ß8u˙4Øs"ÄÆtD]Èx†ÆtÃÎúà †µ∆˝ä
]ÈËJGD–Z£µFkçÆt åm§πqøÃ$" hÊ≤Æ@Wxñ"(‚≤fhÊ≤Æt90‰¿˝∫R∏ÃçgQ°î@)Äà "à "ÇR
@DDA◊uDADê…e<èkÆ9	¿ìˇÓ8ÔY˛«
Æhºp* D˜ã>Ë6;ÓWJ°î¬˝öyô¸ãÜ‰Yä†2yæ"xñfû•2°ôÀö°2yÕ–E<K3Aœ£àÀö°ä†àgÈ
dB34Û<˙ËyP·Åöπ¨àÀ2˘eÚ2π,s≈ÛSJ·ﬂ™®â+ƒûœk‰9Qy.ô<_ÕPÕ\Vƒø(2y\¡øZ3ó5C4sY3A3A34Û,E–Ã≥dÚ|eB3tÖ+íÁ‹/"»Lûü>zZk‹/" hÜ".ÀÑ˛Uäxñ.À‰≤f(‚9(<K4sYóA3óÕÁs ZkPTx~«ë’0¸Ù∂ëéBõF ¢ˆdkåçgind& AN	@)Ö÷ôIs#2ì˚µ÷(• êSÚü©µFD–Z£î¬˝ÓªÔ>Nû>…E EÖÊ∆ÿF í§+EÖ*•pø÷I“ïé*• –Z£π ¥÷»Lû[3ê¡eE¡≥WîÏr†èË#22)	ê‹Ø d& ¡˝"Äqπ_D 0é# ôIkçÁ÷WTûÂÃôSƒ's˛ﬁ≥¸O—uÖæû•qE ⁄‘(•PJ°µF	ûÕçñPJ°µ@IÙ@È
° †µF)Äf.+Ãe•@k@:^®f(‚Y2!ÇÁ–ÃÛà‡≤"hÊ≤(Çf(‚94C4Có5sY3ó5Cˇ¢(‚94Û¸πÒ@E¸ªdÚ,s∆qóÆ;Œ˝"ÇÃ‰ﬂ¢π\àˇ „˘{x∆Ò“>¿ƒ3µı
Ä —ÃeE<Kœ!x.¡eôê	¡$ê…≥D|eB/T3œ£àIW$œ!»Ñf(4Ów∏W+ 6Ês.´ÖR;⁄4Rjn†¬˝JÓóÜ∆Õ\÷©AB)ÄfûK„~c„≤Æ@&ó%œ\V‹¿–¶†î‡ä¬˝öyñfû”.+µÄπ¨©pYrYSÅi4“’é˚5J)4ÄÉ}rﬁ—’¬˝íg+Ç÷†+≠5HûGD@Ú,Af–Z£MçÁvx∞œÊ÷6ˇJ)¥÷»L"Ç=Rj·~„85∏_Q°D·≤&Äî @9@ÙØ(*‡ ôî“qøR
œ≠≈Hœî0çP:h#‘qY)¥∆Û— (*47† PT∏¨» ⁄H©˜ÀL2Ä÷•Zk<–pt»8Æÿ‹<@kÄR
˜ã2ÄPêôD•éoá ≥M<€ƒÆ	0î÷@A£¿ÿ†•⁄›åÀzÄî¬˝J)‹ØP°—(*¥h t},PìR;ÓWÃ≥Ñ†0B†Bi<KWal–E<K3t2π,"†öπ¨àgS°ZB3ó5öπ¨öπ¨àÀä†ô®àg)Çf.kÜ"û•äxE–CîÆpY+†n 4
œ¡ç»Ñ"h<Û,E\¡eô<KÊäà9	4P x¡2!¢úÄqÖÒÇô@T
A–VÛJV´ @ùOÄÄs¡
hV3*Öâ©€‹f`/q[2≠Ü2õOπ‹o¡QE<_º@ôºH"xô¸õÒ,ÕPƒshÜ"(‚˘ ÑLû%∫¬Û8\≠8\≠8Z≠8Z≠ h”@õF˛≠Zkº0ôPE¸ÎdÇ
 ∏qø÷˜k≠1é#„8B·y4®îéÍkœÛ3?~úÆ∆©1Nç›É ¡s(•PJ°Î: Zk  2ìà†îB◊u‹Ø‘¬s€‹⁄Ê?JkçR
¡ø§Î:2ìÊFs£πÅ (<ßqÑ∏l<‰≤P(4é#„82é# „8“G–G–G–G,• 3)•pø"Ë
tä†∫EPEPEP‰¿≥îé÷ •"ÇÆÎË∫é˘|N◊ut]«|>ßÎ:∫ÆcsÛ8]7ßÎÊ<PD–u@D êô îR¯ü j@‘ÄRˇZE<K= }Ù\ñ	ô†¿∏:d\røàÄÆà‡Ö…Ñ"û%ä∏,ìÀ" ä∏¨àÀöy67 äˇífhÊ*‚≤fhÊ94C/íqGû/˛%Õ<K°Ò@¡eô\¡øK/à¯˜9‰˘ËNù·∂xNœã ã®àÁê…Ûï…ø(Çg…Ñ˛›öπ¨äxæöyÅ"xô<è„[séœØ„pµ‚hµbc> ßÅnæ…enºP”
ÍúÁßµFRà‡9dBdB3ˇ≤æ Õ@!Ä÷• Zk‹/"(•Ä¯µ6RJ@W;Üi†´/HW õsË
åçÁ–Z 3y~"ÇÃ†µ@)Ö÷˜kS„Åˆ˘Ô–ïÄÊFfR¢Ä∏B@◊A& tå#óïéÀT¿Txnááá t]@◊u@„9î¢á†t0%´’äÆÎ∏¨Z„≤"hÜ÷¯óE@Q„Ö)•pøq)µ∞πyúq\PJ°µFf2é#•Zk<?]◊Òﬂ-ßÅR; JÌ∏_õ•®+–d&≠5J) 4Cœ_Tj@õFJÌx†R 
óç#tE<_E<áÆ¿ÿ†2!ö°öy^*‹Ø®—\h.@„~E–E\÷E<_E–E–EPcäxñ"ûØa(˛52!ÇÀä†qE£@E\÷<áRÊDÃπ_Q£πÔ§LHÄ¯wœüÂô∂ ⁄rµT†„ä s"x.<á.kÊ_%"¯E,\ñ	Õê…eôê…ã§ö°äxñL»‰Y2yÅ2yæ∆©∞9üsÊ¯q6Ásrh”»ãlµ”
¶ „82é#46.À‰Yä∏¨àgâ‡Ö¶Ñ6BdB&ô…8éd&•J)îRxaäTJ«˝∆i‰πµq†ç#œml¡eEPJ†î¬s+• êôDEÖR
ô…˝⁄‘ (µ@õ[€¸Gi≠ëô<?]◊0é#„8rø¢BW:`¿<•Én¢áË@ ‹x†„«ès¸¯q677È∫éq222!z.ãû«ë˚AD@AÒ,E– z.Àr†µFkç÷ ≠5 Zk¥÷h≠—Z#3)•¸îRàJ)‹ØÎ:∫Æ£îB)Öà‡Ç®=my†R˜œ!3â Zk‹Øöyñ!∆6B&óπÅ˜Ài†M#˜+Z„9ï¬“Ã≥D@&óu"∏,öy^*‡∆s+j 4Û,EºPô<áf(Çf.ã‡Erxx»8é ‰êº Ö∆Û¡eÖ∆“Ã≥dÚ,s®πÔdÄƒÃ¨-ÆË ∆√˝:Ósø∂:†Ú,+Æÿ$Çh AóeBœí…e<[&œ)"x°" x∂.À‰≤^∞‰Y@pYdB&óEpE,ô–Ad*<–»söœÁ¿h\&ÄF£pôìà‡Y∂Œlç(Öå π_°Û@f@f#ÇÀö°îB$W47 ä
àgW˚ÏO–uçæÔy†à†µEÖR
óäxñ&.+4h	≠5 `PÄ e]ÉR;BPjG#∏_4u ¥6RJÅ÷ †πA@ ¥÷h≠<PD –Z£PHÄ’¥‚ø“ú9˜Î∫éq°çP: !z(œ‚*A3–VÆàËIÒ,çœR
\÷]◊—EÖ˚ï∏_k#Û⁄—‘(•„2Ü 7®®pøL(4¢2!ò∏"∏¨e£πA¿ÿFä
]ÈHÄF ˙é*• êô å„H)Ö˚e&•X≠xÅ*ˇπ*œ£´¶F_:∫:á eÕÄ\VT (•pøóÕKOi#Õ–ãgS·~„‘Ët]@)\Q
ÕP ¢íÀä†πABD@k06à‡≤.+Çf.kÜB 7P†– (‚Yö°àÀö°àÀöπ¨àÀö°àÀ∆•BóA3œ£πP‘x(Ãπb‰π ÕQx∂F£@ô¡eE\÷\à‡≤§¡≥D&òËy‚9ôÁR òÀö∏B\!ûSPÄPÅ0 ïiUÅ“ùæÆ¨Óπµ2——⁄PÊõ∫.ZÆbæΩùÛ<UWµxÑ,µd∫µ ã 2π,"∏," ÇÀ2!2!"Ä‰?LœW&DeBD@&/P3Aœ¡eô¸´ @frôÇ Óô¿¿EpŸÿ†+ê<ßàÄ‰Í∫ÄÆÎ«ëÆÎh≠ëôt]Gs†πëôt•£ôgœñ\ñ	]„»Û¡sRÄ$óïRh≠PThn<∑R
≠5ûüÃ§îBõ]ÌßëˇL¡Û3é#˜Î∫ ∆Ch#óµ qÓWƒ≥•„Åöyñ"àéÀ2!FÛ,E¡s ûÃÅ÷FJÈhm§îéàÄÃ¿8B)Äxæö°ö°5.kh@·Y˙Ëπ_=ÕçÊFDPT∏_kçR
≠5J)‹/"à 2ì÷•"Ç÷ˇî⁄Ò‹"zZ)µ£î¬˛%•vdÌhS2LI_Ä.+Çh≠—Z£Î:J)¸k5	PÕ–âgiÜf.+ÇfhÜ"ûì
∏ÒØ¡≥ÖgiÜ"˛’¢ˆ¸GâÄ"hÜ"h.<Pœ!3¯&˛î˘Ê6WTÆ(</*/ÇL.ÀÑ˛Eê…e¡ˇ,\ñ…e<KWx¸ªe&/™å íÁê…eº@Õç¢¬s€‹>Œﬁ¡!„8–u˜ã ä
câ"ÇÁaûMP
î¬ï…sr„πE≠5 ∆6ê<_ôI)ÖäçqËj«8ç¸g»L"ÇÁ÷u „8“u tõ¿!D„!óµÄV: ä∏,¢'s†µëàûÆ@&4Û,ô¡eE–ÃeÕ@B3œR< PJGD@k#≠çî“ÄRxæöyñf.+‚YZ«…eîô47ä
IBÚ,ô	@frø÷ •Ó◊Z£µF)ÖˇâJÈ (•„˘in^êR;Ó◊◊`òÄÆö°öπ¨àÀ∆q†î@©Ö&" \$å"†2!ÇY3qYœRƒs(‚94Cœ“E<K3qYs·πı}œ˝r (µ 7˛≠äxæäÕÖÁëd/™¢Fs·˘ ˛ì¥’!eæ…jü˘Œ ´ΩΩ¬s¢Ú\2Éà‰…Ñ.ãÄL.ãÄ.À‰äÄLà‡?L/Tœ!ìg…‰≤^dë<KäˇP=ˇô	@s£®@›lŒ¶·ê*•@]È €H)Ö»–œ·¯È„åÎëä‡≤LÆP7(3)•–Z†πABd&TTHíÁñô¸WâJ)<∑qË∫égi#tõ\VésYÈ (ÇfhÜ".ãËπﬂÿxæ2π"†ö°àÀä†ôÀ"zû[) ≠çîRàÄL.;\çtµ–◊ †àÁ–ÃÛJûC= Ct•É∆e]Èh42ìà‡~ô…˝∫ÆcGÓWJ†µ∆ˇT≠çt›& $IQ·~•ÓîRxn}Ü)àRhÊ˘«ëì65J- n≤Y6ynôIDêŸ»Ñ»ÑêP
DpYóA34C‡∆≥®Ph4Cœ“E–Eê	Aœ“E\Vƒ≥Òäœ≠Î: Zk å´CòoRƒU‘h.5^êf.kÊYö˜+Çf.À"íÃ‡E—\(j 4¿\!˛ÉåÁÓ·YÌÔTû©≠W Tû«H&D"xëE Ö*j\ñºhÇÀ2π,ÇÁîºPô\ôê…e¡Hfê		tî≠ÒLÄ‡~ÇÀ2
‘x¶6rYœí	®pø¬skº0A#"∏,)û%
 ≠5¢5∫ÆcggÄ÷TT≤—óµË@\a.kÊ≤"Di‹Ø´0÷éF°qø∆s*` 
$@#3π_kç ËjGkçÃ§µF)ÖÀ$tÓ@Ä!3yñ
L\V(îyaˇ“.ˇUÊuŒµi†ßqô
 ÕP@rYd6.ã—(”HD êô\ñ	¡3B<Kàg…x∂BœThmE£pøyW¿çÊ :ôID –≠%œ‚•ÉË°tÙm‰~}Ù4†ã—CîR( ôA"Ç˚èP ≥cÉR†àhÃ∑Êº@ˇ# :JÌhåî⁄AJ)–Ä¬eMç¢@í–†î •ße†îBõ†•"Äñ…˝˙p≤öV0¡Ê|V0ÃJ- 
˜ÀLÓó…h0W4CœT hÜÄ ∏Pƒe´’ä˘|Œ˝ä∏,Ä".kÜ".+Çf(‚Yö°à—85Ü¥F)Ö’jEkçÕÕM öπ¨ö°àÀöˇ*‚9öπ,§ƒÛgûGs°®qES jÊ˘1 ¿\!ÆH`
A°RÄ2	LÛ”◊ç´s˜Lºπµ≠÷PŸ⁄V◊®áSõÄ±lr<;œG/íLà‡˘ ÑLûGk\ñ…øJD/ ÄûG&D@&dÚ"ÄÃ ∆ëÁ+s‡Å"x˛‹ ‹ @T 2°ç¸k4C&dB&óeÚ/ L2ìà‡~EÖÍÉÀÜ‰9	œ“]ÅqßëæˆÙµß´ÖÁñ…s
Æ(•D •J) îR Ë∫éÁ@·Y∫Æ„øZfÚ/iScú}Ó◊ÕPƒeô\¡e¡eô d&œ-2!ìÁ+∆Òê÷F Zy††.ãÄ(‘9 ¥ëÃ§µ∆8éå„m‰≤û•çêåá<–ê‰ —@Ù<Kîôd&ÕP]·YZÉ÷¯£´}Ìy†úûØ
WàÀö A)ÖÁQÄ 
óµ÷xn}C& ]Ì8æuú˚Âî¥©Ò¸4Û,\•pYœ“Ã≥5ûE T∏ﬂjµbwwó±qY3œí…shÜfhÊYöyæöyæÜ)ßFﬂ˜‹oGöπ¨ä∏¨àˇ0E<Kˇ!ö°ô ^∞#˛sP˘7*äÄÄL.ã‡E¡äH^†LûGf¸dÚLî…eê	WûI‹@ÖÁQ:h#¥ëÀj«5C/TdB&9–Gœs+•pøÃ†î…≥47ä∏¨0  ÄÑ"ûCW;∆idò6Áõ åS„~≈\ñ	≠ÒlçÀV”ä§µFD  45h@pŸ8éDAfÚü≠î¬˝ZkîRx~⁄‘∏ﬂ0%}Ó◊»Ñf(‚Y2yñf(ÇR
≠5"ÇÃ$ìÁ„»eê…sË∫MûüLû-ZÉdÇ®–Z£îBDêô4u‡ô‡∆≥¥ÄÅÁ#àûg) ∆" à2ì±AäÁQ
dÚ?¬8çÙµß´•v DÌπ_D –‹(.ó"ÇÃ§®–Z£î¬≥†(P\h≠1é#]◊—Gpø>úÙµgúF(ß†+ ôID4 2°œ©ôg)ÇÊ¬spû€|>Á∫ÎÆ†äxæäxæäxÕPƒø®Î:Ó◊uE\÷ÃÛ»Ñû•πÄ¯WiÊ≤Là‡_≠®–\x>ƒ(<[„Ÿé∏bü`uÓ®≠i˚SlÌ–ˆ…ÉΩ∆3µ’! ¡øS3óE@drYDﬂ™òÁ–Õ<K3ˇfô<K
œ‰n  mÑ6B&¥" "hÜfû•à—ÿ ÇÀ˙Ë˘∑**<$`ûel<KW;®´ÖÆ "∏,∫(\Q∏l>üSJ°Î:J)¥÷ h≠1é#ô	@fíô–∏bF.ÀL∆q‰~QÉ65˛3¥÷ àJ)º0•∫Z ¶†2π¨àgœ“.kÊY2Äû%"∏¨h2!"∏¨Î6y~2π"ÇÁ–FàÄ:á“—uœ¡T ÍJ•Ä“ÒÂ „!¨V–¥îR»L∆q§µFt"∏¨.kZ„åa h”»s€»≥Æ0œíôDch≠Ò,(<áR
 ô…Û3L]ÌËj«Âîåmdl#¡E@3œ!2°àg)j5 ä ∏Å
œO3Ò,≠A/P3œ°àgiÜ"ûØqjtµ 0é#]◊±ππ…s+Ç"(ÇûCQ„˘…Ñ"(‚ä‡*j<PQ£®qøÊBQ„Åäx qÖÄ∆vƒ˚<ß=Ä˘ÈÎxÄÉ2ﬂh¿4`‚9QynQHû-h‹ØöE (@†ö!¢@I„ÅÇÁU
¥∆Ûó¸œ!xñ1‹Ø 0óûü∆◊àL2ÄPOÊ¿≥®pYkP
¥" ìÀ"∏LÄB†πPh†¬ø§VÙ¡≥DœOí<?EÖ+
œ6 í+Ã] Ç‚¬e•∞Gp°®0“ ∏,π_pÉPà2Äæˆ ¥hP!îR »LJ)4(ò∏,"»L rJJ-¥©±Z≠Ëfs˛cÃ)•–Z#" ò◊9œ°BkçR •õC=¿ç˚A3œIa44Ù—∞¢µ} "é¡eô+†@R
@@&D 4û≠¡≥D ö
 ‘éÁUÄ  @&D @&%TxnP:`‹ X≠F J)¥÷ 
MH"HZkîRòW^∞ >ı@aú`t£cì6J£P∏,∏¢• ÄHÓ$…eÇ¶F	¿\i.Î∫éÃ§yÑ“AË‘—óûqÈ∫éR
òg«Ä÷•:ûS„≤Ñ" †ôˇ0…ÖgkÊ≤".kÜ".kÊYäxæZkÃ+î¬≥lnnÚT∏¢—Ã≥âÀÖÁß"∏¨/T2Ä÷Q
W4Æ(<∑¢ (‘ Ñ†âÁ<õÄâddB$mÀL6V –{@cb≈D-uSLÏó⁄%´ïÀ÷ˆHÌ«RÀ0N•ñuN-ÇAó5sYsal‘ÃÛ»^òL»Ñ÷¯ìôd& Õçˇ@S!s‡~≠ç<K)<K&∏A®¸ Õ<_Õ<á>∏¨π—‹€Hfíôåm‰Ö)*47h»ÅÀHÆ ∏"Ä‰äR †Î Xç# ÛÆ "x67 P†îBD–Z„Å∫“QJ·~¡ˇ•^òR
œíœ2rø".+ÇÆ@/PÊäRÊî2'sEÊäÃ Af“Z ÇY&4CqYõFû[œW(®Ä
DÄ
óµëÀ‹¿T@ÍJ•†îB)Öà†î@fÚ‹J)¸O–˜A◊∫Æ–uÄ“¢JW Ë∫ég)"†Î∏_Dpøà "(•‹2y mÑ“AÈx†÷≠5û[D 0é#ô ôœml<K4ÛºT∏Ã‹xnE–ÃUE<áfhÊ≤"(‚ LÓ◊Z„π5
ˇô\Vƒ≥$…@œ#"∏_&4ÛöÕÄF°Qx&‚ŸÃãn…øB[r≈!0p≈ÿV+Ä\Aoë¸K"í&"∏,ìI1œRÃÛhn472ì¢¬∂àûàÄR:hZÉ÷∏,"†t\Ê*‡∆ÛSÕ–Ã≥Ò∫“—ïÄÊFQal#ô…ø∆ÿFh\ëºHÊ]«ºÎXç#´qdlê…e\ë	 n¥÷h≠PJ·Å∆6røR
 Apø ¯_°çêtõ Aœí	Õ<á>z Z[1'bNk+Z[1ÁÅJ)‹oyô¡eô\E–Õ<À∏:§M#˜ÀÑL.+º –F pÉh# dBy•#"à∆q$" h≠ëô¥÷ à"ÇˇâJWxAJ)<áRàûü÷/HD,•»Ñ6D•ÓD ôIf–⁄@◊mRJGAœRÕ\÷ÃÛR·Åöy°"xñfhÜf.+‚9Ò,ÕºP¡skû[ˇ*Õ<_AœÛìôD•"†àÁ´®Qhç`^0ÊÖ[Ú¸Ì¨Œ›≥À¥’·A;ÿÅ±Ïì{p†≠V ˇNôê…eô¸ã2yæ"x°äπ¨âgi‚yÓ◊‹¯œñ9ê9,ô0éê	≠A!2ym§QxnEPÕ–Ãã,"(*DEÖà‡)*<∑Æt–œñ@ÚºZ„~ÛÆcﬁu 4√ÿ`l\Q: »‰~ôIkç˚ı—”ïé˚µ÷xnIrøR
@‘‡?KDØ“F(˜+Çf»Ñfû•+<ÀêœO)s(bŒ˝"Çà J·≤L»‰Y2yPƒeE\÷¶ëúûü∆ø†çê	ô‡m‰Y‹¿‹∏_)ÖÃ`G"ÇÆÎh≠êô d&ˇìÙ}pøËÉUfPT »L ∆q‰˘â J)\÷Fà‡~ô	@fPJ°µFfíô DADPJGÊ@k#≠ç4C3œí…eEº`nº0E<èfhÜ"(Ç"û•ä†àÀöyñfhÊYZkº0Ö∆5sY/íL(ÇfhÊYÇûd íIÒ¢0/òxNç›≈˘ÈÎx†2ﬂÄ°lm¿!œâ ø "xÄ∆Ûì	 ÄL.ã‡≤L.ã
ô<KÇCó5Ò|e"xñ†Í u¿Hfpø¶¬ã§ç*<7 p£©pøÊF·ô"∏L‹@⁄•„2†ç¥P†lEÄ°ô+öy65Z6ÓW h d6û[dÚ ÖÁ@rÖ¡PxñR`i√»˝ÊóçS„24PÇ6ç Ñ∏l» }êı ¥h\ñ–—1é#çíÀäc°ÜR
Tû≠Œ˘w©Ä!`(ûCÂ9¥÷(uP£qE3œ#†1èBf£–»bN° ê9Ú@ôID #≠5∫Æ„ä¬8B)ô\¡eô\VPe>Á~#Çgs°Ò|®0*int•†®£πÒBµ∆˝J)‹ØîBkç÷≠5 ∫ÆÊÃÎúg©¸ö”⁄H)ÄÇFa^:h–u@É“œπ¨pY†5 J˜+*
mjÆh<PÇ§M…euNi# ®–’ÄqX—u!Ä≠–j°π—ïÄ®Ä¢F3Ò,•¿ÿxñ"hÜf(‚≤4ûS/PqY3/T3AóA3Ò<J) ‰òD^ê".kÜLËJ„~ÕÄ
œ-ä†0œÙ@„ÅJ)$Ö—Ä
¡s*j4
 ç¬Û!^8ÛlF† k πbL¿ G@¿j„V˚msÛ†¥·xôVÖ≈¸`¨\⁄XY·6U˛ç2yñ»‰yDpY&œ!ÇÀ2π,"xMºH2y\ñ	¸õîéHÖÁß®@ ê	]íÁÂ*P
∏Ò¬†¿PÕ\ë\@Bê<KóerY&4sYœ°èûFÉ‡ä∆sJ x∂q‰¸≈].\ÿÂ‰…„ ÆF ˙ SÚ‹r‚Y˙Ó7∂<∑Ã§î@S„94.ã>»!˘œ“◊û¶µF)@|5CœWœ! (•∞Z≠ (•–Z£Î:∆q†îBf tóeÚBerEùÉ∏Åìgâ‡Åö EÖ˚ä
îôDœ-3	Çà "∏_fPJ°µ∆˝2ìˇn•v¥i‰ÅJÅL.+ 	$–AD2π"π¨td&≠5J) ¥•pYê˜+çgâXÛ≈&Û≈& •v<P£qø>z†–ÃeÕ\VÕÕPƒshÜ"hn<∑f(‚≤f.+Çf»ÑR∏¨àÁ´ä†àgiÆh<Pf“Z£îBf“¶F‘‡~ç¬ÛS	4ÛB5	ˇ¢L xñ"û•ô+Tx¿<ß‡ä‰y≠x¡.ÚlKûi<<\G √——íı»º2!2yæ2π,2!ìÀ2!ìÀ"∏,2!ìÁê	ô¸á»ÑLû?7.k#¥‹¿‹†ç‡n<ã/äÊ∆e•@&t¥∆sP 7^êfhÜfûC
W4CÒl…eE<áL»‰≤fûC3ó90∂ëÁ! x¡πpaóÛwπpaÄqj<P_Éæ„‘ß@Tà Û5∂ë*• D4˛«j≠ApÖ∏¬‹ ¿Äf4sŸÿ†" 2π,ìÀZk îRh≠QJaG J) D ô<KDö°ôÀöy∂L»‰9d≤öV47ö/»ÿFöÕÄà 3˘∑(•PJ·ö®=‘tœ÷Ä∆e„8íôd&∏Ò,n<?•Ö…jy»jy@©˜ÎJ«f∑I= ô06dÚ<ä öyñL^®"^†^®f(ÇfhÜF·Åäx≠5 "Ç÷ˇífhÜf^dºH" ìÀäxEPƒøÜ ò+í+$œ∂‚ª∞:w‘V´#ÆXGGÁ«√√#`ÿc=¬z$xE@dB&ˇ*<áfûCD@d@d@ˇ&º`*\ † †*‡m‰˘r7 öÕçÃ§π¡8B¥∆e*º@n‡ô‡∆A3œ“ÄqY34ÛlçÀöyÕ<_E<á!H Å‰äû◊Ê&'OÁÅ6Á}hòÄÆr‚Y∫9t•pøÆ6ªM˙Ëπ_kÄà‡Y
W4˛G)•ÄÄÃ≥© @&EP]ÅÆpYqY&œW◊ut]G)Ö÷ ]◊D˜ã‡Y∆∆ëÀ2!äxñ" ‹ ÇÁ@W: ä
 ô…˝ö AQ°®PT à2ÄÃ$3ind&ô…Eœ≠îBDﬂ-jO©•vî⁄qøÆ„9 aGûÉ
4é#≠5J)¥÷∏_DpY°qø»Å˚eÙÃõ‹o˜¸YVª î⁄QjG=E–à‡Yöπ¨" ìgâÄ±A3/í"ûG3œ“Ã≥qYqY£¸åçÀJ)º®ä†ä Çg)Ç"ûGqY/TD@DöyQ0œKÄ sEÚúV\±vyNª<”¸Ùu<¿WÀ~ccŸmn.y†YGÂπâÁÄ‰äà∆˝2°ê@l	ê\÷x¶Äí–.ÀÑ‰9ê	ê	…ÕPƒshÜ÷FJÌ∏_q#ìgi<ì
∏Ò,* 7p£µ¬eπ,"†çPíg»Ä‡Y"ÇÃÑ<á÷(•£µ@…‰≤.SÅRh”»∏⁄g>üÉ
-Ä¶¬µl<KAÖÀ$óµP·2Ç  †%Ù¡eMÖÃsê\@k<–ju»|EPj†µFf24Wáî⁄QÍ© 2i#d6"
 ≈Öñ Ög*Ä÷ ]Ì»Lhµ1üÊåedòöÛ:güˇs`§pôa≥Î†Ú,Û:Á~•û•pY4
œR:† ê…eCÙ—ê	ç∆e¡eù
„‘ËjaúÁ/≤Z≠òœÁ?>Á~„8–rd5¨X≠WÃgs6Ás∆	∫nŒe”@„ôJ«˝PT∏Ã–ZR
ê	$≈çtaÃëà†∏@k$çdd{sŒjí+íÀÇ  §íà  3	ÇÀ*Dô…˝J)P˘os|kN©•v‹oæ5ÁÅÊïÁTy¶@kÖæ Ü⁄‘Ë
@m‰2 hÊŸT(<ÄG ÊÛû’
ˆ/2ﬂ:Œ˝"ô\ô<_E–ô\÷a(‚≤œW3qY3ó5sY&D@3ó5Û,cÉ(‚9πQÕ\!û•M#´ıä„õ«¡Pja≈ätR(\f(jº ô–.kh‹/öÅ∆e	ç$$œ!.kÊyâr°©ôÀä`‰Y0Wh¿êf∂öh≠±n˚Ûıp_∑Z]Ï≠¶’öâ⁄‘÷¿ƒƒïŸ|]∆±1G≠Î`‹ˆX≠&∂Ê"s®¸eÚúíg3ê\a yñf °ä∏¨ôÀä " ìÁPƒ≥4Û,•v¨vôo ¢Á~ô®pôœ“ î¬˝Ji 4T ¿J·˘äÄLËJGs#" (* 47 Zkd& EçÀZ†ëî⁄PjuŒÛST h*<pÉLàÄL»"¿Ög	íÀÜ‰≤RxñúíR/PÚWá±πÿds±	@kç˚EEÖà⁄”¶ëÁôºH2ìà‡˘Èk¿8ç looÛ°+Ö˚ç≠—’¬SÕPƒÛh≠±ÚäÕnì!Ó7‰@=óêÄa§0Nç√’»jµ`>üpxx@ﬂ˜ ¨Ü «∑è–us vwÔ·¯ÒÎxn≠5 J)d&8)µ„yD A$óïR »l ‹yvó9N7õêô d&¡e&ADê$]Î(≠–‘ h≠–uˇù˛Ïœ˛åßﬁq' ÔˆﬁÔ∆ø’0$}åc£2π,P0ÆF¢/Hs£®‹éüÿÊpü3<Ø^†"hÜ"(ÖÀ¬ê	óE@œ°ôÁPÕ<Kœí	<Kó5Û<öy°V„ägD‘\x∂FœÕPƒ‘hÊ≤‰?ùqÖÛº0œ6 W‹‹Àª¿E‡‚xÓ,œtî√Í8jáá±±A;<$èéÄ#‡8b®¸G
 Å¬≥%œ°àÀäxñ"ûC&/P3A3œRj«˝2ûÉ®2°5(ÖÁ´ç¡e<á" †tÑcâ ä
 cÄà‡9D@&•t î⁄Qj«≥∏Å
/TÙ‡*P
∏Aœ#x£y∂©1ÆFJ-¥©–’ég1œ&û«·ÚêÕ≈&œ-3πLÖ˘÷q⁄40v˜ãL2yN—CÈ†ç ¥i†îB)Ö˚Eô…˝∫⁄1N#˜€ﬁﬁÊ?ZAW
ˇífûØ÷„8BÖ√ÒêÕnÄ! Ü (*<ã sŸ0%õÛé`>ü0é#4ÔÁÃgsû[◊Õòœ:VÎë*•–Z†‘Ä6çå´C bì*• –Z#3ÿ;Z∞w¥‚‘l@DÇD c)•–‘(. D ≠5∆q‰ø”ùwﬁ…ù˜û‡ì?˙ìxπWx	Ó˜≤Ø¯äº⁄´º/Ã86∫Æ0	@3óA&‡§‘¬∏ÈÊc„≤Æ,EÄà í˚?πCWÁ<∑ûCœW3qYPÕ\÷ÃÛ(Çf(‚9A3ˇfô¡sX´q≈ºü∞{∏À©cß(•0é#QxnÕPƒeE06 xÅö˘Ø"û©7#Æ0 ¿Äy^kÆX˜˜ /	‹\v∫”gvWÁÓâ∂^mG¿!pêGGƒ∆¿Ω¨«# ÷# ï•LûWl¡™".+‚≤fËÊõå´C¢ˆt›úÃÅg…"xñà‡ä  †ÒTx†¢Bí‹Øπëô‹ØîBkçÁô¡Ûp˛MT¿çgQ#P∏"†åÜNÄ°‘¿|kŒ∏Ÿ=ÿÂ¯÷qûáy„4p∏<‰g∏_frø6ç î⁄ê≠ôdA„~≠9@È∏_)ÄqâÓ¥÷ßëÆv¸wk≠QJ·~Õ\÷ZcGJ)îRh4 ÜË£Áyà+Ç+œa>üÛ@«è`G ∫Æ„˘Ÿ‹<Œ8Æÿ›]q|{ì˚e&˜ãÓWjGŸ:n<?• 2;s^òÃ‰Y2ÄÆtêP\∏_f“Z "¯üÊ/˛Ïœ∏ﬂ_¸ŸüÒcﬂsÄó~πó‡¯ôÎxÖW~i nºÈ:éü0éÄ‚∆ÿxñ®¡˝∆’H7+<PQ†πAB	ûÂ¯âm`ŒÛì…≥dBóqYó5Cœ“ÃeE<Àÿ Çg)‚9Ò|A3/íû«j=∞V ﬂ<ND–Z 3â‡˘jÊY"∏¨àgiÊ≤"^®&(Êﬂ§®—(<Ä4£LƒÛóÄ∏¬@¨Å‡^‡^‡^‡^‡È¿E`óg;‰ä#‡^‡8 ÓŒG\AÂπôIdBI^†f@@,çÁT" ì+"y∂‡Y2y≈çÀjIÉ(‹Øµ@/Æ¥Rx∂@kP
–†Æ04
œ¡çÁêIê	 îû•çî»`L ìàÄÑ¬»eê	‡∆‰Fœ“ ƒT h4†0ÆFJWË6;äÅÑ"û©êN ∆Â œcl#ÕçÆõsø˘¸8‘9õÛ9/H°Å
L+(¡	ê	@&Dlm‰YÃe]Ì∏L–¶ DÖ∆HT( º,ç∑¢@î†‘BW;û•Ú,•.k#îé˚e&• "∫Æ†πQ(<[Ã≥4
ÕçR;Äxæ∫y«eŸxñLPGkçqπbÂ8 „∏"¢0é˚ t›&PxôP:p7»†∏QfsV´„z≈Ò„«)4öìgQd&ó%œíô êôÑÇ@ ®0üœπﬂjZÒ_jZÒ¬ÏÓÓ€øÒ€‹Ô◊~·8‹ﬂÁ¡è~4/˝“/¿£_¸≈ xÙ£MWyñ’j≈jGœ°+  •Ó∑Z¡ÊÇÀö°2yñ»Ñû•πP‘∏_4ÛBE,Õ<KÒ5ÛeBœ!FsŸ∏^¡¥b>üÉ°Î:J-ÖLàZ∏¢Òú
EçÊ@s£∆œ°äx°JÉ»‰y4sEÚ,ç˚54 ä†Ögr¥÷0W$@¨@›∏ö∫›{˙RÿΩgo<œm‘Ú' ´;nΩ≥µÒ0îq„™ç„™ h„*⁄zˇà a[.Å{€ÿh´2∂u[Ø≤Úoî…eÕPÕPÕPƒeE– íg yñf y…eô¡eê	ê…e= = I„Å˙ Û(‚YBê	•pY)¸ÎDÄ
 ∏Ò2 ì˚E•û•%œ *<PQ·~E<K3œIÄ°—x†“¢⁄ÿ(Qxn≠5∫Æ£î¿Ò„«yn]ÈËËìgÈ:8s¸8/»ÇÁ'ä†ô™MçR YìB`òíˇ•ûCîR∏_)Ö˚µ÷(µ@¡çÁëôîRxñ 0WHû- Z£)(• PJa>øéÁ÷uõî“—⁄mÑP·9¥ëgâ Ä÷∏ﬂ|>g>üç LÓ<∑ÃdGÓ‚YJÌ¯ﬂËpÄ[ün}¬∏‚« ò◊9/˜ Ø¿˝ﬁ„Éﬂè≠ÆÎx†f^®Là‡≤¢∆5Û5sY4Có5sY3A3A4sY3œñ…eº@–ó√än6Á~}ﬂsø»‰≤ûGs°®—\(‚≤»ÑûCˇ¢±ÒÒ"D `ÆÆ0WW0` πb/Ì“;~	∏mº˜Œc¿%‡ÏxÒ¸œñ¿Î’@ÌñÕÌ∞lá˚K`ô´£±Ã7®¸;D 	Õ<K/\Úä¯o¡eô¡≥dBó5ÛÇπÒT †û≈2)•"xp7P†®–‹(*<P3W0WàÁ+˙‡YÃ≥âÀJ)¸ß©sh#∏AùCkd&@NÄ»‰ä z.ÆH.+µ–¶∆˝∫Zß∆Ûs›◊Ò°´/ä÷% 7P7J)‹ØµF)Ä÷ó%œÀ<ÀÿFûG4ûÕ\!ûC)Ö˚µ÷(•pøÆõ”⁄»‰ <áLà V´´’ä˚SÚ@¡˝2Äà‡~A◊u¥÷∏ÃIõFJÌ¯øÍ/˛¯œ∏ﬂ¸ÒÔrØ
 ÃkœÀæ‚ÀÚrØr<?]◊1é# ]◊—Ã≥4CD@&œWs·95ûüf(Çfû•ôÀä∏¨∆–E<KóeÚ,<èLà‡yln†x†Î:∆q$" Ç™π –Ã≥D@&DØRƒÛhÊ≤f(‚≤»‰9D@&$Æ0 ¿Ä 	W$WògÄi∏Ô.Ä€˙kn∏4^<ø¨y∂Ä=`Ã∆≥w.ccgôG{Gmu8q≈P˘w»Ñf(‚?\óWdBD@&DpEÚE@6˛Õ" π¢àÀözûÉ∏A&D@°pÖ
œ¢•<Tx7û[s†πqø"ûó∏¨—xë ˘Win@·Å6Ás^êà†ô+Jn D ôI/ö íÀJ-¥©5ÄFW]-@«ÓÓä˚˝ı_¸5ˇQ˙⁄”’é˚u≥éj≠qô
/äR
ó	Hûìx]È hn.Kûìx∂»ÑR¯wQ·9∏A&¥ªªÀ|>gµZ–◊`òíÁñôDôIf‹Øµ∆˝r h”H«ˇÒg¿ºŒ˘ã?˚æço‡µ_˚µπﬂkøﬁks›ı◊q¸¯q∆q†àgiÜfh∫¬s(Çf˛EE–Ã≥qY4Û,ÕPdrY)<K3¡eô<á.ã‡Y2y]◊0é#/™¢@s°àÀöyñLà‡E¡eô<K4Û2yñû%Ç2 ûì_Û5_S ø˜;ø`Æ0 †çóvòç˜ﬁy	¯ªÒﬁ;i*œ4^<ÎU≤æ N_7¥√˝Äv∏∞,ÛÕ6Óûù⁄=á SÂﬂ©àÁ–ÃeE–ÃeEº`Qx††Ò¸DpY&œí	ç

œAÄ.À‰≤û%ì+íÁÖ*ŸxT 
óE°ä†ôÁPƒeÕ<*†ÒlEÖjn4ÛlÊ
sY°ƒ≥å≠A42ìpPThn45∫“qôxÅ
Ö†n›ºcúFÓó≠@ (n¡≥‘#óFÛ,QÉ6rYW`ú‘ı ô	¿|>ßπêC“∆∆|ãÀ˛Ó/˛ö?˛ÌﬂÊﬂ•rÖÄTò◊9˜õœÁ<?E\÷(`@@ÉB 7»†E@œÕPƒeÕ–πqYQCó5 ÒlÜ¢B3†@Wî¬˝ä∏¨äîjî »J n†*P
óπ0üœòœÁÃÁsV´• òV4Äà †´¡eô‡u@kçÀJO◊Õ«Äyù3üœπﬂqé≥{i *ˇÎ¨¶ˇ¸«Ã˝F7ﬁ‡M^è„ßè”’ÄÆ¿ÿ óç∫¬eÕÊ˘ Ñ(‚
 –¿Ä C–Ã≥A)06hÜ".Å"hÊ≤.KûKBóE@ú∆@tD|ûüÊ@£pô∏,¢ê…Û<ó‡9œRÄ÷xñHÆHÆûÉÄûWØ˜~âG=¿ø˜;ø«3%Û9„z≈xˆq¸‘u+ÆP∑µMÁ$ˆ8º˚vq≈ êõn0üã+»næ9ç´√vx«Ì®¸+‚YäxÅ"∏,y˛2y\ôê…øIœWœ#ìÁô<èû-°äxñfû•àgiÜ"hÊ9ÆhnÓWTx†∆3πÅ
∏Ò¬J) 47 ä
 cÈJ y6Ê
P°Ø=„4røÆ@3–3éá î“Aígõ∏,"∏_W ]-† †Ô{ Zk D}pŸƒe?mﬂÕÑÆÎË˚ûÆÎ¯óîR∏_3A„Ç+T† z¡ê<KœR≠äxN$W π¨öπ,ZÉ"ûC¥Rx•„Y‹  »Ñ.SÅRòœÁ¨V+é?Œjµ‚9‘9¥∆ÛPÅ Z£µF)ÖR
„8røÆÎxAé;ŒÓ•]˛?xπWz^ˆ_ëó{•W `^yc„≤L.Î
drY&/TQÉ‡≤f.+‚9%<á"hÊ9DpY3AW†ôQœ!"xº»ö/HóçÊ_%ì*2Å‡E!ûìÆªÈ:>Ì3>-Ô5Oø˚ªøÀÔ˝ŒÔ$WƒãΩ¬+∑˚‹œ…7‹¢çn·Ï_¸Å yÊ^-  ∆Ü∏"∑√£∂q”-	¯é€]˘‘E\ôô¸ªD"∏,2π,Çg…"íUˇ&<_–Dl…ÛhÜ".+‚≤f(<ØÊFQ†πQTx*\¶n †n å≠q8é/Ö˚ö˜kntt\& ‚ŸT¿J«í	ê	t›&ôó5 Ä‰≤à‡~•p–◊‡≤“Û¸îRxn›fK¯‰˛h˛´e&• öπ¨0W û≠çP:Ü‰yDpY&/P¥$<_E\ñ…eÕPƒãN JÄRx7»d>ü3üœy´]  ¸8/PÈ(*¥÷∏_Dˇ›+ºÚ+äØ¸äº¬+øÃÁ¸kdrYdB3tÖÁ´π çj.5öœAÄyÕPÕ\VÕ–ÃÛï	œ#"∏,ÇÁ–ù†ôµ¢F£¸A3ˇ!" ìÀ"!Éâ3Q Êπº∆kΩØÒZØ¡ÔΩÊÔ˘æÏ+Ë≈^·ï†~k't[€ :º˚vúyπW„Ï_¸AúyÖWhõ7ﬁÎQ<[r‚Tﬁqª7n∫%*ˇÅä∏¨Ç.ì+ÇÁë…≥DE@&œ#"˘∑ Ñ.ãÄ‰Eì	ê	Pôôô<á"û•ä†lçg+*‹Ø®B©Ä‘ï¬ÒRxaÊuÖ+íL⁄å tµcúF("†®£µëÁ\VTx†Õy«85∫Z∏¨vå„H◊uå„@)Ö˚ïÆ–∆FÈ
´›ü¸¡Õ§ÕÕMû[7Î◊# qY3œIÄÒ˙Ä!yñû•ô(ìÁ+ZÉ»‰9t2y^≠ÒØ¶¡VÁ∞⁄•µ@)ÖÁ°@)Ö÷ ôI◊u¸Ké;∑Û¬ÉÒ0¸»áÚ‡G<å7~ı◊Ê_#∆]ÅLà‡≤L.+‚Ö*‚≤fû•π,¡P†àÁ–E–ÃeE–cÉ"à‡Y" y^º@E–ô¡≥A3ˇ.Eê	º@cÉÆ@ó%œ©2!ÇÀíMŒÑRœfûÕØÒZØ°œ~±W‡«æ·´y&w[€Ãl^3Ä énº97oº  Êõ€^Ó3ﬂ‹`5≠ºy”Õ	» ˝ÍúM!" »Là∆s* †ô\<á¶∆5Ä¬≥tºp•V4ûC·≤∆sû”äÁbhçg´çj ÖÀP†h ÖÀ@ÅPÄâ®ôÁ´πÒo‚∆ø§®PJ·YœÀ<@„Å„t»≥∏–œ≤öV\¶BWàÀ"Ä±ç<–Ë•0"Z#"h≠qøÆÎ«ëÆÎ=R∫¿˜}«w∞öV¸G9~¸8Û˘úÁ†é1ÅÆ„∫õÃºü3‰ Eh qY„ä"@\÷•v 4CD@&dÓ◊< PJ†çç¢BWÁ 0≠ 
œ©Qƒ≥D@&óeQx†ñJ–GœêΩ¯Ó7∏QÄ"† 0î6œPTX‹C÷9›¸8œ¢¬%I‘ †πPT∏Ó¶Î†,Û≠9˜õœÁ¸èWy«∑éÛ@o˝ŒoÕKø‹+p›ı7PZ„Å:ÒV´]Ì ËkO&óerY&/Tf„9qY@£ôÀö!ßë˚uÍ∏_œ“ÃeÕ<è‰9œ)yN¡≥eÚ,\ñ…e	D 4˛5ö°àÀ"∏,"xæVÒl¡shÜ"»‰ä‡9Õ<áLàÄh∆Ä g¢"P3ºÚÈπ_˘≥>Y?ˆ√?∆?¸˝?ËŒﬂ˛i ÛL«èÁô¿Ωg≈üˇ6@XÅ Ø∏Ã\ëÄ98tÂﬂ 3πÍ™˚ï“—⁄»Û≥9Ô ¶§ØA£pøÊFQ°πQTàä
≠5∆q$"(•–Z†µ∆˝∫Æ„ÅæÌ+æÅø¯£?„?Z)Ö˚µ÷x~∆6“ïé§àÀö°àÁQô<_•+‹o<Î>õÛ„º ôºPëAFÚ¸Ù—ç˚E@&/TóEpY&œcæumZ–‹ (*‹Øπqø¢¬s{Èó}i˛˙/ˇöˇ+^Óï^Åó}≈W‰Â^ÈxnC&˜Î#xeŒf)”@_{∫⁄—†qY3œRƒ≥drYD@&œ°ôÀöπ¨öyAkçR
˜kÊ*Çf(<ßLû%ÇÁë	\÷E<áû%ìÀ"xô¡‘Õ–	ö!2π,ÇÁ∞ŸÒBÒB5Û<"xñL`ÄfTÑy6ø√;øÉ˚˜èÂ◊~ÌóÛèˇ‰œx&›˙î[0WË)á<ì Ê
sÖÅ®¸57 
ˇ≤LÆ˙?ÆÎ6(n Ï≤GNﬂ†Ø¡57 "Ç (*47ÓWJaGÓóô t]«s˚ã?˙3˛‚è˛åˇ]◊1é#œÌ	è{è~±†+}Ù<∑fû•äxÅ" ì™€Ï†ÒBE@&œW$…ı—3‰¿ê}Ù<P&œô\v8–ïé ‰9Ù—”‹ (u@Q†πQT∏_DêôîR hn‹ÔØˇÚØ˘ﬂÓ√>Ó£xç◊xm^}])<áq∫M®" äxÅ"xë5C&DpYD PJ°ôÀ2!ÇÀ2!ÇÁQëê¡Ûï	œ#"¯EB5‚˘*Çfû%2!ìÀ" ìQ3t2˘eBdÚ@Ê
(¬ E∏ÒL/ˆ‚/ñ/ˆËáÒ«Ø¯g˙ÍØ˚ sÖy6Ò¬ôgsÂﬂ®®pE„Ö…‰Y" yN˜‹qˇsû”äˇÁ*œi‚?U)Ä√√CŒú9CômÚ¸ﬂ‹`§0LI_É˚ ö Õç¢¬˝"Ç˚ïR»LJ)<–ÊÊ&ªª|€W|ˇô"ÇÃd>ü≥Z7û∏«ÒÑ¯xáw `l#}Ù¸KöyÅ2!2πl»ÅÁV∫BQ·Ö…‰Y" ö˘ı—¡eô<è»ÑÕnÄ! "∏,2yñ!ä
œOQ†πëôD@s„π˝ı_¸5/˝r/ÕˇßŒú·/ˆbº‹+Ω4Ø*ØÃã™è`»‰˘j+Ë6¶ÅÆv¡ÿxÕPƒÛ»‰≤^®.ã J)¥÷ 
ô¡s»Ñû%2!É*íÀ2xô\¡eô¡òfûSóeB&/P$œ&»‰≤HûW&œí…c@ÄqÖy6zÂWzˇ+}7_˝uﬂ¿/ˇ¬Ø`@ÄπB<'ÛúPW´ øÒ[ø¡´Ω∆´1gŒïRxNçÁê<ßhº ô–Ãs¯ÏO˛dŒûﬂÂ~≠ÊÃßë˚µ⁄∏Í?Nô
/L´ç*.‹ÔÃô3|ı◊5ù
∏–ƒ≥dC&úÙµ 0$ó†Ò,• ˙Z8\Æ«Ä˘|œ≤:XÒ…Ôˇ—¨¶ˇÊu@)ÖR
 ?˝c?∆˝Ê@s£®–‹∏Ã@pÖÒ,]ÅLûØ»hD@q†¥¬s(<ß‰9E π"¢—/≤Ã¬Û\ë D≈¢ê<Ø¢@Q°πÒ¸¨V+J)D$Wû√ú9˚Á˜πÁé{¯Â;~ô∑~˚∑Ê~mj¸wõœÁ<–+øÚ+Û∞G<å7x≥7 `æuúquHõFJÌh<ßNê…eêë7¢çF·∫m0Ù•ßµ∆8éî2ßπQJ°µF4C/P/P&D@&D@R∏Ã@HÄ‰ä‡Ö
`lPê@œ#x¶ÄLûC&Do„∆sÀÑ"^†.À‰9DpEl”@D@BPx¡ã¨äxñf» ‘πq‡£?˙£yπó~i~˜wˇ–ø˜{ `ûó ÛlÊŸ®<”ó}¡óÒjø¸j¸W˙ÍØ¯jnΩ„^ò+Æ˙üÈê/˚≤/„>·x~" Å>Ä!ìÍœ$Æ0œ“Û˘ú’jE)Ö÷Ö¬˝ﬁ˚Ìﬂô’¥‚ø¬Ìœ∏ù?¯Ω?‡_<á"hÊ94CW ä∏,ìÀ"xÕç¢BD ê$ˇZE–Ãã,"»L"ÇÃ‰˘…L^êàÄ‰≤Ê@Q°πÒ@Û˘úq(•–Z£πQThn<?«¿´ΩÚ´Ò?Õá}ÙáÒ
Ø¸
<∑’¡.•vî⁄Ò@]ÅL.ãÄL»ÑÆÎàûC& tòÁ ¥÷∏_œ#"xñLà‡Y2yñL.À‰Y2π,x^Õ\<ØLË
åH^$\÷dBdBdBˇ%"xñL»Ñ˛U2yë`Æp4s? Ω∆kºØÒØ∆Ô˝ﬁ´˙æ‡Àƒ≥% ¿<‡Àæ‡À¯ó4sY34Û/jÊ˙„?˙cÆ˙ﬂÌ˛‡¯É?¯®(JÅÆhH.ÎÉgK ÄÄ"(‚≤"h≠QJ!"x†o¯äØÊø Ìœ∏ù?¯Ω?‡_%π,ÇÁ–E\÷Õ¡s(Ç¢¬˝2ìÁD ¡Û”Ãøh»Åä2ì˚e&cyQd&˜+*‹Ø®@≠5 J) d&ˇí€Ô∏ù?¯„?‡ø€+º“+aÒa|ÿGﬂ˝√ﬂÕ+ºÚ+¢Í
dBdrYóµ÷x•@◊ATJ!"(•@Õ<èàÄLà‡≤û%ìgiÊ9D@3ˇ¢"û%2π,ÇÀ∫Õ¡eô\ñ…≥dÚ,ô<K&DpYdB&óÒ<"x°ö!ÇÁë	ôê	ôê	ôê	cÉL»ÑL^†Ã‘Ã≥4Û"i‹x&s? p3`¿ØÒØ∆/ˇÚO˚’^Ì’ÃÛg¿Äsï¯Éﬂ˚˛¯èˇòW~ÂWÊ)‚94sYœW4Cœ·´ø‚´πÍˇÜ/˚≤/„’^Ì’ (ÖÀZ„≤Rxñ>ÇÁ/ÅÄf(ÇÆ¿ÿ∏¨Î:ûeÇo¯äØÊœ˛Ëè˘œˆ€ø˝€¸{ççg…‰Eí…eê	AfÚ¸d&AD%3âÓd&˜ã Zkº Õç˚ûüÃ$"∏_◊u 47 ä
œœÌw‹Œˇ¯Û_Ì∫õÆ„ÌﬁÊÌ xÖWz Ê[s˛%m)µ†2π,"xñ«ëÆÎ (•@k<Kk4Û<"Ç÷ E–ÃeE¸ã2yE<KóAW$ˇ¢ûØÆ@&D@óuöπ,ÇgâÄ÷∏,ÇÀ2ycÉD@4ÛÔ¡ø®+<K&DôIf“Z£îÄ÷V\s äxñ"hÜ"^4mÑû…®Ä
Wå<–'|¬'™Ø˙™˛√?¸C˛‡˛¿ºpTûÀo¸⁄o Ø¸ <K6®ÒLÖÀJöÕPTxn≠4 W¨V¸¡Ôˇø¸KøÃUˇw|ıW5ü˝ŸüÕÓ¡. •,A "xñL(@d	M–ÄñÄasVx†Ô˛˛Ê˜~Ô∑˘ü`≈]ÈxsÖxÕ\÷≠qEÖëgõ3g50ØõåeE£A·˘+–hº sV”! Û∫…»äÁ`(* 47®\÷hP∏¨—†pY£—h ¨¶Û:Á9òÁ—‹x~∫Æ„˘)*‹o5≠hn<Àƒ©˘|ŒKø‹ÀÒ“/˚≤ºÙÀΩ«èœß∆˝∆Pƒ•„˘iÊ≤".kÜ"H
‘ÕÊåçÀ
@)4Û,•Ò,≠5ò†PHè\&ûK$ <èà@&óêê$¡eôô<[ d·95®-Å‡≤@<K1œR
ó%œ<áêê		DºT∏_Ñì¢Ëy~äÕº@	DrY – –@ •v<?çg4†lê…eÕ<SÅ(<ãxN•Ó7ﬂÇ◊{£◊„ëèzèx»Õ|˜˜ˇ0/¡s˘Ωﬂ˘=æ‡ÛæÄ(Ä‡9ä
/™?¸˝?‰™ˇ[~˚∑õﬂ˛ÌﬂÊπµ•@)¸Î5û√ü˝…_g¸∞9ﬂ‰™ˇ^«èÁ´ø˘õyÔ¯ ^˙Â^Ä›É√îSÚ@Õ¸ÀThÜf(‚≤!û[W∏ll\VƒÛ5ÆGwynE<KDÚ¬drYDBerYdÚ"xæäxNH˛’öxæ"∏,2yÅÇ$s †®„Å2Çå†2!ì(2 ÉÀ"z"zJÈxnÕ<ß¬î…Û
û-∏¬‹¿ ‹¿‹∏ﬂÕ~0Ô¸ﬁÔÕ;º€;B<ø˜;ø«Ô˝ŒÔqøfûø‰jj<?˚¿¸˛p’ˇ=ü˝ŸüÕÛ”œí…eô<…s¯≥?˘æ·Îæç;oøù´˛Ô8\Æ8\Æ¯üÍØˇ‚/x†Æû[&qE&œCTx~∆6r8røL»ÑÆ@4√ÿ ìÁq∏»8Æ«œ≠àÀ2É&ÇÁê¡eê¡≥D@AD@ˇ¢fûìÄ Ûµ⁄›eH^†bûØL^d= Õ#ô‹/" 2!ìIk#á´≥<Pó5C3–xÕ\÷Õ<KÒl¡sRP^ê{â„Ö†Ú¸ÓÔ˛.ØÒZØ@œK@ÅppøÃ‰ÖŸ=∑Àó}Òóq’ˇ]ﬂ˝ÌﬂÕ{øˇ{Û‹Z„Yä†hÊ≤" ∏¨%œVxño¯∫o„¢{Œ›√øF—ú˚.WÃÁ<_g9¿úÁ¥‚ÖõÛúV<€YŒÚ<&ûSÂ?’j≈Ûuÿ\Ãi„ä:~¸8ˇ]vww˘Óo˚6^˙/ˇíó~ŸóÂ•_ÓÂÿúw åS Çô®pø"û•+ôê	06(‚≤±A·Ÿéü>ŒÒ≠„å„ä&3àH^T<èLà‡≤fûC)ê	ê‹/2…ÑûÕ<[Ög)]«øEœí	ô¡—ÛÇqY3DpY&drY <_•t0Ò|qYH†óÒÇœIÖÁ°¬s˚·Ô˛n˛Ïo˛éÒBºÛ;ø3Ô˝¡ÔÕ^ò¶F14Ò<æÏæåﬂ¯µﬂ‡™ˇªÊÛ9ˆqÕ+º +∞Ÿuô å≠Q<ÀhË
œ26û√ºŒ˘≤/˛˛‡˜èÀ&˛«òœÁîR∏Í?NS„Åä√00é#ˇ›é?Œ£_‚≈xÂW}U^˘U^Ä’¥‚ÅÊÛ9ˇí"˛E\ñ	\ñ	Ö˚mvÛ˘ú’j≈˝ä
/HD …%œ_DpY&˜+jå®Mç"à‡≤T·9∏Ò¢äÄL˛ÖÁ‘x	<@·Å2πl»ÄæûS·~9røL 
œ©ÒÔ—íg(YxNçÁ÷ÃeE–Ãsÿ=∑¿WıWÛ«¸«¸ˇÇO˚ÏO„5^˚5∏_q·Åö≈Ö¶@14A1ó5qŸ¸ﬁe_e¨V+Æ˙øk>ü›?˛√ t•@95"†h»ÑfûØØ˚ÚØ‡~ˇ˜xñâ´Æ˙ÔSyñW~ïW„É?Í#x†˘|Œø§àg9a≥„≤!°äxñûCC& õ]«|>gGZkîR y°"x…@Q£π ê‚9¥©–.KûÉˇ±
œ©ÒíÀ"x¶¬erŸêcŸúÕâ‰Y2
AfrY6ûCûS„ﬂ£ÒúJûS£äxæöyø¸ÛøÃWıWÛ"¢"xÕ◊~MÓdÀ‹Ø&É2dpŸè|ˇèp˚m∑3MW˝ﬂUk‡∆õo‚∆õo¢D@N#Å•Ä	JÄ Ûlﬂˆuﬂ¿Ô¸ŒoÒí´Æ˙Ô<Àw‹ŒOˇèsÁÌw ¡ç7ﬂD≠ïâ$(‚≤"0PH Ò,E`†Y‹Ø/ÖZ+„8¥l
ûâÁ`^8&∏ü≈spö"ê à‡9ôjÇ‡ä&˛µÇÁdûÉπL‚ôÇ≤π¨®–ód,êπÃ
lsøê±y6œ…¸{òÁ "€Ä1‚Yö!ƒeÊä?˛£?Ê„?Ê„˘Ìﬂ˛m˛(¸nªı6Ù‡Ò†?Ä x† ∞Ã˝$∞¿,¯Éﬂ˚~¯˚Äiö∏ÍˇÆZ+ ˆGÃ[ø„€≥3õ1fr?ßë∏Ãƒ≥HêÊYæÌÎæë’∞‚9$W]ıﬂ'xN	w›qˆGÃOˇËèÛ˜˚◊úπˆZÆπˆZ ÊÛ9”4Ò@E`†ö°àg©2A‚≤L∞ÒL¡˝˙R®µb€ÿÊ~∆
ö∆ÑâÁ`^8g`… X<á∞âÄLà +xNÊÅÇgûSk¡ø xN d0WH<S@6t•#ù ¥0H`AD≈6 ≠5“‚Ÿ<'ÛÔaûS8 ∞Õ∆@àg	A3ò+æ˙+æöˇ—`µZÒØÄx˝Ù/ˇ4 Û˘úÁ‡¬sP„ÅÓπÁæ·´øÅ?˚„?„™ˇ_^˙Â_öœ˛ÏœÊÅV@Wxñ"û√ÓÓ
Ä~˜˜`5≠∏Í™ˇmÆª˛:^˙Â^öá=Ê—º¬´Ω2˜õ◊9/îxê	\VÇglŒ6h≠qôx¡ÃtÊ9dûCöóhP
œ•@ç	ó
‘h\ñ<¡…eÖÁ¡eô\ÖÆ—≈<è&(.‹o»Åq,lv<[®—∏,Å‡9%<[Ü"^à¬57hµZqø?¯˝?‡«æˇ«∏ıé[˘7¢"∫˝∑ÛjØ˘j‘ZyN¡sêy†ﬂ˙ıﬂ‚ß¸ßπÍˇü{Ó∫áõt3∑‹r˜S·9Ñx´’ƒø˚{sø)'Æ∫ÍõÉÉûÚ§ßg¯«‹y˚∏Òñõ®Qy°ƒs(Äƒ≥ÑÄÃ˚9∂±Õe‚9 @\!ÆH !i`œA<c.K.ã‡π‰4óâÀÇ‡Åå!y^0 ¿@@òÀ"@ÇLê@P¬,®	œ ˜+*Ä)‚Ÿ<ê1óâ+0`Æ0 Æ0Ò, ÅÕdÃM”¿ó}ÒóÒ√?¯√ÏÓÌÚÔ@·Et˚m∑sÛÉnÊ°{(œ)x2˜ª˝wÚü¸È\ıˇ◊˛ÒÚŒÔ¸Œ‹Øœ‚9|›ó}wﬂy˜õr‚™´˛7ªÎˆ;¯≥?¸c~˙áú;nªÄõnπÖÁK@äxaÆ0 òu3lcõR
∂yñ‡9	0@ òÀÑ ÇÊF(∏L<cHû%ÇÀö  »6œMç  0ò+Ã≥ô+a.ì∏ÃlÆP –‘∞L‹Ø©aqY1X\÷X˜r†W@-åe,∆êÄ∏¬</Ê≤‡Ÿlê¿ÜfdÃ˝Œoˇ˘°…Ì∑›Œ 
ˇ
¯{»ÎøÒõ≥µ5ÁŸ2¿"πﬂ/˝¸oÚ◊˘Á\ıˇX¿Ì∑ﬂŒ´Ω⁄´êâg	Ò,ﬂ˝ÌﬂÕÔ˝∆ÔÚ@SN\u’ˇw‹v;¸˚»èˇ‡s«m∑C-,666∏Ã\a.+‚9D ‚
AW: lcƒ≥0`¿ÄÅ‡9 !û)0∆òPÄx∆`û%ÇÀjÇV0‰@s£π.ê
Ç‡~NÉÊŸÃÛ\aÉÕshÜà  Ç‡ÅÇ 0¡s
 Ä   r †ePƒ≥Ñ
A NÉπ¬<'Û<B<õÀB\÷lå1&Ñ«?ÅoˇñoÁøˇ˘D·_È¸π{yÕW~MòÄ	®'ê@B	ø˜[ø«◊}ıWq’ˇs∑ﬂ~;◊›x◊›x≥æÇÑ`˜`≈jò¯Éﬂ˝#~Ùªà’¥b â)'¶ú∏Í™ˇ´Ó∏Ìv˛¯wü_¸Èüey¥by¥‚Ùµßô⁄ƒ‘&¶6µí@	8ô&m2ÕˆlãÃdÚD∂y·ÿ`Éç0`¿ò˚cõfj&0a  ·6∆”A≠ià@¿l∞	 Ä ∞yNm'8A´aå1∆Ñ0ÅÅ<Å'Bâ∞	ô©ô†j8`¿–ÃÑ› Ä 0`¿@0Å∏ÅÅô‹ËÅ±É˚57L√$&1Is2
&ÃÑ'ÿ∆6(∏ü1´É]æËãæòo˚ˆoÁ÷€nÖ‰?Ö•€Ó∏ç›Ú tÀÉ∏,xææˇ˚æü€ûqW˝?\ˆ«Ù«º˝;æ=µVh5L |Ó« SN\u’ˇ7O~¬¯„ﬂˇ}Óº˝$∏ÒÊõ ®µÚ@Åy†æv9 –‹0∆cå1∆cå	'ÿ`É ‹Øπaå1° Õe0WÊÅLÄHï˚Òö¡@ö!ÊπDÅ(  Éx∂LB¢Q0A`∆ìNL≈@öÀLê.ò¿ògr	 2! ‘@&x^Õ¶HôÑ
˜°ëê1¡˝d#ŸÑÉÁ†‡~˚¿á~¯Gr˚w,…$ƒøVÂ≤_˛˘_Ê≤ Ãeø˜;ø«|ﬁp’UTûÂï_Âï˘‰O˚dh˜`≈øÛ{sø’¥‚™´ÆÇWxïWfggõ¯à„~≈ç⁄òœynEÖÊ∆s+*‡ëÁ†éÁgl#]Èx~äx67®Q¿2!ÇÄf^$Õç¢¬ÛÂ$œAœi≈söÛ¬ÒçÀ2°5Ë:àÄ÷—<“G0dÚ¸drYDêôD,ôADRZ„YJ«sP·~ˇ¯√ﬂˇC˛‡˜ˇÄ’¥‚9L¸G¢Ø\ˆå€û¡kæ˙kBƒs¯˛Ô˚~n{∆m\u¡≥‹q«<˙±èÊ∫ÎÆ`wwó~◊˜ÁÅ¶ú∏Í™´‡Æ;Ó‡‚˘¸¸O˛4wﬂy' é?ÕÊfO)A)Aâ¿ÿF“âÈDôâ$Ó
 !$∞A‹ C6ö  ˜+sEö¡Ä0IP pkƒe° ¿ºhå1∆cdÒúTxNTT1œ©®a ¿l à *óY@`ífÛ@ckî §@ô	ÄôÅd$‡AÿÖ˙É?¯#æÏãøå€oªÄ)'ûCÚ	ÒØ4ØsÓ˜…ü¸…ºÚkø2Ù›ﬂ˝›¸˜ˇ0W]ı¸ÃÁsæ˙€øÄÔ˛Êo„èˇ∏Í™´^4Û˘úó{˘ó„>¯∏¨Ú¬M<ß 7Òú*œaŒsZÒ\&^∏ sòÛúV<óâÁTy·&ûSÂ_g‚_ßÚ¬M<ß sZ≠∏ﬂ∑}ÛwÛ¸«¸B¸+ÕÎú˚=˙—èÊãø˙ãy†xø‡ˆg‹ŒUW=?Û˘úZ≠V\u’U/ö˘|Œˇk/\Â9M¸«™¸«öx´i≈!Çá'<·	¸ÙO¸4˜˚Èü¯in∆Ì\u’UW]u’Uˇ£Qy./ˆË„ÃÈ3‹o≈sZÌÓÚ@Ox¸x¬„ü ¿ˇ^Ì5^çjÓxN+˛KM<ß ˇqs^ò9œi≈¥/\·95˛KM<ß söxNïˇeÊ¸œ≤‚ø‘ƒWyNˇ*Û˘úZM+˛sÕy†¬»s/úyN‚Ö3œI<á‡9%œ≈ºp‚9œ)y.Ê9ôN<'ÛØìºpÖÁ$^8Ûúƒs‘*œeŒø«ºÚ<˛·˛Å≥gœPy.€ßœ⁄Øˇ⁄‹oˇ`üÆv<∑qÈj«jZÒÑx /˝Ú/ÃyïÁ4ÒÔ¥‚πç„H◊u\6ÒÔ2z§Î:ûe‚_ßÚlŒs®<á6éîÆ„~s˛uVºps^∏œeZÒ_iG∫Æ„ŸÊ å„
ÄNºP+û”ú• Û«ëÆÎ¯è1Á_•Ú<⁄8R∫éã2çtµ„˘Yç#tœa‚π¨x·Êºp+^ò’ƒøJ1œ°â™x†Î:.õxNï•9/‹äÁPÁ<áq`ﬁu ¨¯◊ôÛúV<ß9œi≈ø`‚_∞‚9ÕyN+˛≠∆q§S«© ø“úùœiŒÕ+ˇ.´i≈ùwﬂ…Ÿ≥g®º ˜‹{ñÀJ†´ „4Ú@ÖB©Äq5ç<Úí™ÔÁ√ä¨ú Üa‡2ÛÔ#ÜÅg1ˇ:‚_–Û@}CÚ‹˙>ÜV<P_;û[˜[y§´„4–’éqy†Ævå”HW;≤Òú
œa’x°
œip–◊`òíßFWœ°Ò\˛µÜa‡ŸV<–‡∆ìçÁ–
å”@W; ∆i†´œC<_√0¸ıºPÖÁ‘V<á“Ò¬îi§t‘∆ëÏ:˛-VyÍx†∂:‰9$œ•¬≠x·
œi‡9îûú^ê6çî⁄–¶ëÁß‘é˚µi§‘Ä6çt]¿0 åœ°´ºPcÚ∫XÒBï¬sP„Å
W¨ÜÄ¬øN„9%œiÂÄÆvå”HQ«3L#}?gVÙ˝Z„ÅÜñ<ß }?gVÙ}a˛≠º0„4“’éßëÆv<?„4“’éqÈj«8ç tµ„2Ò"Î˚ûaXÒ¬Ù˝úaXÒ,•ú¥ˇ*]Åqπﬂ|>Á®<˜‹{ñÁ6N#/ä6çî⁄–¶
ˇ*√∞‚Ö«@◊ ∆q†Î: ∆i†´˜ßë¶´„4Ú‹∫ÆcúFÓ◊’éqËj«8çtµ„~„4“u„8“u„8–u „8“u=4…Û3…“∆Ä“u ¥q§t˜ßë˚ç”»sßÄq)Íx†6ç<uº0m)]GG.´ÄaJ∆©—’¬85û€85∫ZxQå„H◊u<∑qË∫éqË∫¿8ÆË∫9„4Ú¬u<–8ç‹oúF ∫⁄1N# „4–’éqÈ∫é«ÄÆÎ¯∑ß∆u‚9å”HW; ∆i†´„4“’Ä6é îÆ„~mπ_È:û[GJ◊qø6éîÆ„Yç#ÛÆ„?€86 ∫Æ 0é#]◊1é# ≈–¶ÄR;Ó◊¶ë˚µi‰Öi”»µi‰~„8Ú‘Ò@„8Ú@]◊ÒÔ1NÄÆ^my†“uº(∆q†tœœ8ç‹Øç# •Î h„HÈ:Ó7+ ÜaE1œIÖÁgV √¿2é#]◊0é#]◊0é#]◊1é#œ≠´ „4røqÈj«8ç tµ`úF®´˜Îj@W;∆idúF ∫ÆcGÓ◊u/»0@·ÖÜœœ85∫ZxaV„»ºÎxa∆i‰Ö†ÚÔ‘¶∆sk”»s◊+∫ŸúÁ6é+ ∫n¿8ÆË∫9„∏†ÎÊ å„ä+Ê åc„Å∆q‰Å∆i‰E5N#œœ8é<–8ç‹oúF ∆i‰˘«ë˚ç„»˝∆±–uÖql<?]W «F◊Ò⁄8rø6é‹Øç#óU˛U⁄8Ú*œa5éº0s†ç#˜ß∆çS„Å∆©qøqjt* åc„äëdG∫ÆcGhGÓ7é+Ó7é+˛%mπ_È:ûüqßë˚ç”¿8é<?„8Ú‹∫ÆcœO◊^T„4Ú@„40N#Ögk„»Û”∆ëÁßç#‘∆*œa5é‹o5étÖÁkWt›úqlºp+∫nŒ8Æ Ë∫9„∏¢ÎÊ<–86Ó7é#˜k”»˝⁄4Ú_a5éÃªéÁgGÓ◊uœœ8Æxn]7ÁÅ∆©qE„ÅFû”úÁ‘∆ë¶Òú⁄8Ú*œ°ç#˜k„»˝⁄8rô¯çc†Î
„∏¢ÎÊå„äÆõÛ@„8Ú‹∆q‰~„8røqy~∆i‰˘ßë˚ç”»Û3N# „4ÚÇå„»ç„»˝∫ÆcGû”@◊Õ«œO◊Õ«xŒ˝∆©çyN´q‰~ÛÆc5é‹oﬁu¸®<ó’jóïœ≤nP
œ°5(ÖgiJ·≤i≈sòxñqΩ‚« ≠Æò”⁄Hk+J·V<∑÷∏¨h≠oUJGk#•t¥6Ú¬î“—⁄H)Ä÷∏¨µ•^∞ „»4é<À8ÚFûS° –’éqi-∏¨hJ·≤÷† hJ·YZÉR∏l‚Öõx+û€äçë+ZÉR†5(ÖgiJÅqiZK†¢*n 47ä
ç∆sPœ˝⁄îî2gàËyA2"z†ÒÇî¬≥¥≠çî2Ú¸å#œ◊»øŒä9œi≈söÛ‘∏¨ Jk<P£@•5húF^êq\ÒÇ¥•pŸ8Æ∏ﬂ8Æh`≈Û”Z·…àË»àË›xa:T(‹olçÆ®))nåC#¢ßûe!J·≤’j§û√ÿFûüq\Ò¸Õy†∆@© ´âù
¥•Z„ä≠A)\6Òä‘<Ú@#/ÿ8rŸjµ¢«/LkP
óµ∆3JÈhm§îé6Pj°M‘Û@≈ç±5∫Rx~öœ©Á9<ßû*•—œ4ÚÇå„ädW<À¥‚_£®„~ckP
¥•∞Gû€Í`≈8%œDÂE—œc!ÇgiçÁß5(Ögiçg)ÖÀZ„9¥6Ú@≠Ò2!ÇÀ2yñLÄÅàûÃÅ˚EÙd‹/¢'s  ¢'s  s‡~ôœODOÊ@Ê @f·9%/äR
œ≠5.+Z„YJ·YZÉRx„4Ú∆"†5.À‰≤R ìÁê…ï	\QxQµ∆s(Z„≤R†5ûCk\÷œ°5»Ñ.ÀàË…àËπ_Ê¿íôåÈjGNI‘  s‡~=„x»˝2"z2"z2(s 
<K&DpYk<è÷¯ï≠Ò|ï¬Û’î¬ø^&œí… Ù‹ØM#Tº0≠Ò,•,≠Ò<Z„Y2!2!Z„Y2π,Çg…x~2Z)•#sÄ‰äR†5 (ZÉLR5»)HÒ∆÷x†Ê•t dd(2!2π," "¯ï≠qY)–⁄H)≠çP∏¨M# Öéï÷∏¨5û%ìg…‰9^ê!ì"ûØ÷†hçÀJ·≤÷∏¨5û•.kçg…‰≤R`π,22"z∆Òê‰î‹/s‡~≠ç§: ∆÷xæ"yNœ)â 2ì»∏_f!ÇÀZ„_≠û•5(Z„YJÅ÷†û•5(ÖÀÜL˙ûe!Z„˘*Ö†Ú/…‰≤÷†û•5ûGk4Ò<Z„˘jçg…‰ô(¢ ê…e≠A)\6é\V
¥•pYÊ@k#•t d¥6RJ¿8RJ@Ê @k#˜km‰πï“—⁄Hk#˜+•£5.+ZÉR 3π_DêôDôID –Z„ä@&DpYk<á÷x≠Ò,ÕTJœe≠qYkP
 dB&óeÚ2yæZÉR ìÀThm‰Eë	<Kk<À8BóeBdBdÚ|e d å„! •t¥6PJGk#ó©pø¢BNIõ˜k4Ó◊⁄»skm§îéq<‰~•t¥6rE†5.+∆JÅ÷†˛’2yñ.ÀÑhçg)∆"†h`‰~•t¥∆e•pYk#TÇ+2πﬂê…≥r∏ﬂPzûCÚ<2yæ2y°2π,ìÁ+` †µë¶µëÀ\xñLû%ì˚Âî<–êI¡ê	@¡µ6RJ@kP
¥•,„•@&óerY&ˇ¢Là‡≤÷F2 20œIº»JÈ ìI& -ìj¡shç®5.À‰Y2π,2π,ìÁ–î≠Ak<Kk # ≠çî“ëSêS–h<–ê…˝˙h»§∏Òú •t¥6rø÷ ≠Ú@•2y≠A)ºPê	ô<áL.ãÄL»‰ydÚlC&˜+ ôº@• T^≠@k<á÷x~2y≠A)<á÷x>F®µ¬skZ„YZ„≤÷ FÓ◊⁄»µ6rø÷F˛5Zyn≠ç@†5.k≠Ò@≠5 Zk ¥÷xNÖ˚µ∆s(ÖÁ–î¬≥DºZ„YZÄ÷¯—Mê9‹"z2"
ô<À8B)<è÷∏¨5û•5hç¡»Û”⁄»˝Zπ_s„9L\÷¶∆eïQk#‘⁄»µ∆≥¥∆e≠qYk¸ãJ·≤÷∏¨ûe°hçÀZ„Y2π,2y¶Äàûq<
 ôôT\x†ëÁTh ¥i§‘é±5®Z„≤R∏¨5ûGkP
óµ∆Û(Z„E0ÚØ“îô<K&‘¶∆˝Z·≤!ì˚ô‹ØàÀZπ¢–óµ∆shçµR∏l°ÄÄÃÅÁ's †µëR:"z2Ó—ì9pø‚∆øF∫Ò@ÕÖ*Ê≤÷†ûØ÷†5(ÖgG(Z„˘jçQk#Ö@õóU^†!ìUk#˜k≠ÒÇ¥∆Û’óï≠Ò<ZÉR†5û•hçÁ+ìÁê…eÕç*¸∫é†Ú‹&`µ‚~ck t•0∂∆sk<èº ≠Ò|µ∆e•ZÉRV¥∆s(Z„?E14sY4ÒBØ hÜ"h‚yî≠Ò|ï≤¢5(Z„YJÅ÷x≠ÒZ‘Ò@#çÁ‡ë*Íx†∆3eBî≠ÒZ„Y
ê<õG Zhm‰9ÕiçX—î≠Ò,≠Ak<K)–î≠ÒsY3AS·95 2π,ÇÁ46ä
ÕçÀ¢Á~ô¡≥ö∏¨h`≈ã™ûGk–óï¬e√ •@k<á÷x≠Òµ6rôÄL Z◊¡î¡˝Zé•@k‡ëj<[õF`‰Åœ÷œ°5hçÁ—óï¬≥î¬e≠ÒeBœí	<èLÆH7û≠@- ›àË…àâÁê<óÄL.ãÄRV¥∆s»Ñ^®R†5.+ÖÀZÉ÷†.k`Nk#•t<+Ó◊⁄Hk#‘»Ñ⁄¥b‰ô" ìÁV"x†ÊëÁ4Ú@çgk`Nk#•t\±‚~≠ÒZÉ÷¯wi4 “4.À‰≤` 3â.ãB&óE@£ê9¸DÙ dDÙ‹/s ¢ÁäëÃÅàû+‘î¬e≠A)<Kk<á÷xñ÷¯7Y©„≤LàÄR†5 (V+Zk<ï—·8Ú@}C&ÖÁ‘í≥÷xñL.ÀÑ»‰Y2!2!2˘WãÄqÑR∏,2π,ìÀ ∏,2yñ»ÑLà‡≤f@<K&¥∆eôô¡≥¥∆e≠ÒZÉR†5ûCk<K)@&œ£5(ÖgI† Ü¡I¡ê	@·2!ìgâÄL.kJÅLûÉ∏¨5^ÄëÁß5^†Lû•5»Ñ»Ñ»‰˘jôœV∏_k<ØLí‰~≠RJ«˝2ìg	H 2y°" ìÁê	\ñ	<á÷xñ÷xñ÷xñR†5ûG)–œ£DÚ,„ ô<áL»Ñ÷†ÚZÉR∏¨5.+ÖÀZÉR†5^$„»≥D¿8rYdB&óE@&œWk<á÷∏¨5(ÖÀZ„≤R†H.ãÄÃÅ˚5è–xñ÷FP·Åö°.kçÁê	ô<_ô¡eô\¡≥¥∆≥¥∆shçÀ2!b†µë≠RÄL.À‰9dÚ¸ô<á‰≤R†5^# ≠ç¸K2π,Çg…‰YZÉRxÅZÉRxñL.kçÀJÅÃ 3h≠ú Z)•†µÄ÷F JÈ»x†ÃÅ  à(dÚ2yñLà‡≤LàÄR†5(Z„ÖJÆà‡≤LàÄ"hÜ‚Ñ »ÑL.ãÄqÑÆ„®º ªªª?~ú!ìÁg»‰YZ„~i.ã‡≤L˛MZÉR∏l°hJÅ÷†5ûCk¸´¥∆e≠qYk\!hÊŸóµ∆shçgKhÜ"hçÁë	≠Ak<è÷†hJ·9drYdBdÚ,ô–©Ò|µ∆e‚ä	0dÚ,≠Òµ•@k –œ≠âÀ2π,2yñ»∏_D!ìQ&¥•@k–œ£5h@4C¥v»s*<Pk<ó∆skm‰˘Jh.¸kµ∆e•@&¥∆e≠qY)\÷œR
œW&œW&œWq„_cl<ßÑLû%∆ëg…‰≤»‰≤÷†û•5(Z„≤R ìg…Ñ÷†.G.+Z„y¥∆shçÀZ„9¥∆eÕ\÷¿»Û”⁄@3œ£5û•5^d≠qY)–¥∆s(ZÉRxÅ2®µëR:"z2†pø.À‰≤LË‘xëî≠1Úú:A&óeBœí…Û1ú
 ≠A)\÷œ°5.+Z„9¥∆≥î≠ÒZ„j†QThn\—qø÷ FÓ◊⁄»Û”⁄»ã™µ¬S
dÚ,ôê…eô¸ÀÇÀ2yñL  ä¥∆ÛhJ·πPyé?@¡2d@)‹ØS„ÅJ·YZÉRxñ÷x•pYk¡≥DpYóEJÅûC&œôô¡s»‰≤ !Ä"hÇÁë	\VÃea.ã‡˘ä‡˘Í:.ãÄRxñ÷xñR†ûC)–Ögâ ÄLà‡2è<PØ‡ÅZî≠Ò/ä‡9dR‘h∫ég)ÖË∏_)∞¢.kçÁ´h"∏,ÇÁ+äπ¨„ä–&œ©Ò‹2yñ†„~EÖ¶BÊ@DOÊ@pEfDØ¡sà‡ä‡9î¬≥¥∆e•pYk<K)<è÷Ä(<è »Ñ.ÀÑ:è‹Øôg)ZÉR†û•5(ÖÁ¡sàÄR ÇÀJ·YZ„Y∫ZÉû%ÇÁê…≥D¿8B◊A&œWlô =œê9pø‡9%WD@&óE@&D@&DpY&D|E|E,•,≠A)–Zœu›&≠ç DÙ@†û•ûÕÖgâ‡Y2!ÇÁ¡&œ©y§.+ÖÁP
œ£µûR: ∆ÒêÆ„≤(ZÉÆÉ÷xÅ" "xñL.+"∏,ìgâÄLûCœinê$œ≠„πEÙ‹/s‡˘âËy~2]«e≠ÒJÅ÷†ûCkP
¥∆e•,≠A)ºHJ‘qY&DJ·πPy.∑ﬁz+/‘ƒsXÒm≈ˇ/s^∏/‹úöÛúV<ßyÂ9M<áˇ—V¸ÎÃyN+˛}Ê<ßˇªÃy·V<ß9/TÂ9M<á9œi≈∂œiŒsZÒÀúÁ¥‚9Õy·V<ß9ˇÛ sXM¸[q’ø«úçyÂyÏÔÓÚLà´Æ∫Í™´Æ∫Íˇ*W]u’UW]u’ˇ7TÆ∫Í™´Æ∫Í™ˇo¯GÃ∞]ºÌ∂u    IENDÆB`ÇâPNG

   IHDR   Ä   Ä   √>aÀ  "ÿIDATxÌ‡ê$Ií$Iã™ôªGDDfffVUUUUwwwww˜ÃÃÃÃÃÃÃÃÃÃÃÃÃÃÃÃÃÃÃÃÃÃÃÃÃÃÃÃÃÃÃÃÃÃÃÃÃÃÃÃÃÃÃÃÃÃÃÃÃÃÃÃÃÃÃÃÃÃÃÃÃÃÃÃÃÃÃÃÃÃÃÃÃÃÃÃÃÃÃÃÃÃÃÃÃtwwwwWWUUUUffFFDÑªõô
œLfWwuwwOœÃÃÃÃLb˝¥O_Ò?HÏ [¿∞å<€x%˛câÁÙ∑¿%‡p◊<ß‰_gé«Ä-˛ÁXUûÌ&‡0ÚüÀ<€E‡>ÆËÅG7p≈ìÄ}ûmÃÄó‡9âÒls‡¿%‡Í¿#Å€Å ˆx·∂ÅS¿6∞l[¿qûmìˇ^¡≥ÌVûÌÂÄá#ˇπíÁt/DÆx∞Ï€¿p¨Ä[∏b‡?ñx∂5p∏Ö+.;¿ã/‹‹‹ú„Ÿ^∏ÿÊ<'Òú÷¸˜œ∂™¸˜;º*œ∂∂ÅÎπ‚`≈«¯œw∏\‚y›\‹∆s⁄∂˘ﬂá ≥h@„øÜÅ$œV∏‚`¨Äp &†„?ñπ¬¿X3¿¿œÈèÅs<[÷¿ Ï …ÊŸƒˇ˝
‡‡øóÛ¸ı¿I‡∞‡ä%`Æ0ˇÒƒ˜Á¿Sx^;¿W @¸œGÂøèπ¬ºp¸◊1/ÿÅ'ßÅ„\±\‰yâg3œf˛g°ÚﬂGÄxNÊ9`l_C<˚¿π‚¡¿CÄ„¿_ÿÊyâ+ˇÛ¸˜0òÁØÄ˘œ!Æ0–ÄòÄ%∞:¿@‡ (¿`0`ûó Ê*ˇ} ûÕ¸˜0ˇv'x¡ƒÊ
Û?ïˇ>ƒsœ…º`‚?ñ¯◊ÎÄ ˇ^ˇ≥âÁe  ÛKÄ˘è'˛Á"¯üÕ¿ t@úÓW @Ä 0`¿Ä0W$p/∞ 6Äâ+àg¿\¿ˇ2
–Ä∆ˇT˛{ôg/ÿ)`,Ä∏∏é+ê@	H^∞‡ä Æ8;¿>∞«◊#∞‰_f ∏¬@@¸˜°ÚﬂÀ<õx˛6Äì¿¿òK`Ë ÛØì<G<€ºp/:‚yòÄˇ=˛˚ôn,Ä%p–Ò¸PÄ
T†®@*PÅ ûW‹	úÂÎÄûg;‚3 @</0ÒﬂÉ ˇ|–+‡N‡8∞ ¿I†¿!p å¿>œ<€∞≈'∏bŒKÆxWÏø	¨π‚`‡4–Òl˚Äy6Ê
Ò/3``* ˛ÎP˘Ôe^8Êä”\q8	úÓ vÅC‡Ä+ƒ≥Ì‚9ô+
p8Ï {¿%`Õk‡ ∏‚¿WÙ<€>∞ÕÊ
ÒØc`
¸◊†Ú?Éx·NØ +ÆXr≈Éx˛vÄ?œ≥›‹	4†ÁÄs¸ÀéØ„E#˛eƒs2– ‚?¡Òo∑‡ä∞‡E˜*¿'¯◊{u‡‡–=œ∂<ÿÁ
Ò¢3`ûìÅ	H˛ÛQ˘Ô—ÄòŒ¿Xq≈`ü+ñ<ß‰ä50 x5‡`\ú„Eó¿ü∑Œl0ª¿∞ÕøçÒlWˇy®¸◊k@ê¸ÀV¿Xq≈]¿>œüy∂9j¿-<€cÄ«(@„_vp7¿‡1¿cy∂}‡Æ8lÒØg@<õÅˇ9®¸◊I†Ê
sE (º`óÄ9W‹¸9p(`èÁT∏bÃÅûÌp8ú„ä 0ˇ≤≥¿Y‡Ò<€WÏxp=∞≈ãF\a@<ßT˛sP˘Ø—Ä∆ÄÒ¸=∏xG\±lÖÁ<€úÁÔ1¿„πb4†Å‰_vñ+ƒ{¿∞<8 l‚y	0 ûMÄqÖ(¸«£Úüo`ûóqÖÒúvÅ[Å]‡Äπ"ÄËyNÖg3ê<ß` V¿>œv {º`Ê9ôÁtË∂x6Òl‚y	0 û-π¢ã `Æ0ˇ2Òºû\.ú‹	4û”öÁ¥l õ¿i‡$0Ïÿ‰äC‡p	ÿˆÄ=˛u8‚Ÿ6Ä-`ÿ‚E#ûìÅ ˛„P˘œa`‚ﬂo<h<Ø=`èÁUÄc¿Õ¿1‡∞	lp≈»≥Çg€ Æ·ŸˆÄ‡v‡v‡/öé∏b\ ◊€¸€5†Úá <`˛eƒÛ∑˛∏ƒãfxp#p3œ6Òo∑ú nÊä€Åß∑K^∏é∏‚n‡z`∞≈øMP ÒÔGÂ?ñÅâq≈‹4ûìxNßÅ« è·ä
L<õ∏¢Çg3`@<õy6 ‡¡¿£Ä=‡Ò¿„Ä]^∞F‡∏H`ÿ‰ﬂ∆@àÃ\!ûSÂ
•Ú«¿òùx¡Ó ˆx¡é/ºœi‚9	0ˇ6Ê9M¿ö+^	xx‡ÄK<kÆÿ„äp lÚoc Ûºƒ≥â+œ6q≈∏∑ÚßÊ?∆¿ÒÇΩ8‚¿1¿<‚Ÿò;Ûºˆ∏‚≈ÅõÅ ˛ûÁoÕ{@ÂŸÆÂﬂF\aûM\!ûìÛºV¿nÂ?∆$ˇ~ˆÅ?‚˘;º2p3ˇ2sÖÅ‰ﬂœº`«ÄWn˛ÿÃsZs≈!p/œv˛ıƒ≥âLº`Û ø_…øùyNˇ ÏÊ9=x5† # @Ä∏B<ÃÛl‚ä‰
7o¸pW$œ6Å5P∏¢NÚlÊE'^4ƒÊŸÆ	˛}4˛„‹‹	$œ&‡’ÅW„ä	 @ºp	$ˇ90œ÷Ä‡çÄ«Úºí+éÄ≥¿9‡.`…g˛st¡øOÃú'ª<[ Ø<ög ûó$ê¸◊0œÎUÄWÇÁ‘∏‚8\ ñ<àÛ¬çïª$ˇqˆÅªx∂ ^∏ÖÁ$^0sÖÛﬂÔ±@$œ÷∏‚àÃ\!˛cœÈlÂŸòx—0ˇ1ƒèûÌUÅ[ÄÇ+ƒÛó<õy—âÁeûì¯◊Iû”ã˛à+Ã≥0FÆ(¸Á1œ∂‹Zy∂}ÆÛlÊ˘ˇqˆÄ;x∂WÕ¡f¿\a˛Áz,p	xœ©p≈›¿p=ˇu‹Qy∂}ÆHÆ0Wà+íÁÄ¯∑3Wx∞«èÕÛœ…\a˛uWû◊å<[Âä‡ä¬ø›´ {¿Ì<[ˆπb8 és‡8ˇ>Ê{p@ÂŸˆπ¬Äx∂‰yH  ÒØcû”¿„∏bxuûìx^ÃøNá¿ÃÅ¿@V¿!ê\QÅ9PÅ 
W ˛ı^ÿˆπ¢¿∞ óÄ„¿
ò†à+0``≈(Ä ƒ#p‹<ÿ®<€p0Wòg3W0 ˛ıòÁÙ'<€´ò ‚y0/∫õ@(\ë@z` Å5∞ÿ:¿@ `Æ/úy∂¿´ø¬	¨ÄÏá¿∏l ¿	`ÿ·ä9`Æ8 . {\1
0„ä(\q'pÿ.qïg€Á
…ÊŸÃÃ‚ﬂÁ7ÄK\Ò¿-¿ àÁœÄy·0Òl`(ºpÆ8¿∞Ï∞	û≠àÕ‹º<[–ÛlG\q∞ls≈»wwgπ‚°¿H‡ Ëπ¢K`	úz‡WPy∂=`8¡ÃÊŸÃå' wr≈1‡≈πBÄ∏BÄπ¬Äy¡F`† =0
P¯◊ÈÄÿ∂ÅC`ÿ6∏¢„ä ‚E˜b¿Ì¿œiº!WO‡ämû◊]¿ìÄ¿cÄ∞Ó„äÅ+í+\qég£ÚúˆÅìÄÊ
ÛlÊﬂÔN‡Oy∂éqÖ∏B<'ÛºL¿#∞ 6Ä(¸˚u¿q`8ÒúÄx—Ï /¸/‹¿Î;\1Áä}‡z‡—\±f¿ãÒÇ-Äóû ¸>@Â9] nFûM<ß∆–Ä¬ãN¿≠¿üç+Æ^HÆœI@ÚlÊŸ`	#pÿ*ˇq
Wpp∏4`ì+*ÄÒ¬ô+¸p¿≥HÆhÄÄ%;¿k€¿ƒ8Œ;¿∏XlÊyu@«œÈœk¨Ä∞‚ŸV<Ê˘€¸)p¿≥=Ü.Ûº`#p8T˛sËÄ¿µ¿ #0#ˇ:;¿ãÒ¢Ÿ˛ÇÁ¥	<8\\ÃÄ4†	H Ûúû”∞‰ä%∞‰y≠x∂0Òº0œ∂¸¿œ∂<öÁ$@ºp∞ˆÅ8„øFl◊på¿åÄy—Ï73^4˚¿>pƒá\q0„Ÿ Æ ûïÁt	¯S^∏¬≥ÕÅÅ3@Âä5@Âä}‡Ä«ÒºÕÛgÆ0`ûÕ¿ ¨Å}` ÆéÒ_´Áä¿Æ8∆	 ˛e77OÂE≥Ãx∂≥¿√Ä50„_è sZO·ÖûmËÄ-Æ∏®¿1ûÌ	¿”x6Òlò∏BÄ Ãs20+` N [Ä¯ØcÆËÄ¿8Ê@3†¬	`<ï+ƒ≥	œ)ÄH Å}†`@ºË®<'ßπ‚ê+ÇÓ>Æ8Å8Œª¿¿äÁµÏ `@<'Ê9M¿å@*ˇ}:‡0á¿q ÅÇŸéó¯◊; ˇvTûìÅ‡4pƒœ©¿iÆ∏xp»;¿%Æ∏</∆…‚ŸòÁî¿¿ \Ù¸˜€6Åã¿Py·Ã	éóx∂/ö}†=W4†Ú¢£Úlõ¿£ gÄ#Æh<ß¬\Ò¿”Äßq≈%ûm‡ªâÁœÄÛúòÄËÅM˛Á8á@LÄÄ‡K ∏‚A¿m\±‡äp
∏Én zûMÄy—Py∂x%†&¿<éÄs¿4‡&‡Á@Ãf‡4∞$ Æ0œfû◊¿∏Ë ‚øóÄ∞ÏPÄˇ≤8√ê@p≈cÄÛ¿¿ Æ0∞vÄ	0ˇ:œk ê@	$ê@r≈p=∞lÛl€Äy·<äÁe¿ÄÛº&`z`ìˇy6πb‰_Ô$∞…≥† s‡UÅõ¯œAº ûìx∂8l7 è‚Es
xœüÛº&ÆòÄË˘üß:`F^4ÊŸNrE ¿)‡UÅS¸«£Ú//ÿ»≥Ì˚ºpNÛÔ≥…ˇL∞	ÏÚ¢1/X:Æ8úÁä?˛„PyN	^tí+. /\ÆƒøéÄÃÄˇ3U@ÄÅéôy∂S¿y`É+û
<∏XÒ¸u¿0Wà*ˇv	$œ∂ÀøllØWÄ(@ÂÆé+:˛ı∂π‚ØÄ[Å˚¯óı@œf^tT˛ÌíÁtâŸË¯∑+@?W·äéΩmÆ¯S^t@«(¸ÎP˘èsâY·Ö3œK<€ ˛ÁÍÄÅéÁdû?q≈>∞º8p+pœiú:†Ó6Å4˛m®¸€`ÆHÆòx—˛m˘üœ@Ã‚Ec Åó^∏x"ÆX /ú6Ä_Nh@ƒãF\AÂﬂ&Å‰_G¸Àƒø,˘ükéœKºp€¿>pl ∑ ∑ +‡.‡NÆ8‚ŸNÒÇ/¡Ω˛m&Æh¸œï¸€ÌÛlG¿pƒ€<Ø`	‹¿¿0`¿Äy^T˛kM¿0 =ˇ:#0ˇsç\1œIÄy¡ˆy˛ˆÅﬂ‰äyNÁÄ<€ ¿</Ûú®¸˚â+:^8#p∏Ëy—òÄ	0Ú?◊å@PπBº`ï+. 3`‚9˝p8ò+(\1„ŸÓyNïÁTÅCÆ†Úo¸€¿p lÒØSπ‚8…ˇ<p»Px6ÊÖ€„y˝pœﬂp+p`8û s
Æÿ‚ä€Ä\AÂﬂÆ ˇ:p ØWÅ
,Å%∞‡ñÄûì Êyâ+.óÄc<€p¿øÏ¿É∏‚êÁ$û”	‡WP˘ès8œãÊn‡·¸Àòg[ ˚¿X?À!WÃÄ s2œK@p≈ˇ>G¿„π"x—¸€$Ä N‚Ök¿p8 ÇL<[ T ÄC`$ˇ˝X@T@@ ÃÛ\QÄ}ûm `  @¿ l®@¸%ê@	$ê@	$ê\Ao<ßm^t{¿\!û?Ûl†=pÚ?«.0õ@ àÁO@ ƒœ‡_ˆh`ÿ‚?¡øOl;¸Î‹…≥âÁœ<[ ÿ:‡"0ÚﬂÀ¿!∞t@ Ä‡y	@\!‡pâÓQ¿£¯èG¢1`¿<[º∂y—›ÏÖM ËÄM`.ˇ}&‡WlrE ‚y	@<[.óx¡n ^ÅˇTû-qÖx∂∆s2W Á q≈]¿»øl‚
O^
 ÆHûìx6Ê¿p	ò«x∂‡?ó∏b .˚¿1†: Ä‡9	@Äx∂	xœ)∏b N/,x∂‰ä‰ﬂè‡;éx˛éÄs¸˚=ÅPÅ`ú.Ò_k Åã¿PÅé+ÇÁ%@<Ø=‡vûø‡¯]‡ØÄ˛„Qy∂K¿/xpƒKû”ú6πbx"pˇ:ˆÅß·ŸòÁOÄÅé+vÄK¿yÆ8∆æ8Óz`t\—‚9 ¿\!ûÌ	¿»ÛwK‡…¿ìÅ-‡%Ä˘èAÂ9›<8qEÚºnNG¿”Å%ˇ6˛xˇzWÏ {¿yÆÿ*ˇÒå¿.pËÅM†:†„y	œﬂxû”+¿ ‡A¿Çg; ÓˆÄ‡¡¿»ƒ¿ΩºpTûìÄßÛú
œ…\q;W4ûS·9%œ…<ß˚Ä«/Œ Æ0œK\a†é˚¿y`Ï ¸«0Wª¿–;@T† ‚yâg3Wò+,yN#∞Ï 7;\aÆH†–ÄHÆÆËÅx2'<'ÛlTûìÒú∂ÅmÆÿˆ¯ómÛl	ÏÛ¬˝=p3påÁ$¿<à+∂Å
G¿1`Ë¯˜Åã¿!0¿–(Äx^òg3W\ ûÃÛpJ¿WW†0#ê@pEl/ú˛ ∏ƒÛ¢ÚÇm◊∑l˚¿¿œñ<ß¿\±L¿ı¿>p çÁt	¯{‡’ ‚_ß®@óÄ#`l –Ò¢Å8ÄËÄ„¿®\—Êy	`Æ0œÈèÅCûìÄáØ¡&@<ØÇ+
œÈf‡MÄ? nÁ9Qy˛∂ÄóÆf<ßq≈Wàg€Ê<ßÅ+û‹8Fû”ﬂ∑ 7 ÆWòY@&‡∏\:`ËÄ(@ ê@ñ¿¿T`ÿ: ÄéLÄx^:‡I¿Ì<'^â]  x^=œvxS‡ÔÅ?í+®<Øá 7 ÁŸƒ6Äû-Å Ê@l¿xpT‡"pÅ+ûÌèÄ∑ƒÛ`ûóxNPÅ
¿¨Å†@Wê\!†ï+
–Ë∏¬<ƒ≥ôgp¯û◊ç¿K3ûÕ\a@<‚
qÖ∏B@
0qÖÄóéø\®<ßÅ◊ÊPÄ Ç+L@ÇÁ$Æ®¿qûÌ©\q π‚˚¿´Û¸	0/úÄ †ÿ‰ä(\— ¡…HÆ† ¡'@<õy^øÚún^ÿ·9	0/òƒƒÛg` nﬁ¯=‡∂ sz,/∫¬*Px¡
œví+.r≈.0 …O NèÊ
‚ŸƒÊW@ÂŸƒ≥ûSpE …¡'ÆœfÆ0 Æ¯}‡nû”µ¿´ ;<œ)πBÄ∏B\!ûM<Øc¿õøWy∂‡F^4‚ŸàÁœÄx^'π‚0 œÈ˜π‚—\a@<'ÊÖ`˛mÇô ÒúÃÊŸ˛xœÈZ‡ïÅ^8à+0 ûóx—\.UûÌ†WòôπBºË:Æ8\ú¿Wò+˛(¿√π¬\!ûM\a^0ÒOÄ ÒlÃ≥â+˛¯Sû-Ä‡5Ä¿Äx·òg3WàÁ$ûM\<ßx˚Ä+WÙ¿£xNàÃÄÒ¸âlÃÄ3<€œñ¿Ôhûì∏¬\!Æ0ˇπà+ƒ≥0œÎÔÅ?Â9Ì ØÏpÖx—hÄ∏B\!ûìx¡ŒøúÂ
*WúNÒØcÆˇv€¿∞Úº¯Æx4Wògœf@\a˛sÆ0Wòg3 Æ¯‡Ò<ß‡ïÄ˘∑©@„
Ê9âÁdûÌâ¿π‚WPπ‚Q¸Îò+à+Ã‚E∑ú·ä#ÆX…s˙‡<j@&@\!¿@ ÊyôˇÇÁœÄÅ8¸pœixY‡Fû?Ûl‚˘3Äx^‚y‡,á¿9‡Q¿Ω\q8WÅM‡&†pE0 ûÕ<'‚ﬂÓ:‡8L¿<Ø' ˜ Ø
‹¬≥W0œf˛„Wà+ƒÊŸû¸0l8<x(WàÁîÄàÁØ ÖÕ∏∏∏ò;¿Ï á∏ÿÊŸ0WT¿ÄÒº
œ…Ä˘◊{(W #0¸Ìøº‚¿1û?qÖÄÃøù ‚ª ¸p+œ©éè…‚95¿Ä sÖ sÖx6ÖùyN€¿!Wl TûWÃs/ö&˛mÆÓéÄm`Õê<ßøn^xqûìx6Ûo'Æ ûø}‡Ò¿SÄ=ûS<x,päÁ/ƒÛœ©ã Û'˛m(@„9`@<õ¿KèˆÅÿå\ë<€%‡Ä'^ä+*– ÛlÃÛ2WàÁ$@\!@ÄÄ ÿû<ÿ„yı¿ÉÄóéÒ¸%êÄ qÖx6Òú
¸«¢œñ¸˚ ÛúÃÊ
qÖ∏¬¿&¿‡<p∏¿˚@ œÈ,p¯{‡¡¿-¿-Ä …‚ä‰yôgÆ0WÃ∏‚∞<x∞Ê˘+¿u¿K;Äx^ Æœ&ûS ÖÒl‚9Q˘œQÅ	0W0/ú∏b‹úÓ Ê¿>œv å<Ø‡ÔÅøé∑ 7[¿ˇ6{¿ìÄg ª¿%^∏m‡`á,‚
Òl‚9	(¸Á†ÚüC@`û?‚[ 7=∞\ ˜ª¿»v	¯;‡ÔÄ
<∏	ÿz†ÁyÌw{¿p	ÿ„E∑‹ º∞√ñ<'Òl‚9	(Ä¯œAÂ?O Wà+Ã‚_∂ n‡ä}`Ä8F^4w{¿∞lõ@$p'`h¸€‹ º–ÛÇ0 Æœ&ûW ¡*ˇπ
`¿ÄπBÄ‚_÷q≈	`#pt¿»7{¿
∏ÃÅÿ‚ä‡"∞œøÕÿ^
òÒ/WàÆ Ö?qEF¿ÄÅpÂ?_&ûì ÛØ#`∏ÿ∂Å}^40K‡ËÅ\±&˛}lsÖÒÇâÁ$ûW
ˇ9Fûç >ò Ûlàùm‡`ÿÁ_«¿ ¸«∞‹¿s2 ûó sÖx˛*¸ÁXs≈å ¡ ûM¸Îò+n∂˘Ô¿¿6œ&Æ0/òx^*¸ÁY#0G¿¸◊Py—òÁeû”–¯Ô’◊ÒºƒÊyâÁ%†¡º‰ä}`F†hïˇZ*–Ä‰yô+ƒs2 Æ0ˇs,Äû?Ò¢	† ‚?◊pƒ≥] ¶ =h@ÊŸƒƒ≥âÁµ«Û∑‹‹Ïw ˚\±«øÏp8ú V¿ﬂá<Ø–ÒoWÅ‡øŒ–∏bhïˇ>– Ûúƒ	œﬂœ+Ä« ;¿ç¿ç¿£πbè+Å`†r≈&Wú‡9] ^¯cûWÂEg@\@ƒù#ÆòÄÃ *ˇΩ–Ä‰ŸLÄx^Ï˚\!ûÌQ¿ÆÄ0W„äc@lÊ
sEÚú÷¿1‡·¿S Òl¿ˇ≤t@·øNp≈ÿé∏‚p¸˜PÅà+WàlèÁt∏π¢„ä‡ä0–Äh@ê@rE TûÌa¿Iû”L¸ÀÃ≥ˇΩ:†:Ä ˇ` `@<Ø=û◊£y∂`É+í+í+$P∏B\\\@ 'Å\Òp‡œx∂	ò¯ﬂcŒs¢Ú?ã ‚
ÒúÏÛ¸ùn6Äc<[·ä¬Ê9âÁ$ π"Åì\q∏¿sÅâô˘ü£FÆ ¯üÕ<ß$0H¿@,ÅªÄcÄx6òÁe¿Ä…sj¿1`8ò+ ˛gõ∏¢ =ê@DÂ>sEçô Û?ã∏B¸œBÂ&ÊŸh@„øñ˘è!˛g"¯üKÄÅ0/:ÒC¸«ˇÛP˘üG</T†úT@\a¿Ä¯˜1œ& xN0œ&^0Ò_ØpÖÅ	 ÅêïˇŸƒ≥W˝G"¯üI<õ∏BÄ¯óâˇ8‚_6ÚøÀ»#0T˛Á`ÆW/:ÒüØœ…<ÇˇZ6π‚8#∞åò Òl‚9˛kM@·ÎÄ?Fû≠ ÿ‡?^pE
œf†˚ºh–‚øŒ º–OéÄ f¿òU˛eg˘ØµÕ˜g¿”y^s`˛Ûò+W</Òl¿¸˜x‡wÅ'p≈Ω ∏ \ NÚºŒ?Œs2ˇπ^x4œﬂ„ÅøÂ˘ªï+^(¸«IÆÿnh\—ÄCûìx^Ãø◊n˛∏†Ä?ﬁòÁıá@„ø÷ü7€<ß;Å?Â˘[+‡8p(¸«)\q	∏ƒÛ:Å^∞‡éó Æ~ò*W<xh`‰ä'∑Û_o¸f\ë¿‡ÄÅn¯	˛Î$ê¿$Wœ©Á9ôÁTxNçˇXÖÁÙ¿_ @ÂŸ˛ 8„ä?Êøœ3Ä'è‰ä_.Ò¢I˛k ¿WÏ{\±úéÒﬂÔª¿3x6*œv	¯‡MÅ?.ÒﬂÎèÅS¿üó¯üÌn`8 ŒÛl{@∑ 7∑ «xNG<ßˇ±.¸-œã «∏‚$‡<påôÒ´ÒlÏ«x˛àˇ^s‡ 8‡yÌ .óÄ€Å¬sœ…<'ÛÔc`8∆Û⁄ØÄÄõÄ\q∏∏Å+Ãs2/úx·Ç›
∏âÁd^8Òúƒs/úyNÊ9ôNºp/úyNÊ9ôÁ$˛e∑l‚Ÿ˛≤ÚúV\±‚ŸÃs2/úx·Çùœ…ºp‚9âÁ$^8ÛúÃs2/úx·*ˇıV<õx6*W¨Äã\!ûìyNÊÖ/ú¯◊1œ…ºp‚9âÛúÃ'^∏‡Ö3œ…<'Ûúƒ'ûìx6*W<çgÆ˙øL<ˇB6x¿är|¨    IENDÆB`Ç/**
 * A structure with fields labeled with vertex attribute locations can be used
 * as input to the entry point of a shader.
 */
struct vertex_input 
{
  @location(0) position: vec3f,
  @location(1) normal: vec3f,
  @location(2) color: vec3f,
	@location(3) uv: vec2f,
	@location(4) tangent: vec3f,
	@location(5) bitangent: vec3f,
};

/**
 * A structure with fields labeled with builtins and locations can also be used
 * as *output* of the vertex shader, which is also the input of the fragment
 * shader.
 */
struct vertex_output 
{
  @builtin(position) position: vec4f,
  @location(0) color: vec3f,
  @location(1) normal: vec3f,
  @location(2) uv: vec2f,
  @location(3) view_direction: vec3f,
  @location(4) tangent: vec3f,
  @location(5) bitangent: vec3f,
};

/**
 * A structure holding the value of our uniforms
 */
struct my_uniforms
{
	projection_matrix: mat4x4f,
	view_matrix: mat4x4f,
	model_matrix: mat4x4f,
  color: vec4f,
  camera_world_position: vec3f,
  time: f32,
};

/**
 * A structure holding the lighting settings
 */
struct lighting_uniforms
{
	directions: array<vec4f, 4>,
	colors: array<vec4f, 4>,
  hardness: f32,
  kd: f32,
  ks: f32,
};

@group(0) @binding(0) var<uniform> u_my_uniforms: my_uniforms;
@group(0) @binding(1) var base_color_texture: texture_2d<f32>;
@group(0) @binding(2) var noraml_texture: texture_2d<f32>;
@group(0) @binding(3) var texture_sampler: sampler;
@group(0) @binding(4) var<uniform> u_lighning: lighting_uniforms;

@vertex
fn vs_main(in: vertex_input) -> vertex_output 
{
	var out: vertex_output;
  let world_position = u_my_uniforms.model_matrix * vec4f(in.position, 1.0); 
	out.position = u_my_uniforms.projection_matrix * u_my_uniforms.view_matrix * world_position;
  out.tangent = (u_my_uniforms.model_matrix * vec4f(in.tangent, 0.0)).xyz;
  out.bitangent = (u_my_uniforms.model_matrix * vec4f(in.bitangent, 0.0)).xyz;
  out.normal = (u_my_uniforms.model_matrix * vec4f(in.normal, 0.0)).xyz;
  out.color = in.color;
	out.uv = in.uv;
  out.view_direction = u_my_uniforms.camera_world_position - world_position.xyz;
  return out;
}

@fragment
fn fs_main(in: vertex_output) -> @location(0) vec4f {
  // Compute 
  // Sample normal
  let normal_map_strength = 1.0; // later maybe uniform
  let encoded_normal = textureSample(noraml_texture, texture_sampler, in.uv).rgb;
  let local_normal = encoded_normal * 2.0 - 1.0;
  // The TBN matrix converts directions from the local space to the world space
  let local_to_world = mat3x3f(
    normalize(in.tangent),
    normalize(in.bitangent),
    normalize(in.normal),
  );
  let world_normal = local_to_world * local_normal;
  let N = mix(in.normal, world_normal, normal_map_strength);
	var V = normalize(in.view_direction);

  // Sample texture
  let base_color = textureSample(base_color_texture, texture_sampler, in.uv).rgb;
  let kd = u_lighning.kd; // strength of the diffuse effect
  let ks = u_lighning.ks; // strength of the specular effect
  let hardness = u_lighning.hardness; // shininess of the surface

  var color = vec3f(0.0);
	for (var i: i32 = 0; i < 4; i++)
	{
		let light_color = u_lighning.colors[i].xyz;
    let L = normalize(u_lighning.directions[i].xyz);
    let R = reflect(-L, N);

    let diffuse = max(0.0, dot(L, N)) * light_color;

    let RoV = max(0.0, dot(R, V));
    let specular = pow(RoV, hardness);

    color += base_color * (kd * diffuse) + (ks * specular);
	}
	
  // Gamma-correction
  let corrected_color = pow(color, vec3f(2.2));
  return vec4f(corrected_color, u_my_uniforms.color.a);
}SQLite format 3   @                                                                     .ä¯ h hÀ                                                                                                                                                                                                                                                                                                                                                                                                                                                                                                                                                                                                                                                                                                                                                                                                                                                                                                                                                                                                                                                                                                                                                                                                                                                                                                                                                                                                                                                                                                                                                                                                                                                                                                                                                                                                                                                                                                                                                                                                                                                                                                                                                                                                                                                                                                                                                                                                                                                                                                                                                                                                                                                                                                                                                                                                                                                                                                                                                                                                                                                                                                                                                                                                                                                                                                                                                                                                                                                                                                                                                                                                                                                                                                                        Ç`ÖtablemodelsmodelsCREATE TABLE models (
      id          INTEGER PRIMARY KEY,
      name        TEXT    NOT NULL  UNIQUE,
      geometry    TEXT    NOT NULL,
      base_color  TEXT    NOT NULL,
      normal      TEXT    NOT NULL,
      kd          REAL    NOT NULL,
      ks          REAL    NOT NULL,
      hardness    REAL    NOT NULL
      )+? indexsqlite_autoindex_models_1models           ©U∞                                                                                                                                                                                                                                                                                                                                                                                                                                                                                                                                                                                                                                                                                                                                                                                                                                                                                                                                                                                                                                                                                                                                                                                                                                                                                                                                                                                                                                                                                                                                                                                                                                                                                                                                                                                                                                                                                                                                                                                                                                                                                                                                                                                                                                                                                                                                                                                                                                                                                                                                                                                                                                                                                                                                                                                                                                                                                                                                                                                                                                                                                                                                                                                                                                                                                                                                                                                                                                                                                                                                                                                                                                                                                                                                                                                                                                                                                                A	 97		snowsnow.objsnow_default_color.jpgsnow_default_nmap.jpg2   b!;;I	ramesses_3Israel_MusA	 97		snowsnow.objsnow_default_color.jpgsnow_default_nmap.jpg2R	 -;C		huntersocha_100kuw.objsocha_100kuw_albedo.jpgsocha_100kuw_NormalsMap.jpg2U	 '9;fourareenfourareen.objfourareen2K_albedo.jpgfourareen2K_normals.png?‚–Â`Aâ72
   ﬂ ÛËﬂ–                                                                                                                                                                                                                                                                                                                                                                                                                                                                                                                                                                                                                                                                                                                                                                                                                                                                                                                                                                                                                                                                                                                                                                                                                                                                                                                                                                                                                                                                                                                                                                                                                                                                                                                                                                                                                                                                                                                                                                                                                                                                                                                                                                                                                                                                                                                                                                                                                                                                                                                                                                                                                                                                                                                                                                                                                                                                                                                                                                                                                                                                                                                                                                                                                                                                                                                                                                                                                                                                                                                                                                                                                                                                                                                                                                                                                                                                                                                                                                                                                                                                                                                                                                                                snow   rasnow
hunter	fourareen‚-     3     4      {ùÿ‘t”∑?ÛX≠œ—ÖöéX€ıé‚-     3     4      {ùÿ‘t”∑?ÛX≠œ—ÖöéX€ıé        4   ˇˇˇˇˇˇˇˇˇˇˇˇ                                                                                                                                                                                                                                                                                                                                                                                                                                                                                                                                                                                                                                                                                                                                                                                                                                                                                                                                                                                                                                                                                                                                                                                                                                                                                                                                                                                                                                                                                                                                                                                                                                                                                                                                                                                                                                                                                                                                                                                                                                                                                                                                                                                                                                                                                                                                                                                                                                                                                                                                                                                                                                                                                                                                                                                                                                                                                                                                                                                                                                                                                                                                                                                                                                                                                                                                                                                                                                                                                                                                                                                                                                                                                                                                                                                                                                                                                                                                                                                                                                                                                                                                                                                                                                                                                                                                                                                                                                                                                                                                                                                                                                                                                                                                                                                                                                                                                                                                                                                                                                                                                                                                                                                                                                                                                                                                                                                                                                                                                                                                                                                                                                                                                                                                                                                                                                                                                                                                                                                                                                                                                                                                                                                                                                                                                                                                                                                                                                                                                                                                                                                                                                                                                                                                                                                                                                                                                                                                                                                                                                                                                                                                                                                                                                                                                                                                                                                                                                                                                                                                                                                                                                                                                                                                                                                                                                                                                                                                                                                                                                                                                                                                                                                                                                                                                                                                                                                                                                                                                                                                                                                                                                                                                                                                                                                                                                                                                                                                                                                                                                                                                                                                                                                                                                                                                                                                                                                                                                                                                                                                                                                                                                                                                                                                                                                                                                                                                                                                                                                                                                                                                                                                                                                                                                                                                                                                                                                                                                                                                                                                                                                                                                                                                                                                                                                                                                                                                                                                                                                                                                                                                                                                                                                                                                                                                                                                                                                                                                                                                                                                                                                                                                                                                                                                                                                                                                                                                                                                                                                                                                                                                                                                                                                                                                                                                                                                                                                                                                                                                                                                                                                                                                                                                                                                                                                                                                                                                                                                                                                                                                                                                                                                                                                                                                                                                                                                                                                                                                                                                                                                                                                                                                                                                                                                                                                                                                                                                                                                                                                                                                                                                                                                                                                                                                                                                                                                                                                                                                                                                                                                                                                                                                                                                                                                                                                                                                                                                                                                                                                                                                                                                                                                                                                                                                                                                                                                                                                                                                                                                                                                                                                                                                                                                                                                                                                                                                                                                                                                                                                                                                                                                                                                                                                                                                                                                                                                                                                                                                                                                                                                                                                                                                                                                                                                                                                                                                                                                                                                                                                                                                                                                                                                                                                                                                                                                                                                                                                                                                                                                                                                                                                                                                                                                                                                                                                                                                                                                                                                                                                                                                                                                                                                                                                                                                                                                                                                                                                                                                                                                	 
                    ! " # $ % & ' ( ) * + , - . / 0 1 2 3 4                                                                                                                                                                                                                                                                                                                                                                                                                                                                                                                                                                                                                                                                                                                                                                                                                                                                                                                                                                                                                                                                                                                                                                                                                                                                                                                                                                                                                                                                                                                                                                                                                                                                                                                                                                                                                                                                                                                                                                                                                                                                                                                                                                                                                                                                                                                                                                                                                                                                                                                                                                                                                                                                                                                                                                                                                                                                                                                                                                                                                                                                                                                                                                                                                                                                                                                                                                                                                                                                                                                                                                                                                                                                                                                                                                                                                                                                                                                                                                                                                                                                                                                                                                                                                                                                                                                                                                                                                                                                                                                                                                                                                                                                                                                                                                                                                                                                                                                                                                                                                                                                                                                                                                                                                                                                                                                                                                                                                                                                                                                                                                                                                                                                                                                                                                                                                                                                                                                                                                                                                                                                                                                                                                                                                                                                                                                                                                                                                                                                                                                                                                                                                                                                                                                                                                                                                                                                                                                                                                                                                                                                                                                                                                                                                                                                                                                                                                                                                                                                                                                                                                                                                                                                                                                                                                                                                                                                                                                                                                                                                                                                                                                                                                                                                                                                                                                                                                                                                                                                                                                                                                                                                                                                                                                                                                                                                                                                                                                                                                                                                                                                                                                                                                                                                                                                                                                                                                                                                                                                                                                                                                                                                                                                                                                                                                                                                                                                                                                                                                                                                                                                                                                                                                                                                                                                                                                                                                                                                                                                                                                                                                                                                                                                                                                                                                                                                                                                                                                                                                                                                                                                                                                                                                                                                                                                                                                                                                                                                                                                                                                                                                                                                                                                                                                                                                                                                                                                                                                                                                                                                                                                                                                                                                                                                                                                                                                                                                                                                                                                                                                                                                                                                                                                                                                                                                                                                                                                                                                                                                                                                                                                                                                                                                                                                                                                                                                                                                                                                                                                                                                                                                                                                                                                                                                                                                                                                                                                                                                                                                                                                                                                                                                                                                                                                                                                                                                                                                                                                                                                                                                                                                                                                                                                                                                                                                                                                                                                                                                                                                                                                                                                                                                                                                                                                                                                                                                                                                         7Ç -‚       ?ÛX≠œ—,ˇˆRµÔù§      ?ÛX≠œ—V˜ÒN¸Y¡SQLite format 3   @                                                                     .ä¯ F FÀ                                                                                                                                                                                                                                                                                                                                                                                                                                                                                                                                                                                                                                                                                                                                                                                                                                                                                                                                                                                                                                                                                                                                                                                                                                                                                                                                                                                                                                                                                                                                                                                                                                                                                                                                                                                                                                                                                                                                                                                                                                                                                                                                                                                                                                                                                                                                                                                                                                                                                                                                                                                                                                                                                                                                                                                                                                                                                                                                                                                                                                                                                                                                                                                                                                                                                                                                                                                                                                                                                                                                                                                                                                                                                      ÉÖ_tablemodelsmodelsCREATE TABLE models (
      id          INTEGER PRIMARY KEY,
      name        TEXT    NOT NULL  UNIQUE,
      geometry    TEXT    NOT NULL,
      base_color  TEXT    NOT NULL,
      normal      TEXT    NOT NULL,
      kd          REAL    NOT NULL,
      ks          REAL    NOT NULL,
      hardness    REAL    NOT NULL
      , `zoom` REAL NOT NULL DEFAULT 0.0)+? indexsqlite_autoindex_models_1models             ?ÛX≠œ—ˇÚßÏÂF±SQLite format 3   @                                                                     .ä¯  À                                                                                                                                                                                                                                                                                                                                                                                                                                                                                                                                                                                                                                                                                                                                                                                                                                                                                                                                                                                                                                                                                                                                                                                                                                                                                                                                                                                                                                                                                                                                                                                                                                                                                                                                                                                                                                                                                                                                                                                                                                                                                                                                                                                                                                                                                                                                                                                                                                                                                                                                                                                                                                                                                                                                                                                                                                                                                                                                                                                                                                                                                                                                                                                                                                                                                                                                                                                                                                                                                                                                                                                                                                           É-Ü5tablemodelsmodelsCREATE TABLE models (
      id          INTEGER PRIMARY KEY,
      name        TEXT    NOT NULL  UNIQUE,
      geometry    TEXT    NOT NULL,
      base_color  TEXT    NOT NULL,
      normal      TEXT    NOT NULL,
      kd          REAL    NOT NULL,
      ks          REAL    NOT NULL,
      hardness    REAL    NOT NULL
      , `zoom` REAL NOT NULL DEFAULT 0.0, `vertical_axis` TEXT NOT NULL DEFAULT 'Z')+? indexsqlite_autoindex_models_1models             ?ÛX≠œ—Ndkñ◊`U ª ©ª∞                                                                                                                                                                                                                                                                                                                                                                                                                                                                                                                                                                                                                                                                                                                                                                                                                                                                                                                                                                                                                                                                                                                                                                                                                                                                                                                                                                                                                                                                                                                                                                                                                                                                                                                                                                                                                                                                                                                                                                                                                                                                                                                                                                                                                                                                                                                                                                                                                                                                                                                                                                                                                                                                                                                                                                                                                                                                                                                                                                                                                                                                                                                                                                                                                                                                                                                                                                                                                                                                                                                                                                                                                                                                                                                                                                                                                                                                                                A	 97		U -;C		huntersocha_100kuw.objsocha_100kuw_albedo.jpgsocha_100kuw_NormalsMap.jpg2YA	 97		snowsnow.objsnow_default_color.jpgsnow_default_nmap.jpg2   T-;C		huntersocha_100kuw.objsocha_100kuw_albedo.jpgsocha_100kuw_NormalsMap.jpg2U	 '9;fourareenfourareen.objfourareen2K_albedo.jpgfourareen2K_normals.png?‚–Â`Aâ72      ?ÛX≠œ—`ßîú_É4BU ª ¶ª∞                                                                                                                                                                                                                                                                                                                                                                                                                                                                                                                                                                                                                                                                                                                                                                                                                                                                                                                                                                                                                                                                                                                                                                                                                                                                                                                                                                                                                                                                                                                                                                                                                                                                                                                                                                                                                                                                                                                                                                                                                                                                                                                                                                                                                                                                                                                                                                                                                                                                                                                                                                                                                                                                                                                                                                                                                                                                                                                                                                                                                                                                                                                                                                                                                                                                                                                                                                                                                                                                                                                                                                                                                                                                                                                                                                                                                                                                                                A	 97		U -;C		huntersocha_100kuw.objsocha_100kuw_albedo.jpgsocha_100kuw_NormalsMap.jpg2YA	 97		snowsnow.objsnow_default_color.jpgsnow_default_nmap.jpg2   Q-;C		huntersocha_100kuw.objsocha_100kuw_albedo.jpgsocha_100kuw_NormalsMap.jX '9;fourareenfourareen.objfourareen2K_albedo.jpgfourareen2K_normals.png?‚–Â`Aâ72Y      ?ÛX≠œ—5≥ÊÌ ª ¶ª_∞                                                                                                                                                                                                                                                                                                                                                                                                                                                                                                                                                                                                                                                                                                                                                                                                                                                                                                                                                                                                                                                                                                                                                                                                                                                                                                                                                                                                                                                                                                                                                                                                                                                                                                                                                                                                                                                                                                                                                                                                                                                                                                                                                                                                                                                                                                                                                                                                                                                                                                                                                                                                                                                                                                                                                                                                                                                                                                                                                                                                                                                                                                                                                                                                                                                                                                                                                                                                                                                                                                                                                                                                                                                                                                                                                                                                                                                                                                A	 97		U -;C		huntersocha_100kuw.objsocha_100kuw_albedo.jpgsocha_100kuw_NormalsMap.jpg2Y   M97		snowsnow.objsnow_default_color.jpgsnow_default_nmap.jpg2   Q-;C		E 97		snowsnow.objsnow_default_color.jpgsnow_default_nmap.jpg2ˇZX '9;fourareenfourareen.objfourareen2K_albedo.jpgfourareen2K_normals.png?‚–Â`Aâ72Y      ?ÛX≠œ—~∏]ˆNºı ª ¶ªW∞                                                                                                                                                                                                                                                                                                                                                                                                                                                                                                                                                                                                                                                                                                                                                                                                                                                                                                                                                                                                                                                                                                                                                                                                                                                                                                                                                                                                                                                                                                                                                                                                                                                                                                                                                                                                                                                                                                                                                                                                                                                                                                                                                                                                                                                                                                                                                                                                                                                                                                                                                                                                                                                                                                                                                                                                                                                                                                                                                                                                                                                                                                                                                                                                                                                                                                                                                                                                                                                                                                                                                                                                                                                                                                                                                                                                                                                                                                A	 97		U -;C		huntersocha_100kuw.objsocha_100kuw_albedo.jpgsocha_100kuw_NormalsMap.jpg2Y   E97		snowsnow.objsnow_default_color.jpgsnow_default_nmap.jpg2  M 97	snowsnow.objsnow_default_color.jpgsnow_default_nmap.jpg?©ôôôôôö2ˇZX '9;fourareenfourareen.objfourareen2K_albedo.jpgfourareen2K_normals.png?‚–Â`Aâ72Y      ?ÛX≠œ—	@œ7óÄ1í ª ¶ªW∞                                                                                                                                                                                                                                                                                                                                                                                                                                                                                                                                                                                                                                                                                                                                                                                                                                                                                                                                                                                                                                                                                                                                                                                                                                                                                                                                                                                                                                                                                                                                                                                                                                                                                                                                                                                                                                                                                                                                                                                                                                                                                                                                                                                                                                                                                                                                                                                                                                                                                                                                                                                                                                                                                                                                                                                                                                                                                                                                                                                                                                                                                                                                                                                                                                                                                                                                                                                                                                                                                                                                                                                                                                                                                                                                                                                                                                                                                                A	 97		U -;C		huntersocha_100kuw.objsocha_100kuw_albedo.jpgsocha_100kuw_NormalsMap.jpg2Y   E97		snowsnow.objsnow_default_color.jpgsnow_default_nmap.jpg2  M 97	snowsnow.objsnow_default_color.jpgsnow_default_nmap.jpg?©ôôôôôöˇZX '9;fourareenfourareen.objfourareen2K_albedo.jpgfourareen2K_normals.png?‚–Â`Aâ72Y      ?ÛX≠œ—ÓÊ…Û√€ﬁ Y YªW∞                                                                                                                                                                                                                                                                                                                                                                                                                                                                                                                                                                                                                                                                                                                                                                                                                                                                                                                                                                                                                                                                                                                                                                                                                                                                                                                                                                                                                                                                                                                                                                                                                                                                                                                                                                                                                                                                                                                                                                                                                                                                                                                                                                                                                                                                                                                                                                                                                                                                                                                                                                                                                                                                                                                                                                                                                                                                                                                                                                                                                                                                                                                                                                                                                                                                                                                                                                                                                                                                                                                                                                                                                                                                                                                                                                                                         ` '9;fourareenfourareen.objfourareen2K_albedo.jpgfourareen2K_normals.png?‚–Â`Aâ72¿      YU -;C		huntersocha_100kuw.objsocha_100kuw_albedo.jpgsocha_100kuw_NormalsMap.jpg2Y¶ E97		snowsnow.objsnow_default_color.jpgsnow_default_nmap.jpg2  M 97	snowsnow.objsnow_default_color.jpgsnow_default_nmap.jpg?©ôôôôôöˇZ   Z'9;fourareenfourareen.objfourareen2K_albedo.jpgfourareen2K_normals.png?‚–Â`Aâ72Y      ?ÛX≠œ—á@ÖΩR8i≤ ` `ªW∞                                                                                                                                                                                                                                                                                                                                                                                                                                                                                                                                                                                                                                                                                                                                                                                                                                                                                                                                                                                                                                                                                                                                                                                                                                                                                                                                                                                                                                                                                                                                                                                                                                                                                                                                                                                                                                                                                                                                                                                                                                                                                                                                                                                                                                                                                                                                                                                                                                                                                                                                                                                                                                                                                                                                                                                                                                                                                                                                                                                                                                                                                                                                                                                                                                                                                                                                                                                                                                                                                                                                                                                                                                                                                                                                                                                                         ` '9Y '9;fourareenfourareen.objfourareen2K_albedo.jpgfourareen2K_normals.png?‚–Â`Aâ72ˇYU -;C		huntersocha_100kuw.objsocha_100kuw_albedo.jpgsocha_100kuw_NormalsMap.jpg2Y¶ E97		snowsnow.objsnow_default_color.jpgsnow_default_nmap.jpg2  M 97	snowsnow.objsnow_default_color.jpgsnow_default_nmap.jpg?©ôôôôôöˇZ   Z'9;fourareenfourareen.objfourareen2K_albedo.jpgfourareen2K_normals.png?‚–Â`Aâ72Y      ?ÛX≠œ—ˆög ì·X ` `ª™∞                                                                                                                                                                                                                                                                                                                                                                                                                                                                                                                                                                                                                                                                                                                                                                                                                                                                                                                                                                                                                                                                                                                                                                                                                                                                                                                                                                                                                                                                                                                                                                                                                                                                                                                                                                                                                                                                                                                                                                                                                                                                                                                                                                                                                                                                                                                                                                                                                                                                                                                                                                                                                                                                                                                                                                                                                                                                                                                                                                                                                                                                                                                                                                                                                                                                                                                                                                                                                                                                                                                                                                                                                                                                                                                                                                                                         ` '9Y '9;fourareenfourareen.objfourareen2K_albedo.jpgfourareen2K_normals.png?‚–Â`Aâ72ˇYU -;C		huntersocha_100kuw.objsocha_100kuw_albedo.jpgsocha_100kuw_NormalsMap.jpg2Y   ò97		snowsnow.objsnow_default_color.jpgsnow_default_nmap.jpg2  M 97	snowsnow.objsnow_default_color.jpgsnow_default_nmap.jpg?©ôôôôôöˇZ   ZT 97	snowsnow.objsnow_default_color.jpgsnow_default_nmap.jpg?©ôôôôôö¿      Z      ?ÛX≠œ—Röm≠•ﬂÚÚ ` `ª™∞                                                                                                                                                                                                                                                                                                                                                                                                                                                                                                                                                                                                                                                                                                                                                                                                                                                                                                                                                                                                                                                                                                                                                                                                                                                                                                                                                                                                                                                                                                                                                                                                                                                                                                                                                                                                                                                                                                                                                                                                                                                                                                                                                                                                                                                                                                                                                                                                                                                                                                                                                                                                                                                                                                                                                                                                                                                                                                                                                                                                                                                                                                                                                                                                                                                                                                                                                                                                                                                                                                                                                                                                                                                                                                                                                                                                         ` '9Y '9;fourareenfourareen.objfourareen2K_albedo.jpgfourareen2K_normals.png?ÏÃÃÃÃÃÕ2ˇYU -;C		huntersocha_100kuw.objsocha_100kuw_albedo.jpgsocha_100kuw_NormalsMap.jpg2Y   ò97		snowsnow.objsnow_default_color.jpgsnow_default_nmap.jpg2  M 97	snowsnow.objsnow_default_color.jpgsnow_default_nmap.jpg?©ôôôôôöˇZ   ZT 97	snowsnow.objsnow_default_color.jpgsnow_default_nmap.jpg?©ôôôôôö¿      Z      ?ÛX≠œ—È¯¯ãπ0 ` `ª™∞                                                                                                                                                                                                                                                                                                                                                                                                                                                                                                                                                                                                                                                                                                                                                                                                                                                                                                                                                                                                                                                                                                                                                                                                                                                                                                                                                                                                                                                                                                                                                                                                                                                                                                                                                                                                                                                                                                                                                                                                                                                                                                                                                                                                                                                                                                                                                                                                                                                                                                                                                                                                                                                                                                                                                                                                                                                                                                                                                                                                                                                                                                                                                                                                                                                                                                                                                                                                                                                                                                                                                                                                                                                                                                                                                                                                         ` '9Y '9;fourareenfourareen.objfourareen2K_albedo.jpgfourareen2K_normals.png?ÏÃÃÃÃÃÕ2ˇYU -;C		huntersocha_100kuw.objsocha_100kuw_albedo.jpgsocha_100kuw_NormalsMap.jpg2Y   ò97		snowsnow.objsnow_default_color.jpgsnow_default_nmap.jpg2  M 97	snowsnow.objsnow_default_color.jpgsnow_default_nmap.jpg?©ôôôôôöˇZ   ZT 97	snowsnow.objsnow_default_color.jpgsnow_default_nmap.jpg?©ôôôôôö¿ÃÃÃÃÃÕZ      ?ÛX≠œ—Ë´&hd'ø◊ ` `ª™∞                                                                                                                                                                                                                                                                                                                                                                                                                                                                                                                                                                                                                                                                                                                                                                                                                                                                                                                                                                                                                                                                                                                                                                                                                                                                                                                                                                                                                                                                                                                                                                                                                                                                                                                                                                                                                                                                                                                                                                                                                                                                                                                                                                                                                                                                                                                                                                                                                                                                                                                                                                                                                                                                                                                                                                                                                                                                                                                                                                                                                                                                                                                                                                                                                                                                                                                                                                                                                                                                                                                                                                                                                                                                                                                                                                                                         ` '9Y '9;fourareenfourareen.objfourareen2K_albedo.jpgfourareen2K_normals.png?ÏÃÃÃÃÃÕ2ˇYU -;C		huntersocha_100kuw.objsocha_100kuw_albedo.jpgsocha_100kuw_NormalsMap.jpg2Y   ò97		snowsnow.objsnow_default_color.jpgsnow_default_nmap.jpg2  M 97	snowsnow.objsnow_default_color.jpgsnow_default_nmap.jpg?©ôôôôôöˇZ   ZT 97	snowsnow.objsnow_default_color.jpgsnow_default_nmap.jpg?÷ffffff¿ÃÃÃÃÃÕZ      ?ÛX≠œ—„Ã[Ÿ!La" ` `ª™∞                                                                                                                                                                                                                                                                                                                                                                                                                                                                                                                                                                                                                                                                                                                                                                                                                                                                                                                                                                                                                                                                                                                                                                                                                                                                                                                                                                                                                                                                                                                                                                                                                                                                                                                                                                                                                                                                                                                                                                                                                                                                                                                                                                                                                                                                                                                                                                                                                                                                                                                                                                                                                                                                                                                                                                                                                                                                                                                                                                                                                                                                                                                                                                                                                                                                                                                                                                                                                                                                                                                                                                                                                                                                                                                                                                                                         ` '9Y '9;fourareenfourareen.objfourareen2K_albedo.jpgfourareen2K_normals.png?ÏÃÃÃÃÃÕ2ˇYU -;C		huntersocha_100kuw.objsocha_100kuw_albedo.jpgsocha_100kuw_NormalsMap.jpg2Y   ò97		snowsnow.objsnow_default_color.jpgsnow_default_nmap.jpg2  M 97	snowsnow.objsnow_default_color.jpgsnow_default_nmap.jpg?©ôôôôôöˇZ   ZT 97	snowsnow.objsnow_default_color.jpgsnow_default_nmap.jpg?÷ffffff
¿ÃÃÃÃÃÕZ      ?ÛX≠œ—Ú4un	9÷A ` `ª™∞                                                                                                                                                                                                                                                                                                                                                                                                                                                                                                                                                                                                                                                                                                                                                                                                                                                                                                                                                                                                                                                                                                                                                                                                                                                                                                                                                                                                                                                                                                                                                                                                                                                                                                                                                                                                                                                                                                                                                                                                                                                                                                                                                                                                                                                                                                                                                                                                                                                                                                                                                                                                                                                                                                                                                                                                                                                                                                                                                                                                                                                                                                                                                                                                                                                                                                                                                                                                                                                                                                                                                                                                                                                                                                                                                                                                         ` '9Y '9;fourareenfourareen.objfourareen2K_albedo.jpgfourareen2K_normals.png?ÏÃÃÃÃÃÕ2ˇZU -;C		huntersocha_100kuw.objsocha_100kuw_albedo.jpgsocha_100kuw_NormalsMap.jpg2Y   ò97		snowsnow.objsnow_default_color.jpgsnow_default_nmap.jpg2  M 97	snowsnow.objsnow_default_color.jpgsnow_default_nmap.jpg?©ôôôôôöˇZ   ZT 97	snowsnow.objsnow_default_color.jpgsnow_default_nmap.jpg?÷ffffff
¿ÃÃÃÃÃÕZ      ?ÛX≠œ—G∑˜w©É§ ` `ª™∞                                                                                                                                                                                                                                                                                                                                                                                                                                                                                                                                                                                                                                                                                                                                                                                                                                                                                                                                                                                                                                                                                                                                                                                                                                                                                                                                                                                                                                                                                                                                                                                                                                                                                                                                                                                                                                                                                                                                                                                                                                                                                                                                                                                                                                                                                                                                                                                                                                                                                                                                                                                                                                                                                                                                                                                                                                                                                                                                                                                                                                                                                                                                                                                                                                                                                                                                                                                                                                                                                                                                                                                                                                                                                                                                                                                                         ` '9Y '9;fourareenfourareen.objfourareen2K_albedo.jpgfourareen2K_normals.png?ÏÃÃÃÃÃÕ2ˇZU -;C		huntersocha_100kuw.objsocha_100kuw_albedo.jpgsocha_100kuw_NormalsMap.jpg2Y   ò97		snowsnow.objsnow_default_color.jpgsnow_default_nmap.jpg2  M 97	snowsnow.objsnow_default_color.jpgsnow_default_nmap.jpg?©ôôôôôöˇZ   ZT 97	snowsnow.objsnow_default_color.jpgsnow_default_nmap.jpg?÷ffffff
¿ÃÃÃÃÃÕY       ?ÛX≠œ—À£†:I≈ë-SQLite format 3   @                                                                     .ä¯ F FÀ                                                                                                                                                                                                                                                                                                                                                                                                                                                                                                                                                                                                                                                                                                                                                                                                                                                                                                                                                                                                                                                                                                                                                                                                                                                                                                                                                                                                                                                                                                                                                                                                                                                                                                                                                                                                                                                                                                                                                                                                                                                                                                                                                                                                                                                                                                                                                                                                                                                                                                                                                                                                                                                                                                                                                                                                                                                                                                                                                                                                                                                                                                                                                                                                                                                                                                                                                                                                                                                                                                                                                                                                                                           É-Ü5tablemodelsmodelsCREATE TABLE moÉÖ_tablemodelsmodelsCREATE TABLE models (
      id          INTEGER PRIMARY KEY,
      name        TEXT    NOT NULL  UNIQUE,
      geometry    TEXT    NOT NULL,
      base_color  TEXT    NOT NULL,
      normal      TEXT    NOT NULL,
      kd          REAL    NOT NULL,
      ks          REAL    NOT NULL,
      hardness    REAL    NOT NULL
      , `zoom` REAL NOT NULL DEFAULT 0.0)+? indexsqlite_autoindex_models_1models             ?ÛX≠œ—¯Œ•u§   ¯P¯™∞                                                                                                                                                                                                                                                                                                                                                                                                                                                                                                                                                                                                                                                                                                                                                                                                                                                                                                                                                                                                                                                                                                                                                                                                                                                                                                                                                                                                                                                                                                                                                                                                                                                                                                                                                                                                                                                                                                                                                                                                                                                                                                                                                                                                                                                                                                                                                                                                                                                                                                                                                                                                                                                                                                                                                                                                                                                                                                                                                                                                                                                                                                                                                                                                                                                                                                                                                                                                                                                                                                                                                                                                                                                                                                                                                                                                         ` '9Y '9;fourareenfourareen.objfourareen2K_albedo.jpgfourareen2K_normals.png?ÏÃÃÃÃÃÕ2ˇZU -;C		huntersocha_100kuw.objsocha_100kuw_albedo.jpgsocV
 -;Chuntersocha_100kuw.objsocha_100kuw_albedo.jpgsocha_100kuw_NormalsMap.jpg2 X
 '9;fourareenfourareen.objfourareen2K_albedo.jpgfourareen2K_normals.png?ÏÃÃÃÃÃÕ 2ˇS
 97snowsnow.objsnow_default_color.jpgsnow_default_nmap.jpg?÷ffffff
¿ÃÃÃÃÃÕY      ?ÛX≠œ—˚È¸wÑDSQLite format 3   @                                                                     .ä¯  À                                                                                                                                                                                                                                                                                                                                                                                                                                                                                                                                                                                                                                                                                                                                                                                                                                                                                                                                                                                                                                                                                                                                                                                                                                                                                                                                                                                                                                                                                                                                                                                                                                                                                                                                                                                                                                                                                                                                                                                                                                                                                                                                                                                                                                                                                                                                                                                                                                                                                                                                                                                                                                                                                                                                                                                                                                                                                                                                                                                                                                                                                                                                                                                                                                                                                                                                                                                                                                                                                                                                                                                                                                           É-É+Ü1tablemodelsmodelsCREATE TABLE models (
      id          INTEGER PRIMARY KEY,
      name        TEXT    NOT NULL  UNIQUE,
      geometry    TEXT    NOT NULL,
      base_color  TEXT    NOT NULL,
      normal      TEXT    NOT NULL,
      kd          REAL    NOT NULL,
      ks          REAL    NOT NULL,
      hardness    REAL    NOT NULL
      , `zoom` REAL NOT NULL DEFAULT 0.0, `rotation_x` INTEGER NOT NULL DEFAULT 0)+? indexsqlite_autoindex_models_1models             ?ÛX≠œ—û¿vSQLite format 3   @                                                                     .ä¯ Ù ÙÀ                                                                                                                                                                                                                                                                                                                                                                                                                                                                                                                                                                                                                                                                                                                                                                                                                                                                                                                                                                                                                                                                                                                                                                                                                                                                                                                                                                                                                                                                                                                                                                                                                                                                                                                                                                                                                                                                                                                                                                                                                                                                                                                                                                                                                                                                                                                                                                                                                                                                                                                                                                                                                                                                                                                                                                                                                                                                                                                                                                                                                                                                                                                                                                                                                                                                                                                                                                                                                                                                                                                                                                                                    ÉTátablemodelsmodelsCREATE TABLE models (
      id          INTEGER PRIMARY KEY,
      name        TEXT    NOT NULL  UNIQUE,
      geometry    TEXT    NOT NULL,
      base_color  TEXT    NOT NULL,
      normal      TEXT    NOT NULL,
      kd          REAL    NOT NULL,
      ks          REAL    NOT NULL,
      hardness    REAL    NOT NULL
      , `zoom` REAL NOT NULL DEFAULT 0.0, `rotation_x` INTEGER NOT NULL DEFAULT 0, `rotation_y` INTEGER NOT NULL DEFAULT 0)+? indexsqlite_autoindex_models_1models             ?ÛX≠œ—ﬁrd¨‚¯S≈SQLite format 3   @                                                                     .ä¯ À ÀÀ                                                                                                                                                                                                                                                                                                                                                                                                                                                                                                                                                                                                                                                                                                                                                                                                                                                                                                                                                                                                                                                                                                                                                                                                                                                                                                                                                                                                                                                                                                                                                                                                                                                                                                                                                                                                                                                                                                                                                                                                                                                                                                                                                                                                                                                                                                                                                                                                                                                                                                                                                                                                                                                                                                                                                                                                                                                                                                                                                                                                                                                                                                                                                                                                                                                                                                                                                                                                                                                                                                                                                           É}áUtablemodelsmodelsCREATE TABLE models (
      id          INTEGER PRIMARY KEY,
      name        TEXT    NOT NULL  UNIQUE,
      geometry    TEXT    NOT NULL,
      base_color  TEXT    NOT NULL,
      normal      TEXT    NOT NULL,
      kd          REAL    NOT NULL,
      ks          REAL    NOT NULL,
      hardness    REAL    NOT NULL
      , `zoom` REAL NOT NULL DEFAULT 0.0, `rotation_x` INTEGER NOT NULL DEFAULT 0, `rotation_y` INTEGER NOT NULL DEFAULT 0, `rotation_z` INTEGER NOT NULL DEFAULT 0)+? indexsqlite_autoindex_models_1models             ?ÛX≠œ—	G∆
f1˙   ˜P˜™∞                                                                                                                                                                                                                                                                                                                                                                                                                                                                                                                                                                                                                                                                                                                                                                                                                                                                                                                                                                                                                                                                                                                                                                                                                                                                                                                                                                                                                                                                                                                                                                                                                                                                                                                                                                                                                                                                                                                                                                                                                                                                                                                                                                                                                                                                                                                                                                                                                                                                                                                                                                                                                                                                                                                                                                                                                                                                                                                                                                                                                                                                                                                                                                                                                                                                                                                                                                                                                                                                                                                                                                                                                                                                                                                                                                                                         ` '9Y '9;fourareenfourareen.objfourareen2K_albedo.jpgfourareen2K_normals.png?ÏÃÃÃÃÃÕ2ˇZU -;C		huntersocha_100kuw.objsocha_100kuw_albedo.jpgsoW -;C		huntersocha_100kuw.objsocha_100kuw_albedo.jpgsocha_100kuw_NormalsMap.jpg2”X
 '9;fourareenfourareen.objfourareen2K_albedo.jpgfourareen2K_normals.png?ÏÃÃÃÃÃÕ 2ˇS
 97snowsnow.objsnow_default_color.jpgsnow_default_nmap.jpg?÷ffffff
¿ÃÃÃÃÃÕY      ?ÛX≠œ—6f$ËÍØ.É   ˜P˜™∞                                                                                                                                                                                                                                                                                                                                                                                                                                                                                                                                                                                                                                                                                                                                                                                                                                                                                                                                                                                                                                                                                                                                                                                                                                                                                                                                                                                                                                                                                                                                                                                                                                                                                                                                                                                                                                                                                                                                                                                                                                                                                                                                                                                                                                                                                                                                                                                                                                                                                                                                                                                                                                                                                                                                                                                                                                                                                                                                                                                                                                                                                                                                                                                                                                                                                                                                                                                                                                                                                                                                                                                                                                                                                                                                                                                                         ` '9Y '9;fourareenfourareen.objfourareen2K_albedo.jpgfourareen2K_normals.png?ÏÃÃÃÃÃÕ2ˇZU -;C		huntersocha_100kuw.objsocha_100kuw_albedo.jpgsoW -;C		huntersocha_100kuw.objsocha_100kuw_albedo.jpgsocha_100kuw_NormalsMap.jpg2¶X
 '9;fourareenfourareen.objfourareen2K_albedo.jpgfourareen2K_normals.png?ÏÃÃÃÃÃÕ 2ˇS
 97snowsnow.objsnow_default_color.jpgsnow_default_nmap.jpg?÷ffffff
¿ÃÃÃÃÃÕY      ?ÛX≠œ—’`ßV⁄ÇZc   ıPı™∞                                                                                                                                                                                                                                                                                                                                                                                                                                                                                                                                                                                                                                                                                                                                                                                                                                                                                                                                                                                                                                                                                                                                                                                                                                                                                                                                                                                                                                                                                                                                                                                                                                                                                                                                                                                                                                                                                                                                                                                                                                                                                                                                                                                                                                                                                                                                                                                                                                                                                                                                                                                                                                                                                                                                                                                                                                                                                                                                                                                                                                                                                                                                                                                                                                                                                                                                                                                                                                                                                                                                                                                                                                                                                                                                                                                                         ` '9Y '9;fourareenfourareen.objfourareen2K_albedo.jpgfourareen2K_normals.png?ÏÃÃÃÃÃÕ2ˇZU -;C		huntersocha_100kuw.objsocha_100kuw_albedo.jpgY -;C		huntersocha_100kuw.objsocha_100kuw_albedo.jpgsocha_100kuw_NormalsMap.jpg2¶ ¥X
 '9;fourareenfourareen.objfourareen2K_albedo.jpgfourareen2K_normals.png?ÏÃÃÃÃÃÕ 2ˇS
 97snowsnow.objsnow_default_color.jpgsnow_default_nmap.jpg?÷ffffff
¿ÃÃÃÃÃÕY      ?ÛX≠œ—œcrìCêÿ™ ùPıù∞                                                                                                                                                                                                                                                                                                                                                                                                                                                                                                                                                                                                                                                                                                                                                                                                                                                                                                                                                                                                                                                                                                                                                                                                                                                                                                                                                                                                                                                                                                                                                                                                                                                                                                                                                                                                                                                                                                                                                                                                                                                                                                                                                                                                                                                                                                                                                                                                                                                                                                                                                                                                                                                                                                                                                                                                                                                                                                                                                                                                                                                                                                                                                                                                                                                                                                                                                                                                                                                                                                                                                                                                                                                                                                                                                                                                         ` '9Y '9;fourareenfourareen.objfourareen2K_albedo.jpgfourV 97	snowsnow.objsnow_default_color.jpgsnow_default_nmap.jpg?÷ffffff
¿ÃÃÃÃÃÕ¶Y -;C		huntersocha_100kuw.objsocha_100kuw_albedo.jpgsocha_100kuw_NormalsMap.jpg2¶ ¥X
 '9;fourareenfourareen.objfourareen2K_albedo.jpgfourareen2K_normals.png?ÏÃÃÃÃÃÕ 2ˇ   U97snowsnow.objsnow_default_color.jpgsnow_default_nmap.jpg?÷ffffff
¿ÃÃÃÃÃÕY      ?ÛX≠œ—˜î≤›c™ úPıú∞                                                                                                                                                                                                                                                                                                                                                                                                                                                                                                                                                                                                                                                                                                                                                                                                                                                                                                                                                                                                                                                                                                                                                                                                                                                                                                                                                                                                                                                                                                                                                                                                                                                                                                                                                                                                                                                                                                                                                                                                                                                                                                                                                                                                                                                                                                                                                                                                                                                                                                                                                                                                                                                                                                                                                                                                                                                                                                                                                                                                                                                                                                                                                                                                                                                                                                                                                                                                                                                                                                                                                                                                                                                                                                                                                                                                         ` '9Y '9;fourareenfourareen.objfourareen2K_albedo.jpgfouW 97	snowsnow.objsnow_default_color.jpgsnow_default_nmap.jpg?÷ffffff
¿ÃÃÃÃÃÕZ¶Y -;C		huntersocha_100kuw.objsocha_100kuw_albedo.jpgsocha_100kuw_NormalsMap.jpg2¶ ¥X
 '9;fourareenfourareen.objfourareen2K_albedo.jpgfourareen2K_normals.png?ÏÃÃÃÃÃÕ 2ˇ   U97snowsnow.objsnow_default_color.jpgsnow_default_nmap.jpg?÷ffffff
¿ÃÃÃÃÃÕY      ?ÛX≠œ—h„º∑ﬁ°™ úPıú∞                                                                                                                                                                                                                                                                                                                                                                                                                                                                                                                                                                                                                                                                                                                                                                                                                                                                                                                                                                                                                                                                                                                                                                                                                                                                                                                                                                                                                                                                                                                                                                                                                                                                                                                                                                                                                                                                                                                                                                                                                                                                                                                                                                                                                                                                                                                                                                                                                                                                                                                                                                                                                                                                                                                                                                                                                                                                                                                                                                                                                                                                                                                                                                                                                                                                                                                                                                                                                                                                                                                                                                                                                                                                                                                                                                                                         ` '9Y '9;fourareenfourareen.objfourareen2K_albedo.jpgfouW 97	snowsnow.objsnow_default_color.jpgsnow_default_nmap.jpg?÷ffffff
¿ÃÃÃÃÃÕZ¶X -;C		huntersocha_100kuw.objsocha_100kuw_albedo.jpgsocha_100kuw_NormalsMap.jpg2 ¥¥X
 '9;fourareenfourareen.objfourareen2K_albedo.jpgfourareen2K_normals.png?ÏÃÃÃÃÃÕ 2ˇ   U97snowsnow.objsnow_default_color.jpgsnow_default_nmap.jpg?÷ffffff
¿ÃÃÃÃÃÕY      ?ÛX≠œ—y–˜…t‘¯Ì™ úPıú∞                                                                                                                                                                                                                                                                                                                                                                                                                                                                                                                                                                                                                                                                                                                                                                                                                                                                                                                                                                                                                                                                                                                                                                                                                                                                                                                                                                                                                                                                                                                                                                                                                                                                                                                                                                                                                                                                                                                                                                                                                                                                                                                                                                                                                                                                                                                                                                                                                                                                                                                                                                                                                                                                                                                                                                                                                                                                                                                                                                                                                                                                                                                                                                                                                                                                                                                                                                                                                                                                                                                                                                                                                                                                                                                                                                                                         ` '9Y '9;fourareenfourareen.objfourareen2K_albedo.jpgfouW 97	snowsnow.objsnow_default_color.jpgsnow_default_nmap.jpg?÷ffffff
¿ÃÃÃÃÃÕZ¶V -;C		huntersocha_100kuw.objsocha_100kuw_albedo.jpgsocha_100kuw_NormalsMap.jpg2 ¥¥X
 '9;fourareenfourareen.objfourareen2K_albedo.jpgfourareen2K_normals.png?ÏÃÃÃÃÃÕ 2ˇ   U97snowsnow.objsnow_default_color.jpgsnow_default_nmap.jpg?÷ffffff
¿ÃÃÃÃÃÕY      ?ÛX≠œ—´W≈Î;”™ ùPıù∞                                                                                                                                                                                                                                                                                                                                                                                                                                                                                                                                                                                                                                                                                                                                                                                                                                                                                                                                                                                                                                                                                                                                                                                                                                                                                                                                                                                                                                                                                                                                                                                                                                                                                                                                                                                                                                                                                                                                                                                                                                                                                                                                                                                                                                                                                                                                                                                                                                                                                                                                                                                                                                                                                                                                                                                                                                                                                                                                                                                                                                                                                                                                                                                                                                                                                                                                                                                                                                                                                                                                                                                                                                                                                                                                                                                                         ` '9Y '9;fourareenfourareen.objfourareen2K_albedo.jpgfouWV 97	snowsnow.objsnow_default_color.jpgsnow_default_nmap.jpg?÷ffffff
¿ÃÃÃÃÃÕ¶V -;C		huntersocha_100kuw.objsocha_100kuw_albedo.jpgsocha_100kuw_NormalsMap.jpg2 ¥¥X
 '9;fourareenfourareen.objfourareen2K_albedo.jpgfourareen2K_normals.png?ÏÃÃÃÃÃÕ 2ˇ   U97snowsnow.objsnow_default_color.jpgsnow_default_nmap.jpg?÷ffffff
¿ÃÃÃÃÃÕY      ?ÛX≠œ—À^Ä–Wv™ ûPıû∞                                                                                                                                                                                                                                                                                                                                                                                                                                                                                                                                                                                                                                                                                                                                                                                                                                                                                                                                                                                                                                                                                                                                                                                                                                                                                                                                                                                                                                                                                                                                                                                                                                                                                                                                                                                                                                                                                                                                                                                                                                                                                                                                                                                                                                                                                                                                                                                                                                                                                                                                                                                                                                                                                                                                                                                                                                                                                                                                                                                                                                                                                                                                                                                                                                                                                                                                                                                                                                                                                                                                                                                                                                                                                                                                                                                                         ` '9Y '9;fourareenfourareen.objfourareen2K_albedo.jpgfouWVU 97	snowsnow.objsnow_default_color.jpgsnow_default_nmap.jpg?÷ffffff
¿ÃÃÃÃÃÕV -;C		huntersocha_100kuw.objsocha_100kuw_albedo.jpgsocha_100kuw_NormalsMap.jpg2 ¥¥X
 '9;fourareenfourareen.objfourareen2K_albedo.jpgfourareen2K_normals.png?ÏÃÃÃÃÃÕ 2ˇ   U97snowsnow.objsnow_default_color.jpgsnow_default_nmap.jpg?÷ffffff
¿ÃÃÃÃÃÕY      ?ÛX≠œ—L#ÕìÌ]Ítı DPDû∞                                                                                                                                                                                                                                                                                                                                                                                                                                                                                                                                                                                                                                                                                                                                                                                                                                                                                                                                                                                                                                                                                                                                                                                                                                                                                                                                                                                                                                                                                                                                                                                                                                                                                                                                                                                                                                                                                                                                                                                                                                                                                                                                                                                                                                                                                                                                                                                                                                                                                                                                                                                                                                                                                                                                                                                                                                                                                                                                                                                                                                                                                                                                                                                                                                                                                                                                                                                                                                                                                                                                                                                                                                                                                                                                                                                    X -;C		huntersocha_100kuw.objsocha_100kuw_albedo.jpgsocha_100kuw_NormalsMap.jpg2 ¥U 97	snowsnow.objsnow_default_color.jpgsnow_default_nmap.jpg?÷ffffff
¿ÃÃÃÃÃÕ™ X-;C		huntersocha_100kuw.objsocha_100kuw_albedo.jpgsocha_100kuw_NormalsMap.jpg2 ¥¥X
 '9;fourareenfourareen.objfourareen2K_albedo.jpgfourareen2K_normals.png?ÏÃÃÃÃÃÕ 2ˇ   U97snowsnow.objsnow_default_color.jpgsnow_default_nmap.jpg?÷ffffff
¿ÃÃÃÃÃÕY      ?ÛX≠œ—Ωπy<ªñÑ¥ı CPCû∞                                                                                                                                                                                                                                                                                                                                                                                                                                                                                                                                                                                                                                                                                                                                                                                                                                                                                                                                                                                                                                                                                                                                                                                                                                                                                                                                                                                                                                                                                                                                                                                                                                                                                                                                                                                                                                                                                                                                                                                                                                                                                                                                                                                                                                                                                                                                                                                                                                                                                                                                                                                                                                                                                                                                                                                                                                                                                                                                                                                                                                                                                                                                                                                                                                                                                                                                                                                                                                                                                                                                                                                                                                                                                                                                                                                   Y -;C		huntersocha_100kuw.objsocha_100kuw_albedo.jpgsocha_100kuw_NormalsMap.jpg2Z ¥U 97	snowsnow.objsnow_default_color.jpgsnow_default_nmap.jpg?÷ffffff
¿ÃÃÃÃÃÕ™ X-;C		huntersocha_100kuw.objsocha_100kuw_albedo.jpgsocha_100kuw_NormalsMap.jpg2 ¥¥X
 '9;fourareenfourareen.objfourareen2K_albedo.jpgfourareen2K_normals.png?ÏÃÃÃÃÃÕ 2ˇ   U97snowsnow.objsnow_default_color.jpgsnow_default_nmap.jpg?÷ffffff
¿ÃÃÃÃÃÕY      ?ÛX≠œ—ŒÎ™àúû CPCı∞                                                                                                                                                                                                                                                                                                                                                                                                                                                                                                                                                                                                                                                                                                                                                                                                                                                                                                                                                                                                                                                                                                                                                                                                                                                                                                                                                                                                                                                                                                                                                                                                                                                                                                                                                                                                                                                                                                                                                                                                                                                                                                                                                                                                                                                                                                                                                                                                                                                                                                                                                                                                                                                                                                                                                                                                                                                                                                                                                                                                                                                                                                                                                                                                                                                                                                                                                                                                                                                                                                                                                                                                                                                                                                                                                                                   Y -;C		huntersocha_100kuw.objsocha_100kuw_albedo.jpgsocha_100kuw_NormalsMap.jpg2Z ¥™ W97	snowsnow.objsnow_default_color.jpgsnow_default_nmap.jpg?÷ffffff
¿ÃÃÃÃÃÕV 97	snowsnow.objsnow_default_color.jpgsnow_default_nmap.jpg?÷ffffff
¿ÃÃÃÃÃÕ¶ ¥¥X
 '9;fourareenfourareen.objfourareen2K_albedo.jpgfourareen2K_normals.png?ÏÃÃÃÃÃÕ 2ˇ   U97snowsnow.objsnow_default_color.jpgsnow_default_nmap.jpg?÷ffffff
¿ÃÃÃÃÃÕY      ?ÛX≠œ—/Zcﬂßû CPCÙ∞                                                                                                                                                                                                                                                                                                                                                                                                                                                                                                                                                                                                                                                                                                                                                                                                                                                                                                                                                                                                                                                                                                                                                                                                                                                                                                                                                                                                                                                                                                                                                                                                                                                                                                                                                                                                                                                                                                                                                                                                                                                                                                                                                                                                                                                                                                                                                                                                                                                                                                                                                                                                                                                                                                                                                                                                                                                                                                                                                                                                                                                                                                                                                                                                                                                                                                                                                                                                                                                                                                                                                                                                                                                                                                                                                                                   Y -;C		huntersocha_100kuw.objsocha_100kuw_albedo.jpgsocha_100kuw_NormalsMap.jpg2Z ¥™ V97	snowsnow.objsnow_default_color.jpgsnow_default_nmap.jpg?÷ffffff
¿ÃÃÃÃÃW 97	snowsnow.objsnow_default_color.jpgsnow_default_nmap.jpg?÷ffffff
¿ÃÃÃÃÃÕ¶¶ ¥¥X
 '9;fourareenfourareen.objfourareen2K_albedo.jpgfourareen2K_normals.png?ÏÃÃÃÃÃÕ 2ˇ   U97snowsnow.objsnow_default_color.jpgsnow_default_nmap.jpg?÷ffffff
¿ÃÃÃÃÃÕY      ?ÛX≠œ—áæº}ˇ°™ öPöÙ∞                                                                                                                                                                                                                                                                                                                                                                                                                                                                                                                                                                                                                                                                                                                                                                                                                                                                                                                                                                                                                                                                                                                                                                                                                                                                                                                                                                                                                                                                                                                                                                                                                                                                                                                                                                                                                                                                                                                                                                                                                                                                                                                                                                                                                                                                                                                                                                                                                                                                                                                                                                                                                                                                                                                                                                                                                                                                                                                                                                                                                                                                                                                                                                                                                                                                                                                                                                                                                                                                                                                                                                                                                                                                                                                                                                                   Y -;C		huntersocha_100kuw.objsocha_100kuw_albedo.jpgsocha_100kuw_NormalsMap.jpgX -;C		huntersocha_100kuw.objsocha_100kuw_albedo.jpgsocha_100kuw_NormalsMap.jpg2ZZW 97	snowsnow.objsnow_default_color.jpgsnow_default_nmap.jpg?÷ffffff
¿ÃÃÃÃÃÕ¶¶ ¥¥X
 '9;fourareenfourareen.objfourareen2K_albedo.jpgfourareen2K_normals.png?ÏÃÃÃÃÃÕ 2ˇ   U97snowsnow.objsnow_default_color.jpgsnow_default_nmap.jpg?÷ffffff
¿ÃÃÃÃÃÕY      ?ÛX≠œ—–aÖÇTàÀ™ ôPôÙ∞                                                                                                                                                                                                                                                                                                                                                                                                                                                                                                                                                                                                                                                                                                                                                                                                                                                                                                                                                                                                                                                                                                                                                                                                                                                                                                                                                                                                                                                                                                                                                                                                                                                                                                                                                                                                                                                                                                                                                                                                                                                                                                                                                                                                                                                                                                                                                                                                                                                                                                                                                                                                                                                                                                                                                                                                                                                                                                                                                                                                                                                                                                                                                                                                                                                                                                                                                                                                                                                                                                                                                                                                                                                                                                                                                                                   Y -;C		huntersocha_100kuw.objsocha_100kuw_albedo.jpgsocha_100kuw_NormalsMap.jpY -;C		huntersocha_100kuw.objsocha_100kuw_albedo.jpgsocha_100kuw_NormalsMap.jpg2ZZZW 97	snowsnow.objsnow_default_color.jpgsnow_default_nmap.jpg?÷ffffff
¿ÃÃÃÃÃÕ¶¶ ¥¥X
 '9;fourareenfourareen.objfourareen2K_albedo.jpgfourareen2K_normals.png?ÏÃÃÃÃÃÕ 2ˇ   U97snowsnow.objsnow_default_color.jpgsnow_default_nmap.jpg?÷ffffff
¿ÃÃÃÃÃÕY      ?ÛX≠œ—á›ÚËNõ?¡™ òPòÙ∞                                                                                                                                                                                                                                                                                                                                                                                                                                                                                                                                                                                                                                                                                                                                                                                                                                                                                                                                                                                                                                                                                                                                                                                                                                                                                                                                                                                                                                                                                                                                                                                                                                                                                                                                                                                                                                                                                                                                                                                                                                                                                                                                                                                                                                                                                                                                                                                                                                                                                                                                                                                                                                                                                                                                                                                                                                                                                                                                                                                                                                                                                                                                                                                                                                                                                                                                                                                                                                                                                                                                                                                                                                                                                                                                                                                   Y -;C		huntersocha_100kuw.objsocha_100kuw_albedo.jpgsocha_100kuw_NormalsMap.jZ -;C		huntersocha_100kuw.objsocha_100kuw_albedo.jpgsocha_100kuw_NormalsMap.jpg2 ¥ZZW 97	snowsnow.objsnow_default_color.jpgsnow_default_nmap.jpg?÷ffffff
¿ÃÃÃÃÃÕ¶¶ ¥¥X
 '9;fourareenfourareen.objfourareen2K_albedo.jpgfourareen2K_normals.png?ÏÃÃÃÃÃÕ 2ˇ   U97snowsnow.objsnow_default_color.jpgsnow_default_nmap.jpg?÷ffffff
¿ÃÃÃÃÃÕY      ?ÛX≠œ—Î ÷jS`»ß™ òPòÙ∞                                                                                                                                                                                                                                                                                                                                                                                                                                                                                                                                                                                                                                                                                                                                                                                                                                                                                                                                                                                                                                                                                                                                                                                                                                                                                                                                                                                                                                                                                                                                                                                                                                                                                                                                                                                                                                                                                                                                                                                                                                                                                                                                                                                                                                                                                                                                                                                                                                                                                                                                                                                                                                                                                                                                                                                                                                                                                                                                                                                                                                                                                                                                                                                                                                                                                                                                                                                                                                                                                                                                                                                                                                                                                                                                                                                   Y -;C		huntersocha_100kuw.objsocha_100kuw_albedo.jpgsocha_100kuw_NormalsMap.jZ -;C		huntersocha_100kuw.objsocha_100kuw_albedo.jpgsocha_100kuw_NormalsMap.jpg2 ¥ZZW 97	snowsnow.objsnow_default_color.jpgsnow_default_nmap.jpg?÷ffffff
¿ÃÃÃÃÃÕ¶Z ¥¥X
 '9;fourareenfourareen.objfourareen2K_albedo.jpgfourareen2K_normals.png?ÏÃÃÃÃÃÕ 2ˇ   U97snowsnow.objsnow_default_color.jpgsnow_default_nmap.jpg?÷ffffff
¿ÃÃÃÃÃÕY      ?ÛX≠œ—8aÔ4⁄ÄÏu™ òPòÙ∞                                                                                                                                                                                                                                                                                                                                                                                                                                                                                                                                                                                                                                                                                                                                                                                                                                                                                                                                                                                                                                                                                                                                                                                                                                                                                                                                                                                                                                                                                                                                                                                                                                                                                                                                                                                                                                                                                                                                                                                                                                                                                                                                                                                                                                                                                                                                                                                                                                                                                                                                                                                                                                                                                                                                                                                                                                                                                                                                                                                                                                                                                                                                                                                                                                                                                                                                                                                                                                                                                                                                                                                                                                                                                                                                                                                   Y -;C		huntersocha_100kuw.objsocha_100kuw_albedo.jpgsocha_100kuw_NormalsMap.jZ -;C		huntersocha_100kuw.objsocha_100kuw_albedo.jpgsocha_100kuw_NormalsMap.jpg2 ¥Z¶W 97	snowsnow.objsnow_default_color.jpgsnow_default_nmap.jpg?÷ffffff
¿ÃÃÃÃÃÕ¶Z ¥¥X
 '9;fourareenfourareen.objfourareen2K_albedo.jpgfourareen2K_normals.png?ÏÃÃÃÃÃÕ 2ˇ   U97snowsnow.objsnow_default_color.jpgsnow_default_nmap.jpg?÷ffffff
¿ÃÃÃÃÃÕY      ?ÛX≠œ—†Êª∫%™ òPòÙ∞                                                                                                                                                                                                                                                                                                                                                                                                                                                                                                                                                                                                                                                                                                                                                                                                                                                                                                                                                                                                                                                                                                                                                                                                                                                                                                                                                                                                                                                                                                                                                                                                                                                                                                                                                                                                                                                                                                                                                                                                                                                                                                                                                                                                                                                                                                                                                                                                                                                                                                                                                                                                                                                                                                                                                                                                                                                                                                                                                                                                                                                                                                                                                                                                                                                                                                                                                                                                                                                                                                                                                                                                                                                                                                                                                                                   Y -;C		huntersocha_100kuw.objsocha_100kuw_albedo.jpgsocha_100kuw_NormalsMap.jZ -;C		huntersocha_100kuw.objsocha_100kuw_albedo.jpgsocha_100kuw_NormalsMap.jpg2 ¥ZZW 97	snowsnow.objsnow_default_color.jpgsnow_default_nmap.jpg?÷ffffff
¿ÃÃÃÃÃÕ¶Z ¥¥X
 '9;fourareenfourareen.objfourareen2K_albedo.jpgfourareen2K_normals.png?ÏÃÃÃÃÃÕ 2ˇ   U97snowsnow.objsnow_default_color.jpgsnow_default_nmap.jpg?÷ffffff
¿ÃÃÃÃÃÕY      ?ÛX≠œ—’’Y†≠D…™ òPòÙ∞                                                                                                                                                                                                                                                                                                                                                                                                                                                                                                                                                                                                                                                                                                                                                                                                                                                                                                                                                                                                                                                                                                                                                                                                                                                                                                                                                                                                                                                                                                                                                                                                                                                                                                                                                                                                                                                                                                                                                                                                                                                                                                                                                                                                                                                                                                                                                                                                                                                                                                                                                                                                                                                                                                                                                                                                                                                                                                                                                                                                                                                                                                                                                                                                                                                                                                                                                                                                                                                                                                                                                                                                                                                                                                                                                                                   Y -;C		huntersocha_100kuw.objsocha_100kuw_albedo.jpgsocha_100kuw_NormalsMap.jZ -;C		huntersocha_100kuw.objsocha_100kuw_albedo.jpgsocha_100kuw_NormalsMap.jpg2 ¥¶ZW 97	snowsnow.objsnow_default_color.jpgsnow_default_nmap.jpg?÷ffffff
¿ÃÃÃÃÃÕ¶Z ¥¥X
 '9;fourareenfourareen.objfourareen2K_albedo.jpgfourareen2K_normals.png?ÏÃÃÃÃÃÕ 2ˇ   U97snowsnow.objsnow_default_color.jpgsnow_default_nmap.jpg?÷ffffff
¿ÃÃÃÃÃÕY      ?ÛX≠œ—-7ƒÅ¨è™ òPòÙ∞                                                                                                                                                                                                                                                                                                                                                                                                                                                                                                                                                                                                                                                                                                                                                                                                                                                                                                                                                                                                                                                                                                                                                                                                                                                                                                                                                                                                                                                                                                                                                                                                                                                                                                                                                                                                                                                                                                                                                                                                                                                                                                                                                                                                                                                                                                                                                                                                                                                                                                                                                                                                                                                                                                                                                                                                                                                                                                                                                                                                                                                                                                                                                                                                                                                                                                                                                                                                                                                                                                                                                                                                                                                                                                                                                                                   Y -;C		huntersocha_100kuw.objsocha_100kuw_albedo.jpgsocha_100kuw_NormalsMap.jZ -;C		huntersocha_100kuw.objsocha_100kuw_albedo.jpgsocha_100kuw_NormalsMap.jpg2 ¥ZZW 97	snowsnow.objsnow_default_color.jpgsnow_default_nmap.jpg?÷ffffff
¿ÃÃÃÃÃÕ¶Z ¥¥X
 '9;fourareenfourareen.objfourareen2K_albedo.jpgfourareen2K_normals.png?ÏÃÃÃÃÃÕ 2ˇ   U97snowsnow.objsnow_default_color.jpgsnow_default_nmap.jpg?÷ffffff
¿ÃÃÃÃÃÕY      ?ÛX≠œ—ﬁìA,´G)Ω™ òPòÙ∞                                                                                                                                                                                                                                                                                                                                                                                                                                                                                                                                                                                                                                                                                                                                                                                                                                                                                                                                                                                                                                                                                                                                                                                                                                                                                                                                                                                                                                                                                                                                                                                                                                                                                                                                                                                                                                                                                                                                                                                                                                                                                                                                                                                                                                                                                                                                                                                                                                                                                                                                                                                                                                                                                                                                                                                                                                                                                                                                                                                                                                                                                                                                                                                                                                                                                                                                                                                                                                                                                                                                                                                                                                                                                                                                                                                   Y -;C		huntersocha_100kuw.objsocha_100kuw_albedo.jpgsocha_100kuw_NormalsMap.jZ -;C		huntersocha_100kuw.objsocha_100kuw_albedo.jpgsocha_100kuw_NormalsMap.jpg2 ¥-ZW 97	snowsnow.objsnow_default_color.jpgsnow_default_nmap.jpg?÷ffffff
¿ÃÃÃÃÃÕ¶Z ¥¥X
 '9;fourareenfourareen.objfourareen2K_albedo.jpgfourareen2K_normals.png?ÏÃÃÃÃÃÕ 2ˇ   U97snowsnow.objsnow_default_color.jpgsnow_default_nmap.jpg?÷ffffff
¿ÃÃÃÃÃÕY      ?ÛX≠œ—Pù˙æ%O\3™ òPòÙ∞                                                                                                                                                                                                                                                                                                                                                                                                                                                                                                                                                                                                                                                                                                                                                                                                                                                                                                                                                                                                                                                                                                                                                                                                                                                                                                                                                                                                                                                                                                                                                                                                                                                                                                                                                                                                                                                                                                                                                                                                                                                                                                                                                                                                                                                                                                                                                                                                                                                                                                                                                                                                                                                                                                                                                                                                                                                                                                                                                                                                                                                                                                                                                                                                                                                                                                                                                                                                                                                                                                                                                                                                                                                                                                                                                                                   Y -;C		huntersocha_100kuw.objsocha_100kuw_albedo.jpgsocha_100kuw_NormalsMap.jZ -;C		huntersocha_100kuw.objsocha_100kuw_albedo.jpgsocha_100kuw_NormalsMap.jpg2 ¥ZZW 97	snowsnow.objsnow_default_color.jpgsnow_default_nmap.jpg?÷ffffff
¿ÃÃÃÃÃÕ¶Z ¥¥X
 '9;fourareenfourareen.objfourareen2K_albedo.jpgfourareen2K_normals.png?ÏÃÃÃÃÃÕ 2ˇ   U97snowsnow.objsnow_default_color.jpgsnow_default_nmap.jpg?÷ffffff
¿ÃÃÃÃÃÕY      ?ÛX≠œ—¥‹‹ÿ4¥Q™ òPòÙ∞                                                                                                                                                                                                                                                                                                                                                                                                                                                                                                                                                                                                                                                                                                                                                                                                                                                                                                                                                                                                                                                                                                                                                                                                                                                                                                                                                                                                                                                                                                                                                                                                                                                                                                                                                                                                                                                                                                                                                                                                                                                                                                                                                                                                                                                                                                                                                                                                                                                                                                                                                                                                                                                                                                                                                                                                                                                                                                                                                                                                                                                                                                                                                                                                                                                                                                                                                                                                                                                                                                                                                                                                                                                                                                                                                                                   Y -;C		huntersocha_100kuw.objsocha_100kuw_albedo.jpgsocha_100kuw_NormalsMap.jZ -;C		huntersocha_100kuw.objsocha_100kuw_albedo.jpgsocha_100kuw_NormalsMap.jpg2 ¥Z-W 97	snowsnow.objsnow_default_color.jpgsnow_default_nmap.jpg?÷ffffff
¿ÃÃÃÃÃÕ¶Z ¥¥X
 '9;fourareenfourareen.objfourareen2K_albedo.jpgfourareen2K_normals.png?ÏÃÃÃÃÃÕ 2ˇ   U97snowsnow.objsnow_default_color.jpgsnow_default_nmap.jpg?÷ffffff
¿ÃÃÃÃÃÕY      ?ÛX≠œ—ñÄ1[˜™ òPòÙ∞                                                                                                                                                                                                                                                                                                                                                                                                                                                                                                                                                                                                                                                                                                                                                                                                                                                                                                                                                                                                                                                                                                                                                                                                                                                                                                                                                                                                                                                                                                                                                                                                                                                                                                                                                                                                                                                                                                                                                                                                                                                                                                                                                                                                                                                                                                                                                                                                                                                                                                                                                                                                                                                                                                                                                                                                                                                                                                                                                                                                                                                                                                                                                                                                                                                                                                                                                                                                                                                                                                                                                                                                                                                                                                                                                                                   Y -;C		huntersocha_100kuw.objsocha_100kuw_albedo.jpgsocha_100kuw_NormalsMap.jZ -;C		huntersocha_100kuw.objsocha_100kuw_albedo.jpgsocha_100kuw_NormalsMap.jpg2 ¥ZZW 97	snowsnow.objsnow_default_color.jpgsnow_default_nmap.jpg?÷ffffff
¿ÃÃÃÃÃÕ¶Z ¥¥X
 '9;fourareenfourareen.objfourareen2K_albedo.jpgfourareen2K_normals.png?ÏÃÃÃÃÃÕ 2ˇ   U97snowsnow.objsnow_default_color.jpgsnow_default_nmap.jpg?÷ffffff
¿ÃÃÃÃÃÕY      ?ÛX≠œ—J :§∞Î|Ö™ òPòÙ∞                                                                                                                                                                                                                                                                                                                                                                                                                                                                                                                                                                                                                                                                                                                                                                                                                                                                                                                                                                                                                                                                                                                                                                                                                                                                                                                                                                                                                                                                                                                                                                                                                                                                                                                                                                                                                                                                                                                                                                                                                                                                                                                                                                                                                                                                                                                                                                                                                                                                                                                                                                                                                                                                                                                                                                                                                                                                                                                                                                                                                                                                                                                                                                                                                                                                                                                                                                                                                                                                                                                                                                                                                                                                                                                                                                                   Y -;C		huntersocha_100kuw.objsocha_100kuw_albedo.jpgsocha_100kuw_NormalsMap.jZ -;C		huntersocha_100kuw.objsocha_100kuw_albedo.jpgsocha_100kuw_NormalsMap.jpg2 áZZW 97	snowsnow.objsnow_default_color.jpgsnow_default_nmap.jpg?÷ffffff
¿ÃÃÃÃÃÕ¶Z ¥¥X
 '9;fourareenfourareen.objfourareen2K_albedo.jpgfourareen2K_normals.png?ÏÃÃÃÃÃÕ 2ˇ   U97snowsnow.objsnow_default_color.jpgsnow_default_nmap.jpg?÷ffffff
¿ÃÃÃÃÃÕY      ?ÛX≠œ—B
z€™ òPòÙ∞                                                                                                                                                                                                                                                                                                                                                                                                                                                                                                                                                                                                                                                                                                                                                                                                                                                                                                                                                                                                                                                                                                                                                                                                                                                                                                                                                                                                                                                                                                                                                                                                                                                                                                                                                                                                                                                                                                                                                                                                                                                                                                                                                                                                                                                                                                                                                                                                                                                                                                                                                                                                                                                                                                                                                                                                                                                                                                                                                                                                                                                                                                                                                                                                                                                                                                                                                                                                                                                                                                                                                                                                                                                                                                                                                                                   Y -;C		huntersocha_100kuw.objsocha_100kuw_albedo.jpgsocha_100kuw_NormalsMap.jZ -;C		huntersocha_100kuw.objsocha_100kuw_albedo.jpgsocha_100kuw_NormalsMap.jpg2 ¥ZZW 97	snowsnow.objsnow_default_color.jpgsnow_default_nmap.jpg?÷ffffff
¿ÃÃÃÃÃÕ¶Z ¥¥X
 '9;fourareenfourareen.objfourareen2K_albedo.jpgfourareen2K_normals.png?ÏÃÃÃÃÃÕ 2ˇ   U97snowsnow.objsnow_default_color.jpgsnow_default_nmap.jpg?÷ffffff
¿ÃÃÃÃÃÕY      ?ÛX≠œ—…q"ˆlŒUÕ™ òPòÙ∞                                                                                                                                                                                                                                                                                                                                                                                                                                                                                                                                                                                                                                                                                                                                                                                                                                                                                                                                                                                                                                                                                                                                                                                                                                                                                                                                                                                                                                                                                                                                                                                                                                                                                                                                                                                                                                                                                                                                                                                                                                                                                                                                                                                                                                                                                                                                                                                                                                                                                                                                                                                                                                                                                                                                                                                                                                                                                                                                                                                                                                                                                                                                                                                                                                                                                                                                                                                                                                                                                                                                                                                                                                                                                                                                                                                   Y -;C		huntersocha_100kuw.objsocha_100kuw_albedo.jpgsocha_100kuw_NormalsMap.jZ -;C		huntersocha_100kuw.objsocha_100kuw_albedo.jpgsocha_100kuw_NormalsMap.jpg2 ¥ZZW 97	snowsnow.objsnow_default_color.jpgsnow_default_nmap.jpg?÷ffffff
¿ffffff¶Z ¥¥X
 '9;fourareenfourareen.objfourareen2K_albedo.jpgfourareen2K_normals.png?ÏÃÃÃÃÃÕ 2ˇ   U97snowsnow.objsnow_default_color.jpgsnow_default_nmap.jpg?÷ffffff
¿ÃÃÃÃÃÕY      ?ÛX≠œ—ªPLë$~~Ù òPò˚∞                                                                                                                                                                                                                                                                                                                                                                                                                                                                                                                                                                                                                                                                                                                                                                                                                                                                                                                                                                                                                                                                                                                                                                                                                                                                                                                                                                                                                                                                                                                                                                                                                                                                                                                                                                                                                                                                                                                                                                                                                                                                                                                                                                                                                                                                                                                                                                                                                                                                                                                                                                                                                                                                                                                                                                                                                                                                                                                                                                                                                                                                                                                                                                                                                                                                                                                                                                                                                                                                                                                                                                                                                                                                                                                                                                                   Y -;C		huntersocha_100kuw.objsocha_100kuw_albedo.jpgsocha_100kuw_NormalsMap.jZ -;C		huntersocha_100kuw.objsocha_100kuw_albedo.jpgsocha_100kuw_NormalsMap.jpg2 ¥ZZ™ 9P 97	snowsnow.objsnow_default_color.jpgsnow_default_nmap.jpg?÷ffffff
˚¶Z ¥¥X
 '9;fourareenfourareen.objfourareen2K_albedo.jpgfourareen2K_normals.png?ÏÃÃÃÃÃÕ 2ˇ   U97snowsnow.objsnow_default_color.jpgsnow_default_nmap.jpg?÷ffffff
¿ÃÃÃÃÃÕY      ?ÛX≠œ—øñgáñFÜ ™ òPòÙ∞                                                                                                                                                                                                                                                                                                                                                                                                                                                                                                                                                                                                                                                                                                                                                                                                                                                                                                                                                                                                                                                                                                                                                                                                                                                                                                                                                                                                                                                                                                                                                                                                                                                                                                                                                                                                                                                                                                                                                                                                                                                                                                                                                                                                                                                                                                                                                                                                                                                                                                                                                                                                                                                                                                                                                                                                                                                                                                                                                                                                                                                                                                                                                                                                                                                                                                                                                                                                                                                                                                                                                                                                                                                                                                                                                                                   Y -;C		huntersocha_100kuw.objsocha_100kuw_albedo.jpgsocha_100kuw_NormalsMap.jZ -;C		huntersocha_100kuw.objsocha_100kuw_albedo.jpgsocha_100kuw_NormalsMap.jpg2 ¥ZZW 97	snowsnow.objsnow_default_color.jpgsnow_default_nmap.jpg?÷ffffff
¿ÃÃÃÃÃÕ¶Z ¥¥X
 '9;fourareenfourareen.objfourareen2K_albedo.jpgfourareen2K_normals.png?ÏÃÃÃÃÃÕ 2ˇ   U97snowsnow.objsnow_default_color.jpgsnow_default_nmap.jpg?÷ffffff
¿ÃÃÃÃÃÕY      ?ÛX≠œ—‘ÿù{∑”t™ êPêÙ∞                                                                                                                                                                                                                                                                                                                                                                                                                                                                                                                                                                                                                                                                                                                                                                                                                                                                                                                                                                                                                                                                                                                                                                                                                                                                                                                                                                                                                                                                                                                                                                                                                                                                                                                                                                                                                                                                                                                                                                                                                                                                                                                                                                                                                                                                                                                                                                                                                                                                                                                                                                                                                                                                                                                                                                                                                                                                                                                                                                                                                                                                                                                                                                                                                                                                                                                                                                                                                                                                                                                                                                                                                                                                                                                                                                                   Y -;C		huntersocha_100kuw.objsocha_100kuw_albedo.jpgsocha_100kuw_Normb -;C		huntersocha_100kuw.objsocha_100kuw_albedo.jpgsocha_100kuw_NormalsMap.jpg2¿ÃÃÃÃÃÕ ¥ZZW 97	snowsnow.objsnow_default_color.jpgsnow_default_nmap.jpg?÷ffffff
¿ÃÃÃÃÃÕ¶Z ¥¥X
 '9;fourareenfourareen.objfourareen2K_albedo.jpgfourareen2K_normals.png?ÏÃÃÃÃÃÕ 2ˇ   U97snowsnow.objsnow_default_color.jpgsnow_default_nmap.jpg?÷ffffff
¿ÃÃÃÃÃÕY